venue_id,city,date,hour_local,temperature_c,temperature_f,humidity_pct
1,Toronto,2026-06-11,10,18.1,64.58,72
1,Toronto,2026-06-11,11,18.8,65.84,70.4
1,Toronto,2026-06-11,12,19.3,66.74,68.5
1,Toronto,2026-06-11,13,19.9,67.82,66.5
1,Toronto,2026-06-11,14,20.1,68.18,65.9
1,Toronto,2026-06-11,15,20.3,68.54,66
1,Toronto,2026-06-11,16,20.2,68.36,66.8
1,Toronto,2026-06-11,17,20,68,68
1,Toronto,2026-06-11,18,19.9,67.82,68.7
1,Toronto,2026-06-11,19,19.6,67.28,70
1,Toronto,2026-06-11,20,19.1,66.38,72.8
1,Toronto,2026-06-11,21,18.1,64.58,75.7
1,Toronto,2026-06-11,22,17.7,63.86,76.8
1,Toronto,2026-06-12,10,17.9,64.22,77.3
1,Toronto,2026-06-12,11,18.5,65.3,75.8
1,Toronto,2026-06-12,12,19.1,66.38,73.9
1,Toronto,2026-06-12,13,19.5,67.1,72.3
1,Toronto,2026-06-12,14,19.9,67.82,70.1
1,Toronto,2026-06-12,15,19.9,67.82,69.6
1,Toronto,2026-06-12,16,19.9,67.82,69.6
1,Toronto,2026-06-12,17,19.6,67.28,70.3
1,Toronto,2026-06-12,18,19.5,67.1,70.3
1,Toronto,2026-06-12,19,19.2,66.56,70.3
1,Toronto,2026-06-12,20,18.5,65.3,72
1,Toronto,2026-06-12,21,17.6,63.68,73.3
1,Toronto,2026-06-12,22,17.2,62.96,74.3
1,Toronto,2026-06-13,10,17.8,64.04,75.2
1,Toronto,2026-06-13,11,18.6,65.48,72.8
1,Toronto,2026-06-13,12,19.2,66.56,70.4
1,Toronto,2026-06-13,13,19.7,67.46,68.5
1,Toronto,2026-06-13,14,19.9,67.82,67.6
1,Toronto,2026-06-13,15,19.9,67.82,66.6
1,Toronto,2026-06-13,16,19.8,67.64,67.7
1,Toronto,2026-06-13,17,19.7,67.46,67.8
1,Toronto,2026-06-13,18,19.6,67.28,66.2
1,Toronto,2026-06-13,19,19.4,66.92,67
1,Toronto,2026-06-13,20,18.7,65.66,70.8
1,Toronto,2026-06-13,21,18,64.4,73.5
1,Toronto,2026-06-13,22,17.4,63.32,76
1,Toronto,2026-06-14,10,17.5,63.5,69.6
1,Toronto,2026-06-14,11,18.2,64.76,66.7
1,Toronto,2026-06-14,12,18.7,65.66,65.1
1,Toronto,2026-06-14,13,19,66.2,64.3
1,Toronto,2026-06-14,14,19.4,66.92,62.8
1,Toronto,2026-06-14,15,19.7,67.46,61.4
1,Toronto,2026-06-14,16,19.7,67.46,60.1
1,Toronto,2026-06-14,17,19.7,67.46,60.8
1,Toronto,2026-06-14,18,19.5,67.1,60.6
1,Toronto,2026-06-14,19,19.2,66.56,62.2
1,Toronto,2026-06-14,20,18.6,65.48,66.2
1,Toronto,2026-06-14,21,17.8,64.04,68.3
1,Toronto,2026-06-14,22,17.2,62.96,69.8
1,Toronto,2026-06-15,10,18.2,64.76,68.1
1,Toronto,2026-06-15,11,18.6,65.48,66.4
1,Toronto,2026-06-15,12,19,66.2,64.2
1,Toronto,2026-06-15,13,19.4,66.92,63.2
1,Toronto,2026-06-15,14,19.9,67.82,62.2
1,Toronto,2026-06-15,15,20.1,68.18,62.7
1,Toronto,2026-06-15,16,20.3,68.54,62.1
1,Toronto,2026-06-15,17,20.2,68.36,63.1
1,Toronto,2026-06-15,18,19.9,67.82,65
1,Toronto,2026-06-15,19,19.6,67.28,67.3
1,Toronto,2026-06-15,20,19,66.2,69.8
1,Toronto,2026-06-15,21,18.2,64.76,70.5
1,Toronto,2026-06-15,22,17.6,63.68,72.8
1,Toronto,2026-06-16,10,18.8,65.84,75.5
1,Toronto,2026-06-16,11,19.6,67.28,72.7
1,Toronto,2026-06-16,12,20.2,68.36,71
1,Toronto,2026-06-16,13,20.7,69.26,69.1
1,Toronto,2026-06-16,14,20.9,69.62,67.4
1,Toronto,2026-06-16,15,21.1,69.98,65.3
1,Toronto,2026-06-16,16,21.4,70.52,63
1,Toronto,2026-06-16,17,21.4,70.52,62.1
1,Toronto,2026-06-16,18,21.1,69.98,63.8
1,Toronto,2026-06-16,19,20.7,69.26,65.8
1,Toronto,2026-06-16,20,19.9,67.82,67.5
1,Toronto,2026-06-16,21,18.8,65.84,69.9
1,Toronto,2026-06-16,22,18.3,64.94,70.6
1,Toronto,2026-06-17,10,19.4,66.92,70.7
1,Toronto,2026-06-17,11,20.2,68.36,67
1,Toronto,2026-06-17,12,20.9,69.62,65.2
1,Toronto,2026-06-17,13,21.4,70.52,63.7
1,Toronto,2026-06-17,14,21.8,71.24,61.5
1,Toronto,2026-06-17,15,22,71.6,61.2
1,Toronto,2026-06-17,16,22.1,71.78,61.4
1,Toronto,2026-06-17,17,21.9,71.42,62.9
1,Toronto,2026-06-17,18,21.7,71.06,63.8
1,Toronto,2026-06-17,19,21.1,69.98,65.5
1,Toronto,2026-06-17,20,20.3,68.54,68.8
1,Toronto,2026-06-17,21,19.5,67.1,70.3
1,Toronto,2026-06-17,22,18.9,66.02,72.3
1,Toronto,2026-06-18,10,19.4,66.92,73.5
1,Toronto,2026-06-18,11,20.1,68.18,71.7
1,Toronto,2026-06-18,12,20.4,68.72,71
1,Toronto,2026-06-18,13,20.8,69.44,69.6
1,Toronto,2026-06-18,14,21.2,70.16,68
1,Toronto,2026-06-18,15,21.6,70.88,67
1,Toronto,2026-06-18,16,21.8,71.24,67
1,Toronto,2026-06-18,17,21.7,71.06,68.5
1,Toronto,2026-06-18,18,21.5,70.7,69.7
1,Toronto,2026-06-18,19,21.1,69.98,72
1,Toronto,2026-06-18,20,20.6,69.08,73.6
1,Toronto,2026-06-18,21,19.7,67.46,75
1,Toronto,2026-06-18,22,19.3,66.74,75.8
1,Toronto,2026-06-19,10,19.9,67.82,70.8
1,Toronto,2026-06-19,11,20.5,68.9,68.6
1,Toronto,2026-06-19,12,21,69.8,67.2
1,Toronto,2026-06-19,13,21.4,70.52,65.7
1,Toronto,2026-06-19,14,21.7,71.06,64.5
1,Toronto,2026-06-19,15,21.9,71.42,63.6
1,Toronto,2026-06-19,16,22,71.6,63.1
1,Toronto,2026-06-19,17,22,71.6,62.4
1,Toronto,2026-06-19,18,21.7,71.06,64.1
1,Toronto,2026-06-19,19,21,69.8,67.2
1,Toronto,2026-06-19,20,20.4,68.72,69
1,Toronto,2026-06-19,21,19.5,67.1,71.7
1,Toronto,2026-06-19,22,19.1,66.38,73.2
1,Toronto,2026-06-20,10,19.5,67.1,71
1,Toronto,2026-06-20,11,19.9,67.82,69.8
1,Toronto,2026-06-20,12,20.7,69.26,68
1,Toronto,2026-06-20,13,21.1,69.98,66
1,Toronto,2026-06-20,14,21.5,70.7,65
1,Toronto,2026-06-20,15,21.5,70.7,65.1
1,Toronto,2026-06-20,16,21.5,70.7,66.3
1,Toronto,2026-06-20,17,21.5,70.7,66.2
1,Toronto,2026-06-20,18,21.2,70.16,67.5
1,Toronto,2026-06-20,19,20.8,69.44,69.8
1,Toronto,2026-06-20,20,20.1,68.18,72.2
1,Toronto,2026-06-20,21,19.2,66.56,75.5
1,Toronto,2026-06-20,22,18.8,65.84,75.7
1,Toronto,2026-06-21,10,20.1,68.18,73.5
1,Toronto,2026-06-21,11,20.9,69.62,70.5
1,Toronto,2026-06-21,12,21.5,70.7,68.5
1,Toronto,2026-06-21,13,21.9,71.42,67.1
1,Toronto,2026-06-21,14,22.3,72.14,65.2
1,Toronto,2026-06-21,15,22.5,72.5,64.3
1,Toronto,2026-06-21,16,22.6,72.68,63.1
1,Toronto,2026-06-21,17,22.5,72.5,62.6
1,Toronto,2026-06-21,18,22.1,71.78,63.2
1,Toronto,2026-06-21,19,21.6,70.88,65.1
1,Toronto,2026-06-21,20,20.9,69.62,68.3
1,Toronto,2026-06-21,21,20,68,70.8
1,Toronto,2026-06-21,22,19.4,66.92,72.2
1,Toronto,2026-06-22,10,19.9,67.82,72.2
1,Toronto,2026-06-22,11,20.4,68.72,69.3
1,Toronto,2026-06-22,12,20.7,69.26,68.5
1,Toronto,2026-06-22,13,21.1,69.98,67.2
1,Toronto,2026-06-22,14,21.3,70.34,66.7
1,Toronto,2026-06-22,15,21.8,71.24,64.2
1,Toronto,2026-06-22,16,21.7,71.06,64.8
1,Toronto,2026-06-22,17,21.6,70.88,64.5
1,Toronto,2026-06-22,18,21.7,71.06,64.5
1,Toronto,2026-06-22,19,21.2,70.16,67
1,Toronto,2026-06-22,20,20.8,69.44,68.5
1,Toronto,2026-06-22,21,19.8,67.64,71.7
1,Toronto,2026-06-22,22,19.1,66.38,74
1,Toronto,2026-06-23,10,19.8,67.64,76.3
1,Toronto,2026-06-23,11,20.4,68.72,74
1,Toronto,2026-06-23,12,20.8,69.44,72.5
1,Toronto,2026-06-23,13,21.2,70.16,70.4
1,Toronto,2026-06-23,14,21.5,70.7,68.6
1,Toronto,2026-06-23,15,21.9,71.42,67.5
1,Toronto,2026-06-23,16,21.9,71.42,67.1
1,Toronto,2026-06-23,17,21.7,71.06,68.6
1,Toronto,2026-06-23,18,21.5,70.7,70
1,Toronto,2026-06-23,19,21.2,70.16,70.8
1,Toronto,2026-06-23,20,20.8,69.44,73.3
1,Toronto,2026-06-23,21,20.1,68.18,75
1,Toronto,2026-06-23,22,19.8,67.64,75.8
1,Toronto,2026-06-24,10,20.2,68.36,73.1
1,Toronto,2026-06-24,11,21,69.8,69.5
1,Toronto,2026-06-24,12,21.6,70.88,66.9
1,Toronto,2026-06-24,13,22.1,71.78,64.5
1,Toronto,2026-06-24,14,22.5,72.5,62.6
1,Toronto,2026-06-24,15,23,73.4,61.5
1,Toronto,2026-06-24,16,22.9,73.22,61.8
1,Toronto,2026-06-24,17,22.7,72.86,62.6
1,Toronto,2026-06-24,18,22.6,72.68,63.8
1,Toronto,2026-06-24,19,22.4,72.32,65.5
1,Toronto,2026-06-24,20,21.7,71.06,68.4
1,Toronto,2026-06-24,21,20.8,69.44,70.2
1,Toronto,2026-06-24,22,20.1,68.18,72.7
1,Toronto,2026-06-25,10,20.6,69.08,72.2
1,Toronto,2026-06-25,11,21.1,69.98,70.5
1,Toronto,2026-06-25,12,21.8,71.24,67.3
1,Toronto,2026-06-25,13,22.2,71.96,65.4
1,Toronto,2026-06-25,14,22.7,72.86,63.2
1,Toronto,2026-06-25,15,22.7,72.86,63.7
1,Toronto,2026-06-25,16,22.5,72.5,66.2
1,Toronto,2026-06-25,17,22.4,72.32,66.8
1,Toronto,2026-06-25,18,22.2,71.96,68
1,Toronto,2026-06-25,19,21.7,71.06,71.5
1,Toronto,2026-06-25,20,21,69.8,74.6
1,Toronto,2026-06-25,21,20.3,68.54,75.3
1,Toronto,2026-06-25,22,19.8,67.64,76.2
1,Toronto,2026-06-26,10,21.1,69.98,73.6
1,Toronto,2026-06-26,11,21.9,71.42,70.1
1,Toronto,2026-06-26,12,22.5,72.5,67.5
1,Toronto,2026-06-26,13,22.9,73.22,65.7
1,Toronto,2026-06-26,14,23.2,73.76,64.5
1,Toronto,2026-06-26,15,23.2,73.76,64.8
1,Toronto,2026-06-26,16,23.2,73.76,65.7
1,Toronto,2026-06-26,17,23.1,73.58,66.5
1,Toronto,2026-06-26,18,22.7,72.86,67.8
1,Toronto,2026-06-26,19,22.4,72.32,69.6
1,Toronto,2026-06-26,20,21.9,71.42,72.3
1,Toronto,2026-06-26,21,21.1,69.98,74.2
1,Toronto,2026-06-26,22,20.4,68.72,77.3
1,Toronto,2026-06-27,10,20.8,69.44,75.2
1,Toronto,2026-06-27,11,21.4,70.52,72.6
1,Toronto,2026-06-27,12,22.1,71.78,70
1,Toronto,2026-06-27,13,22.3,72.14,69
1,Toronto,2026-06-27,14,22.7,72.86,67.5
1,Toronto,2026-06-27,15,22.8,73.04,67.5
1,Toronto,2026-06-27,16,23,73.4,66.5
1,Toronto,2026-06-27,17,22.8,73.04,67.3
1,Toronto,2026-06-27,18,22.6,72.68,67.8
1,Toronto,2026-06-27,19,22.1,71.78,69.8
1,Toronto,2026-06-27,20,21.5,70.7,71
1,Toronto,2026-06-27,21,20.6,69.08,72.8
1,Toronto,2026-06-27,22,20,68,75.2
2,Vancouver,2026-06-11,10,14.9,58.82,75.5
2,Vancouver,2026-06-11,11,15.3,59.54,74.8
2,Vancouver,2026-06-11,12,15.9,60.62,73.2
2,Vancouver,2026-06-11,13,16.3,61.34,70.7
2,Vancouver,2026-06-11,14,16.9,62.42,67.8
2,Vancouver,2026-06-11,15,17.1,62.78,66.3
2,Vancouver,2026-06-11,16,17.3,63.14,65
2,Vancouver,2026-06-11,17,17.3,63.14,63.9
2,Vancouver,2026-06-11,18,17.3,63.14,64.3
2,Vancouver,2026-06-11,19,16.8,62.24,66.2
2,Vancouver,2026-06-11,20,16.2,61.16,69.3
2,Vancouver,2026-06-11,21,15.3,59.54,75.4
2,Vancouver,2026-06-11,22,14.6,58.28,79
2,Vancouver,2026-06-12,10,15.3,59.54,73.3
2,Vancouver,2026-06-12,11,15.8,60.44,72
2,Vancouver,2026-06-12,12,16.4,61.52,70.5
2,Vancouver,2026-06-12,13,16.9,62.42,67.9
2,Vancouver,2026-06-12,14,17.5,63.5,65.5
2,Vancouver,2026-06-12,15,17.8,64.04,64.3
2,Vancouver,2026-06-12,16,18,64.4,64.2
2,Vancouver,2026-06-12,17,18,64.4,63
2,Vancouver,2026-06-12,18,17.7,63.86,63.5
2,Vancouver,2026-06-12,19,17.3,63.14,65.3
2,Vancouver,2026-06-12,20,16.6,61.88,68.5
2,Vancouver,2026-06-12,21,15.7,60.26,73
2,Vancouver,2026-06-12,22,14.8,58.64,78
2,Vancouver,2026-06-13,10,14.6,58.28,79.3
2,Vancouver,2026-06-13,11,15.2,59.36,77.5
2,Vancouver,2026-06-13,12,15.6,60.08,75.6
2,Vancouver,2026-06-13,13,16.1,60.98,72.8
2,Vancouver,2026-06-13,14,16.6,61.88,69.7
2,Vancouver,2026-06-13,15,16.9,62.42,66.6
2,Vancouver,2026-06-13,16,17.2,62.96,63.9
2,Vancouver,2026-06-13,17,17.1,62.78,63.9
2,Vancouver,2026-06-13,18,16.8,62.24,63.7
2,Vancouver,2026-06-13,19,16.4,61.52,65.7
2,Vancouver,2026-06-13,20,15.7,60.26,69.1
2,Vancouver,2026-06-13,21,14.9,58.82,74.7
2,Vancouver,2026-06-13,22,14,57.2,78.5
2,Vancouver,2026-06-14,10,13.8,56.84,74.5
2,Vancouver,2026-06-14,11,14.2,57.56,72.5
2,Vancouver,2026-06-14,12,14.8,58.64,70.2
2,Vancouver,2026-06-14,13,15.3,59.54,67.2
2,Vancouver,2026-06-14,14,15.8,60.44,65.4
2,Vancouver,2026-06-14,15,16.2,61.16,64.2
2,Vancouver,2026-06-14,16,16.4,61.52,63.4
2,Vancouver,2026-06-14,17,16.3,61.34,63.2
2,Vancouver,2026-06-14,18,16,60.8,63.8
2,Vancouver,2026-06-14,19,15.6,60.08,66
2,Vancouver,2026-06-14,20,15,59,68.6
2,Vancouver,2026-06-14,21,14.3,57.74,74.4
2,Vancouver,2026-06-14,22,13.5,56.3,78.5
2,Vancouver,2026-06-15,10,14.6,58.28,75.5
2,Vancouver,2026-06-15,11,15.2,59.36,73.8
2,Vancouver,2026-06-15,12,15.6,60.08,72
2,Vancouver,2026-06-15,13,15.8,60.44,71.2
2,Vancouver,2026-06-15,14,16.4,61.52,67.5
2,Vancouver,2026-06-15,15,16.8,62.24,65.2
2,Vancouver,2026-06-15,16,17.1,62.78,64.6
2,Vancouver,2026-06-15,17,17,62.6,64.9
2,Vancouver,2026-06-15,18,16.9,62.42,65.1
2,Vancouver,2026-06-15,19,16.5,61.7,66.2
2,Vancouver,2026-06-15,20,15.9,60.62,70.7
2,Vancouver,2026-06-15,21,15.3,59.54,73.4
2,Vancouver,2026-06-15,22,14.6,58.28,77.2
2,Vancouver,2026-06-16,10,15.1,59.18,75.1
2,Vancouver,2026-06-16,11,15.6,60.08,73.3
2,Vancouver,2026-06-16,12,16.3,61.34,71.5
2,Vancouver,2026-06-16,13,16.7,62.06,70.8
2,Vancouver,2026-06-16,14,17,62.6,69.8
2,Vancouver,2026-06-16,15,17.4,63.32,68
2,Vancouver,2026-06-16,16,17.6,63.68,66
2,Vancouver,2026-06-16,17,17.7,63.86,64.3
2,Vancouver,2026-06-16,18,17.5,63.5,65
2,Vancouver,2026-06-16,19,17,62.6,67
2,Vancouver,2026-06-16,20,16.4,61.52,70
2,Vancouver,2026-06-16,21,15.5,59.9,75.5
2,Vancouver,2026-06-16,22,14.6,58.28,79.3
2,Vancouver,2026-06-17,10,15.1,59.18,72.8
2,Vancouver,2026-06-17,11,15.8,60.44,71.3
2,Vancouver,2026-06-17,12,16.4,61.52,69.5
2,Vancouver,2026-06-17,13,16.9,62.42,67.8
2,Vancouver,2026-06-17,14,17.4,63.32,65.6
2,Vancouver,2026-06-17,15,17.7,63.86,64.8
2,Vancouver,2026-06-17,16,17.8,64.04,64.1
2,Vancouver,2026-06-17,17,17.7,63.86,63.9
2,Vancouver,2026-06-17,18,17.5,63.5,64.2
2,Vancouver,2026-06-17,19,17.1,62.78,66
2,Vancouver,2026-06-17,20,16.6,61.88,68.7
2,Vancouver,2026-06-17,21,15.8,60.44,72.7
2,Vancouver,2026-06-17,22,14.9,58.82,77.2
2,Vancouver,2026-06-18,10,14.8,58.64,75.9
2,Vancouver,2026-06-18,11,15.4,59.72,73.7
2,Vancouver,2026-06-18,12,16,60.8,71.2
2,Vancouver,2026-06-18,13,16.4,61.52,69.3
2,Vancouver,2026-06-18,14,16.9,62.42,66.8
2,Vancouver,2026-06-18,15,17.1,62.78,66
2,Vancouver,2026-06-18,16,17.2,62.96,64.8
2,Vancouver,2026-06-18,17,17.2,62.96,63.3
2,Vancouver,2026-06-18,18,16.9,62.42,65
2,Vancouver,2026-06-18,19,16.5,61.7,66.9
2,Vancouver,2026-06-18,20,15.9,60.62,70.5
2,Vancouver,2026-06-18,21,15.2,59.36,76.2
2,Vancouver,2026-06-18,22,14.6,58.28,78.2
2,Vancouver,2026-06-19,10,15.6,60.08,73.5
2,Vancouver,2026-06-19,11,16,60.8,71.8
2,Vancouver,2026-06-19,12,16.6,61.88,70.2
2,Vancouver,2026-06-19,13,17.1,62.78,67.5
2,Vancouver,2026-06-19,14,17.5,63.5,64.5
2,Vancouver,2026-06-19,15,17.9,64.22,62.7
2,Vancouver,2026-06-19,16,18.1,64.58,62
2,Vancouver,2026-06-19,17,18,64.4,62.1
2,Vancouver,2026-06-19,18,18,64.4,62.4
2,Vancouver,2026-06-19,19,17.6,63.68,65.3
2,Vancouver,2026-06-19,20,16.9,62.42,69.5
2,Vancouver,2026-06-19,21,16,60.8,75
2,Vancouver,2026-06-19,22,15.1,59.18,80.5
2,Vancouver,2026-06-20,10,16.5,61.7,74.8
2,Vancouver,2026-06-20,11,17,62.6,72.5
2,Vancouver,2026-06-20,12,17.5,63.5,70.5
2,Vancouver,2026-06-20,13,18,64.4,68.2
2,Vancouver,2026-06-20,14,18.6,65.48,65
2,Vancouver,2026-06-20,15,19,66.2,63.3
2,Vancouver,2026-06-20,16,19.1,66.38,62.4
2,Vancouver,2026-06-20,17,18.9,66.02,63
2,Vancouver,2026-06-20,18,18.7,65.66,64.3
2,Vancouver,2026-06-20,19,18.3,64.94,66.3
2,Vancouver,2026-06-20,20,17.8,64.04,69.7
2,Vancouver,2026-06-20,21,16.9,62.42,73.5
2,Vancouver,2026-06-20,22,16.1,60.98,77
2,Vancouver,2026-06-21,10,16.9,62.42,70.6
2,Vancouver,2026-06-21,11,17.6,63.68,68.9
2,Vancouver,2026-06-21,12,18,64.4,67.3
2,Vancouver,2026-06-21,13,18.7,65.66,64.5
2,Vancouver,2026-06-21,14,19,66.2,62.9
2,Vancouver,2026-06-21,15,19.3,66.74,61.8
2,Vancouver,2026-06-21,16,19.4,66.92,61.5
2,Vancouver,2026-06-21,17,19.3,66.74,61.4
2,Vancouver,2026-06-21,18,19.1,66.38,61.3
2,Vancouver,2026-06-21,19,18.7,65.66,63.2
2,Vancouver,2026-06-21,20,18.1,64.58,67.3
2,Vancouver,2026-06-21,21,17.3,63.14,71.5
2,Vancouver,2026-06-21,22,16.3,61.34,74.8
2,Vancouver,2026-06-22,10,16.3,61.34,72.7
2,Vancouver,2026-06-22,11,16.9,62.42,70.6
2,Vancouver,2026-06-22,12,17.6,63.68,69.3
2,Vancouver,2026-06-22,13,18.1,64.58,66.5
2,Vancouver,2026-06-22,14,18.6,65.48,64.1
2,Vancouver,2026-06-22,15,18.8,65.84,62.5
2,Vancouver,2026-06-22,16,19,66.2,62
2,Vancouver,2026-06-22,17,18.9,66.02,61.7
2,Vancouver,2026-06-22,18,18.5,65.3,62.2
2,Vancouver,2026-06-22,19,18.1,64.58,63.8
2,Vancouver,2026-06-22,20,17.5,63.5,66.9
2,Vancouver,2026-06-22,21,16.6,61.88,72.1
2,Vancouver,2026-06-22,22,15.6,60.08,77.3
2,Vancouver,2026-06-23,10,16.6,61.88,68.1
2,Vancouver,2026-06-23,11,17.3,63.14,67.3
2,Vancouver,2026-06-23,12,17.7,63.86,67.6
2,Vancouver,2026-06-23,13,18.2,64.76,66.2
2,Vancouver,2026-06-23,14,18.7,65.66,63.9
2,Vancouver,2026-06-23,15,18.9,66.02,62.6
2,Vancouver,2026-06-23,16,19,66.2,61.9
2,Vancouver,2026-06-23,17,18.9,66.02,60.5
2,Vancouver,2026-06-23,18,18.7,65.66,61.4
2,Vancouver,2026-06-23,19,18.2,64.76,63.9
2,Vancouver,2026-06-23,20,17.6,63.68,67.4
2,Vancouver,2026-06-23,21,16.8,62.24,71.8
2,Vancouver,2026-06-23,22,15.9,60.62,76
2,Vancouver,2026-06-24,10,16.3,61.34,76.2
2,Vancouver,2026-06-24,11,16.9,62.42,75.4
2,Vancouver,2026-06-24,12,17.4,63.32,73.2
2,Vancouver,2026-06-24,13,17.9,64.22,71.2
2,Vancouver,2026-06-24,14,18.5,65.3,67.9
2,Vancouver,2026-06-24,15,19,66.2,65.8
2,Vancouver,2026-06-24,16,19.1,66.38,65.2
2,Vancouver,2026-06-24,17,18.9,66.02,65.1
2,Vancouver,2026-06-24,18,18.7,65.66,66
2,Vancouver,2026-06-24,19,18.4,65.12,68.1
2,Vancouver,2026-06-24,20,17.8,64.04,70.9
2,Vancouver,2026-06-24,21,17,62.6,74.7
2,Vancouver,2026-06-24,22,16.1,60.98,80.2
2,Vancouver,2026-06-25,10,17.6,63.68,73.6
2,Vancouver,2026-06-25,11,18.3,64.94,72.3
2,Vancouver,2026-06-25,12,18.8,65.84,69.7
2,Vancouver,2026-06-25,13,19.5,67.1,66.3
2,Vancouver,2026-06-25,14,19.9,67.82,64.1
2,Vancouver,2026-06-25,15,20.4,68.72,61
2,Vancouver,2026-06-25,16,20.8,69.44,59.1
2,Vancouver,2026-06-25,17,20.7,69.26,58.5
2,Vancouver,2026-06-25,18,20.4,68.72,59.1
2,Vancouver,2026-06-25,19,20,68,61.4
2,Vancouver,2026-06-25,20,19.3,66.74,65.6
2,Vancouver,2026-06-25,21,18.3,64.94,71.8
2,Vancouver,2026-06-25,22,17.5,63.5,75.6
2,Vancouver,2026-06-26,10,18.2,64.76,70.2
2,Vancouver,2026-06-26,11,19,66.2,67.7
2,Vancouver,2026-06-26,12,19.5,67.1,65.7
2,Vancouver,2026-06-26,13,19.9,67.82,64
2,Vancouver,2026-06-26,14,20.3,68.54,62.4
2,Vancouver,2026-06-26,15,20.6,69.08,61
2,Vancouver,2026-06-26,16,20.6,69.08,60.8
2,Vancouver,2026-06-26,17,20.7,69.26,59.2
2,Vancouver,2026-06-26,18,20.5,68.9,60.5
2,Vancouver,2026-06-26,19,20.1,68.18,62.4
2,Vancouver,2026-06-26,20,19.4,66.92,65.9
2,Vancouver,2026-06-26,21,18.5,65.3,70
2,Vancouver,2026-06-26,22,17.5,63.5,74.8
2,Vancouver,2026-06-27,10,18.2,64.76,70.5
2,Vancouver,2026-06-27,11,18.9,66.02,68.7
2,Vancouver,2026-06-27,12,19.3,66.74,67.8
2,Vancouver,2026-06-27,13,20,68,65.5
2,Vancouver,2026-06-27,14,20.5,68.9,62.9
2,Vancouver,2026-06-27,15,20.9,69.62,61.7
2,Vancouver,2026-06-27,16,21.1,69.98,59.9
2,Vancouver,2026-06-27,17,21,69.8,60.5
2,Vancouver,2026-06-27,18,20.6,69.08,62.7
2,Vancouver,2026-06-27,19,20,68,65.6
2,Vancouver,2026-06-27,20,19.3,66.74,67.7
2,Vancouver,2026-06-27,21,18.6,65.48,71.2
2,Vancouver,2026-06-27,22,17.9,64.22,74.7
3,Mexico City,2026-06-11,10,19.6,67.28,58.8
3,Mexico City,2026-06-11,11,21.3,70.34,51
3,Mexico City,2026-06-11,12,22.6,72.68,45.9
3,Mexico City,2026-06-11,13,23.4,74.12,43.4
3,Mexico City,2026-06-11,14,23.8,74.84,41
3,Mexico City,2026-06-11,15,23.9,75.02,39.4
3,Mexico City,2026-06-11,16,23.3,73.94,41.2
3,Mexico City,2026-06-11,17,22.7,72.86,42
3,Mexico City,2026-06-11,18,21.7,71.06,46.6
3,Mexico City,2026-06-11,19,20.2,68.36,54.4
3,Mexico City,2026-06-11,20,18.5,65.3,63.5
3,Mexico City,2026-06-11,21,17.5,63.5,67.4
3,Mexico City,2026-06-11,22,16.7,62.06,71
3,Mexico City,2026-06-12,10,19.9,67.82,57.4
3,Mexico City,2026-06-12,11,21.6,70.88,48.8
3,Mexico City,2026-06-12,12,23,73.4,43.3
3,Mexico City,2026-06-12,13,23.8,74.84,40.5
3,Mexico City,2026-06-12,14,24,75.2,40.2
3,Mexico City,2026-06-12,15,24.2,75.56,39.8
3,Mexico City,2026-06-12,16,24,75.2,39.2
3,Mexico City,2026-06-12,17,22.9,73.22,43
3,Mexico City,2026-06-12,18,21.9,71.42,46.9
3,Mexico City,2026-06-12,19,20.2,68.36,54.9
3,Mexico City,2026-06-12,20,18.7,65.66,62
3,Mexico City,2026-06-12,21,17.4,63.32,68.8
3,Mexico City,2026-06-12,22,16.8,62.24,71.3
3,Mexico City,2026-06-13,10,19.3,66.74,58
3,Mexico City,2026-06-13,11,21,69.8,50.6
3,Mexico City,2026-06-13,12,22.4,72.32,45.4
3,Mexico City,2026-06-13,13,23.3,73.94,42.6
3,Mexico City,2026-06-13,14,23.7,74.66,40.6
3,Mexico City,2026-06-13,15,23.9,75.02,39.2
3,Mexico City,2026-06-13,16,23.9,75.02,39.9
3,Mexico City,2026-06-13,17,23.4,74.12,41
3,Mexico City,2026-06-13,18,21.8,71.24,47.2
3,Mexico City,2026-06-13,19,19.9,67.82,55.4
3,Mexico City,2026-06-13,20,18.4,65.12,63.1
3,Mexico City,2026-06-13,21,17.1,62.78,68.8
3,Mexico City,2026-06-13,22,16.4,61.52,71.2
3,Mexico City,2026-06-14,10,19.1,66.38,61
3,Mexico City,2026-06-14,11,20.7,69.26,53.5
3,Mexico City,2026-06-14,12,21.9,71.42,48.8
3,Mexico City,2026-06-14,13,22.8,73.04,45.1
3,Mexico City,2026-06-14,14,23.4,74.12,42.8
3,Mexico City,2026-06-14,15,23.6,74.48,41.4
3,Mexico City,2026-06-14,16,23.2,73.76,43.3
3,Mexico City,2026-06-14,17,22.1,71.78,46.8
3,Mexico City,2026-06-14,18,21.4,70.52,48.8
3,Mexico City,2026-06-14,19,19.3,66.74,59.4
3,Mexico City,2026-06-14,20,18,64.4,64.8
3,Mexico City,2026-06-14,21,17.1,62.78,70.2
3,Mexico City,2026-06-14,22,16.2,61.16,74.3
3,Mexico City,2026-06-15,10,18.9,66.02,61
3,Mexico City,2026-06-15,11,20.6,69.08,53.5
3,Mexico City,2026-06-15,12,21.9,71.42,48.7
3,Mexico City,2026-06-15,13,22.7,72.86,46.3
3,Mexico City,2026-06-15,14,22.9,73.22,45
3,Mexico City,2026-06-15,15,22.9,73.22,44.8
3,Mexico City,2026-06-15,16,22.6,72.68,45.4
3,Mexico City,2026-06-15,17,22,71.6,47.5
3,Mexico City,2026-06-15,18,21,69.8,52
3,Mexico City,2026-06-15,19,19.6,67.28,59.6
3,Mexico City,2026-06-15,20,18,64.4,68.9
3,Mexico City,2026-06-15,21,16.9,62.42,75.1
3,Mexico City,2026-06-15,22,16.3,61.34,77.9
3,Mexico City,2026-06-16,10,19.2,66.56,61.2
3,Mexico City,2026-06-16,11,20.8,69.44,53.5
3,Mexico City,2026-06-16,12,22,71.6,49
3,Mexico City,2026-06-16,13,23.1,73.58,46.6
3,Mexico City,2026-06-16,14,23.4,74.12,44.9
3,Mexico City,2026-06-16,15,23.6,74.48,44.7
3,Mexico City,2026-06-16,16,23,73.4,45.1
3,Mexico City,2026-06-16,17,22.2,71.96,48.5
3,Mexico City,2026-06-16,18,21.2,70.16,53.9
3,Mexico City,2026-06-16,19,19.4,66.92,62.8
3,Mexico City,2026-06-16,20,17.9,64.22,71.8
3,Mexico City,2026-06-16,21,17.1,62.78,75.9
3,Mexico City,2026-06-16,22,16.2,61.16,78.8
3,Mexico City,2026-06-17,10,19.4,66.92,60.9
3,Mexico City,2026-06-17,11,20.9,69.62,53.5
3,Mexico City,2026-06-17,12,22.1,71.78,48.9
3,Mexico City,2026-06-17,13,23,73.4,47.4
3,Mexico City,2026-06-17,14,23.4,74.12,46
3,Mexico City,2026-06-17,15,23.3,73.94,45.5
3,Mexico City,2026-06-17,16,23.2,73.76,44.7
3,Mexico City,2026-06-17,17,22.3,72.14,46.5
3,Mexico City,2026-06-17,18,20.9,69.62,55.1
3,Mexico City,2026-06-17,19,19.7,67.46,60.7
3,Mexico City,2026-06-17,20,18.3,64.94,65.9
3,Mexico City,2026-06-17,21,17.2,62.96,72.5
3,Mexico City,2026-06-17,22,16.3,61.34,75.6
3,Mexico City,2026-06-18,10,19.4,66.92,60.4
3,Mexico City,2026-06-18,11,20.8,69.44,54.2
3,Mexico City,2026-06-18,12,22,71.6,50
3,Mexico City,2026-06-18,13,22.9,73.22,48.9
3,Mexico City,2026-06-18,14,23.4,74.12,46.8
3,Mexico City,2026-06-18,15,23.4,74.12,46.4
3,Mexico City,2026-06-18,16,23,73.4,46.8
3,Mexico City,2026-06-18,17,22.1,71.78,49.9
3,Mexico City,2026-06-18,18,21,69.8,53.4
3,Mexico City,2026-06-18,19,19.1,66.38,62.7
3,Mexico City,2026-06-18,20,17.6,63.68,69.5
3,Mexico City,2026-06-18,21,16.7,62.06,75
3,Mexico City,2026-06-18,22,16.1,60.98,77.3
3,Mexico City,2026-06-19,10,19.3,66.74,60.4
3,Mexico City,2026-06-19,11,20.8,69.44,53.8
3,Mexico City,2026-06-19,12,22,71.6,49.4
3,Mexico City,2026-06-19,13,22.9,73.22,46.6
3,Mexico City,2026-06-19,14,23.4,74.12,45.1
3,Mexico City,2026-06-19,15,23.4,74.12,45.7
3,Mexico City,2026-06-19,16,22.8,73.04,46.8
3,Mexico City,2026-06-19,17,21.7,71.06,50.5
3,Mexico City,2026-06-19,18,20.3,68.54,57.2
3,Mexico City,2026-06-19,19,18.6,65.48,65.2
3,Mexico City,2026-06-19,20,17.5,63.5,71
3,Mexico City,2026-06-19,21,16.7,62.06,73.4
3,Mexico City,2026-06-19,22,16.1,60.98,76.3
3,Mexico City,2026-06-20,10,18.6,65.48,65.2
3,Mexico City,2026-06-20,11,19.9,67.82,60.6
3,Mexico City,2026-06-20,12,21.1,69.98,57.1
3,Mexico City,2026-06-20,13,21.9,71.42,52.5
3,Mexico City,2026-06-20,14,22.4,72.32,50.2
3,Mexico City,2026-06-20,15,22.2,71.96,50.5
3,Mexico City,2026-06-20,16,21.5,70.7,52.9
3,Mexico City,2026-06-20,17,20.6,69.08,56.9
3,Mexico City,2026-06-20,18,19.2,66.56,64.1
3,Mexico City,2026-06-20,19,18,64.4,70.6
3,Mexico City,2026-06-20,20,16.9,62.42,75.8
3,Mexico City,2026-06-20,21,16,60.8,79.5
3,Mexico City,2026-06-20,22,15.6,60.08,80.5
3,Mexico City,2026-06-21,10,18.9,66.02,64.3
3,Mexico City,2026-06-21,11,20.3,68.54,59.1
3,Mexico City,2026-06-21,12,21.1,69.98,56.2
3,Mexico City,2026-06-21,13,21.6,70.88,54.9
3,Mexico City,2026-06-21,14,21.9,71.42,53.5
3,Mexico City,2026-06-21,15,21.9,71.42,53
3,Mexico City,2026-06-21,16,21.4,70.52,55.2
3,Mexico City,2026-06-21,17,20.5,68.9,58.9
3,Mexico City,2026-06-21,18,19.3,66.74,65.3
3,Mexico City,2026-06-21,19,17.9,64.22,73
3,Mexico City,2026-06-21,20,16.7,62.06,78
3,Mexico City,2026-06-21,21,15.9,60.62,81.5
3,Mexico City,2026-06-21,22,15.3,59.54,83.8
3,Mexico City,2026-06-22,10,18.4,65.12,68.2
3,Mexico City,2026-06-22,11,19.5,67.1,63.4
3,Mexico City,2026-06-22,12,20.6,69.08,58.6
3,Mexico City,2026-06-22,13,21.4,70.52,57.6
3,Mexico City,2026-06-22,14,21.9,71.42,55.2
3,Mexico City,2026-06-22,15,21.5,70.7,55.5
3,Mexico City,2026-06-22,16,20.6,69.08,59.7
3,Mexico City,2026-06-22,17,19.2,66.56,66.7
3,Mexico City,2026-06-22,18,18.6,65.48,70.4
3,Mexico City,2026-06-22,19,17.5,63.5,75.5
3,Mexico City,2026-06-22,20,16.5,61.7,80.5
3,Mexico City,2026-06-22,21,15.8,60.44,84.6
3,Mexico City,2026-06-22,22,15.4,59.72,85.7
3,Mexico City,2026-06-23,10,18.7,65.66,67.4
3,Mexico City,2026-06-23,11,20,68,61.6
3,Mexico City,2026-06-23,12,21.3,70.34,56.9
3,Mexico City,2026-06-23,13,21.8,71.24,54.9
3,Mexico City,2026-06-23,14,21.6,70.88,55.5
3,Mexico City,2026-06-23,15,21.5,70.7,55.2
3,Mexico City,2026-06-23,16,21.1,69.98,56.5
3,Mexico City,2026-06-23,17,20.1,68.18,61.2
3,Mexico City,2026-06-23,18,19.2,66.56,65.5
3,Mexico City,2026-06-23,19,17.8,64.04,73.1
3,Mexico City,2026-06-23,20,16.6,61.88,78.3
3,Mexico City,2026-06-23,21,16,60.8,81.8
3,Mexico City,2026-06-23,22,15.4,59.72,85
3,Mexico City,2026-06-24,10,18.3,64.94,69.1
3,Mexico City,2026-06-24,11,19.8,67.64,63.6
3,Mexico City,2026-06-24,12,20.6,69.08,60.9
3,Mexico City,2026-06-24,13,21.3,70.34,58.8
3,Mexico City,2026-06-24,14,21.7,71.06,56.6
3,Mexico City,2026-06-24,15,21.5,70.7,57.4
3,Mexico City,2026-06-24,16,20,68,62.1
3,Mexico City,2026-06-24,17,19.2,66.56,65.5
3,Mexico City,2026-06-24,18,18.5,65.3,68.3
3,Mexico City,2026-06-24,19,17.5,63.5,74.7
3,Mexico City,2026-06-24,20,16.6,61.88,79.3
3,Mexico City,2026-06-24,21,15.4,59.72,85.4
3,Mexico City,2026-06-24,22,14.9,58.82,87.1
3,Mexico City,2026-06-25,10,17.7,63.86,75
3,Mexico City,2026-06-25,11,19.2,66.56,68.2
3,Mexico City,2026-06-25,12,20.2,68.36,64
3,Mexico City,2026-06-25,13,20.8,69.44,59.1
3,Mexico City,2026-06-25,14,21.2,70.16,58.2
3,Mexico City,2026-06-25,15,21.1,69.98,58.6
3,Mexico City,2026-06-25,16,20.3,68.54,60.7
3,Mexico City,2026-06-25,17,19.3,66.74,64.3
3,Mexico City,2026-06-25,18,18.5,65.3,67.2
3,Mexico City,2026-06-25,19,17.2,62.96,74.1
3,Mexico City,2026-06-25,20,16,60.8,80.7
3,Mexico City,2026-06-25,21,15.3,59.54,84.6
3,Mexico City,2026-06-25,22,14.9,58.82,87.5
3,Mexico City,2026-06-26,10,18.3,64.94,71.8
3,Mexico City,2026-06-26,11,19.7,67.46,64.9
3,Mexico City,2026-06-26,12,20.7,69.26,61.1
3,Mexico City,2026-06-26,13,21,69.8,60.5
3,Mexico City,2026-06-26,14,21,69.8,59.4
3,Mexico City,2026-06-26,15,20.8,69.44,60.1
3,Mexico City,2026-06-26,16,19.9,67.82,61.9
3,Mexico City,2026-06-26,17,18.9,66.02,66.5
3,Mexico City,2026-06-26,18,18,64.4,70.6
3,Mexico City,2026-06-26,19,17,62.6,75.5
3,Mexico City,2026-06-26,20,16.1,60.98,80.2
3,Mexico City,2026-06-26,21,15.2,59.36,83.5
3,Mexico City,2026-06-26,22,14.8,58.64,85.3
3,Mexico City,2026-06-27,10,17.8,64.04,69.4
3,Mexico City,2026-06-27,11,19.2,66.56,63.1
3,Mexico City,2026-06-27,12,20.3,68.54,58
3,Mexico City,2026-06-27,13,21.1,69.98,56
3,Mexico City,2026-06-27,14,21.5,70.7,55
3,Mexico City,2026-06-27,15,21.5,70.7,54.2
3,Mexico City,2026-06-27,16,20.8,69.44,56.7
3,Mexico City,2026-06-27,17,19.9,67.82,59.6
3,Mexico City,2026-06-27,18,18.9,66.02,65.8
3,Mexico City,2026-06-27,19,17.7,63.86,72.5
3,Mexico City,2026-06-27,20,16.1,60.98,80.3
3,Mexico City,2026-06-27,21,15.5,59.9,82.6
3,Mexico City,2026-06-27,22,15.1,59.18,84.1
4,Guadalajara,2026-06-11,10,23.3,73.94,53.8
4,Guadalajara,2026-06-11,11,25.5,77.9,45.3
4,Guadalajara,2026-06-11,12,27.2,80.96,39.5
4,Guadalajara,2026-06-11,13,28.6,83.48,34.9
4,Guadalajara,2026-06-11,14,29.5,85.1,32.7
4,Guadalajara,2026-06-11,15,29.9,85.82,30.9
4,Guadalajara,2026-06-11,16,29.4,84.92,32
4,Guadalajara,2026-06-11,17,28.8,83.84,34.2
4,Guadalajara,2026-06-11,18,26.8,80.24,41.1
4,Guadalajara,2026-06-11,19,25.2,77.36,46.6
4,Guadalajara,2026-06-11,20,23.4,74.12,53.5
4,Guadalajara,2026-06-11,21,22.1,71.78,60
4,Guadalajara,2026-06-11,22,21.1,69.98,66.5
4,Guadalajara,2026-06-12,10,23.3,73.94,55.4
4,Guadalajara,2026-06-12,11,25.3,77.54,47.6
4,Guadalajara,2026-06-12,12,27.1,80.78,41.1
4,Guadalajara,2026-06-12,13,28.3,82.94,37.4
4,Guadalajara,2026-06-12,14,29.2,84.56,34
4,Guadalajara,2026-06-12,15,29.8,85.64,31.4
4,Guadalajara,2026-06-12,16,29.5,85.1,31.5
4,Guadalajara,2026-06-12,17,28.1,82.58,37.4
4,Guadalajara,2026-06-12,18,26.6,79.88,42.5
4,Guadalajara,2026-06-12,19,24.8,76.64,49.7
4,Guadalajara,2026-06-12,20,23.1,73.58,57.4
4,Guadalajara,2026-06-12,21,21.7,71.06,64.8
4,Guadalajara,2026-06-12,22,20.6,69.08,71.2
4,Guadalajara,2026-06-13,10,23,73.4,56.5
4,Guadalajara,2026-06-13,11,25,77,47.8
4,Guadalajara,2026-06-13,12,26.7,80.06,41.6
4,Guadalajara,2026-06-13,13,27.7,81.86,38.7
4,Guadalajara,2026-06-13,14,28.6,83.48,35.9
4,Guadalajara,2026-06-13,15,29.4,84.92,32.7
4,Guadalajara,2026-06-13,16,29.6,85.28,31.1
4,Guadalajara,2026-06-13,17,29.2,84.56,31.6
4,Guadalajara,2026-06-13,18,27.8,82.04,36.2
4,Guadalajara,2026-06-13,19,25.7,78.26,44.5
4,Guadalajara,2026-06-13,20,23.1,73.58,55
4,Guadalajara,2026-06-13,21,21.5,70.7,67.7
4,Guadalajara,2026-06-13,22,20.5,68.9,74.5
4,Guadalajara,2026-06-14,10,22.7,72.86,59.4
4,Guadalajara,2026-06-14,11,24.5,76.1,52.1
4,Guadalajara,2026-06-14,12,26.4,79.52,44.5
4,Guadalajara,2026-06-14,13,27.7,81.86,39.6
4,Guadalajara,2026-06-14,14,28.7,83.66,36.1
4,Guadalajara,2026-06-14,15,29.3,84.74,33.5
4,Guadalajara,2026-06-14,16,29.2,84.56,33.5
4,Guadalajara,2026-06-14,17,28.3,82.94,36.5
4,Guadalajara,2026-06-14,18,26.9,80.42,39.9
4,Guadalajara,2026-06-14,19,24.9,76.82,48.6
4,Guadalajara,2026-06-14,20,22.8,73.04,58
4,Guadalajara,2026-06-14,21,21.6,70.88,65.5
4,Guadalajara,2026-06-14,22,20.6,69.08,71.8
4,Guadalajara,2026-06-15,10,22.3,72.14,62.2
4,Guadalajara,2026-06-15,11,24.2,75.56,53.9
4,Guadalajara,2026-06-15,12,26.1,78.98,46.4
4,Guadalajara,2026-06-15,13,27.5,81.5,41.2
4,Guadalajara,2026-06-15,14,28.5,83.3,37.2
4,Guadalajara,2026-06-15,15,29.2,84.56,34.3
4,Guadalajara,2026-06-15,16,29.3,84.74,32.9
4,Guadalajara,2026-06-15,17,28.1,82.58,37
4,Guadalajara,2026-06-15,18,26.1,78.98,43.9
4,Guadalajara,2026-06-15,19,24.1,75.38,53.6
4,Guadalajara,2026-06-15,20,22.2,71.96,62.1
4,Guadalajara,2026-06-15,21,21.2,70.16,68.2
4,Guadalajara,2026-06-15,22,20.3,68.54,73.9
4,Guadalajara,2026-06-16,10,22.6,72.68,59.9
4,Guadalajara,2026-06-16,11,24.5,76.1,51.8
4,Guadalajara,2026-06-16,12,26.2,79.16,45.7
4,Guadalajara,2026-06-16,13,27.5,81.5,40.6
4,Guadalajara,2026-06-16,14,28.5,83.3,37.4
4,Guadalajara,2026-06-16,15,28.8,83.84,36.1
4,Guadalajara,2026-06-16,16,29,84.2,34.6
4,Guadalajara,2026-06-16,17,27.7,81.86,39.3
4,Guadalajara,2026-06-16,18,26.2,79.16,44
4,Guadalajara,2026-06-16,19,24.2,75.56,52.8
4,Guadalajara,2026-06-16,20,22.2,71.96,62.1
4,Guadalajara,2026-06-16,21,21.3,70.34,67.5
4,Guadalajara,2026-06-16,22,20.5,68.9,72.3
4,Guadalajara,2026-06-17,10,22.7,72.86,59.8
4,Guadalajara,2026-06-17,11,24.6,76.28,52.1
4,Guadalajara,2026-06-17,12,26.4,79.52,46.4
4,Guadalajara,2026-06-17,13,27.7,81.86,41.5
4,Guadalajara,2026-06-17,14,28.5,83.3,38.4
4,Guadalajara,2026-06-17,15,28.8,83.84,36.8
4,Guadalajara,2026-06-17,16,27.9,82.22,39.1
4,Guadalajara,2026-06-17,17,26.9,80.42,42
4,Guadalajara,2026-06-17,18,25.5,77.9,47
4,Guadalajara,2026-06-17,19,23.9,75.02,54.5
4,Guadalajara,2026-06-17,20,22.3,72.14,61.6
4,Guadalajara,2026-06-17,21,21.3,70.34,68
4,Guadalajara,2026-06-17,22,20.4,68.72,73.7
4,Guadalajara,2026-06-18,10,22.7,72.86,61.4
4,Guadalajara,2026-06-18,11,24.5,76.1,54.1
4,Guadalajara,2026-06-18,12,26.1,78.98,49
4,Guadalajara,2026-06-18,13,27.5,81.5,43.5
4,Guadalajara,2026-06-18,14,28.4,83.12,39.4
4,Guadalajara,2026-06-18,15,29,84.2,36.7
4,Guadalajara,2026-06-18,16,28.3,82.94,38.6
4,Guadalajara,2026-06-18,17,27.3,81.14,41.6
4,Guadalajara,2026-06-18,18,25.8,78.44,45.8
4,Guadalajara,2026-06-18,19,23.9,75.02,54.8
4,Guadalajara,2026-06-18,20,22.4,72.32,60.7
4,Guadalajara,2026-06-18,21,21.2,70.16,66.5
4,Guadalajara,2026-06-18,22,20.3,68.54,73
4,Guadalajara,2026-06-19,10,21.9,71.42,64.8
4,Guadalajara,2026-06-19,11,23.8,74.84,56.5
4,Guadalajara,2026-06-19,12,25.4,77.72,50.2
4,Guadalajara,2026-06-19,13,26.5,79.7,45.9
4,Guadalajara,2026-06-19,14,27.3,81.14,43
4,Guadalajara,2026-06-19,15,27.8,82.04,41.4
4,Guadalajara,2026-06-19,16,27.4,81.32,42.9
4,Guadalajara,2026-06-19,17,26.1,78.98,48.7
4,Guadalajara,2026-06-19,18,25,77,52.5
4,Guadalajara,2026-06-19,19,23.6,74.48,58
4,Guadalajara,2026-06-19,20,21.9,71.42,64.8
4,Guadalajara,2026-06-19,21,20.6,69.08,71.3
4,Guadalajara,2026-06-19,22,19.8,67.64,75.5
4,Guadalajara,2026-06-20,10,21.5,70.7,66.6
4,Guadalajara,2026-06-20,11,23.2,73.76,59.4
4,Guadalajara,2026-06-20,12,24.6,76.28,54.5
4,Guadalajara,2026-06-20,13,26.2,79.16,48.8
4,Guadalajara,2026-06-20,14,26.9,80.42,46.5
4,Guadalajara,2026-06-20,15,27.3,81.14,43.8
4,Guadalajara,2026-06-20,16,26.9,80.42,44.8
4,Guadalajara,2026-06-20,17,26,78.8,48.1
4,Guadalajara,2026-06-20,18,24.8,76.64,52.1
4,Guadalajara,2026-06-20,19,23.1,73.58,59.6
4,Guadalajara,2026-06-20,20,21.5,70.7,66.2
4,Guadalajara,2026-06-20,21,20.4,68.72,72.2
4,Guadalajara,2026-06-20,22,19.8,67.64,76.1
4,Guadalajara,2026-06-21,10,21.8,71.24,64.9
4,Guadalajara,2026-06-21,11,23.6,74.48,58
4,Guadalajara,2026-06-21,12,24.9,76.82,52.8
4,Guadalajara,2026-06-21,13,26,78.8,47.4
4,Guadalajara,2026-06-21,14,26.8,80.24,44.5
4,Guadalajara,2026-06-21,15,26.9,80.42,45
4,Guadalajara,2026-06-21,16,26.8,80.24,45.2
4,Guadalajara,2026-06-21,17,25.4,77.72,49.6
4,Guadalajara,2026-06-21,18,23.7,74.66,58.1
4,Guadalajara,2026-06-21,19,22.3,72.14,66
4,Guadalajara,2026-06-21,20,20.8,69.44,72.1
4,Guadalajara,2026-06-21,21,20.1,68.18,75.5
4,Guadalajara,2026-06-21,22,19.4,66.92,79.8
4,Guadalajara,2026-06-22,10,22,71.6,61.8
4,Guadalajara,2026-06-22,11,23.6,74.48,54.2
4,Guadalajara,2026-06-22,12,25,77,49.4
4,Guadalajara,2026-06-22,13,25.6,78.08,48.4
4,Guadalajara,2026-06-22,14,26.2,79.16,46.5
4,Guadalajara,2026-06-22,15,26.3,79.34,45.8
4,Guadalajara,2026-06-22,16,26.5,79.7,44.5
4,Guadalajara,2026-06-22,17,25.7,78.26,47.5
4,Guadalajara,2026-06-22,18,23.8,74.84,57.4
4,Guadalajara,2026-06-22,19,22.6,72.68,63.8
4,Guadalajara,2026-06-22,20,21.1,69.98,70.2
4,Guadalajara,2026-06-22,21,20,68,76.1
4,Guadalajara,2026-06-22,22,19.2,66.56,80.8
4,Guadalajara,2026-06-23,10,21.4,70.52,65.9
4,Guadalajara,2026-06-23,11,23.3,73.94,57.9
4,Guadalajara,2026-06-23,12,24.7,76.46,52.7
4,Guadalajara,2026-06-23,13,26,78.8,48
4,Guadalajara,2026-06-23,14,26.6,79.88,45.5
4,Guadalajara,2026-06-23,15,26.7,80.06,45.1
4,Guadalajara,2026-06-23,16,26,78.8,48.1
4,Guadalajara,2026-06-23,17,24.9,76.82,52.4
4,Guadalajara,2026-06-23,18,23.7,74.66,57.6
4,Guadalajara,2026-06-23,19,22.5,72.5,64.7
4,Guadalajara,2026-06-23,20,21.1,69.98,69
4,Guadalajara,2026-06-23,21,19.9,67.82,75
4,Guadalajara,2026-06-23,22,19.2,66.56,79.1
4,Guadalajara,2026-06-24,10,21.4,70.52,66.8
4,Guadalajara,2026-06-24,11,23,73.4,60
4,Guadalajara,2026-06-24,12,24.3,75.74,55
4,Guadalajara,2026-06-24,13,25.4,77.72,50.4
4,Guadalajara,2026-06-24,14,26.2,79.16,47.9
4,Guadalajara,2026-06-24,15,26.5,79.7,46.5
4,Guadalajara,2026-06-24,16,26.2,79.16,46.9
4,Guadalajara,2026-06-24,17,25,77,51.8
4,Guadalajara,2026-06-24,18,23.7,74.66,56.9
4,Guadalajara,2026-06-24,19,22.4,72.32,63.9
4,Guadalajara,2026-06-24,20,20.9,69.62,71
4,Guadalajara,2026-06-24,21,19.6,67.28,77.1
4,Guadalajara,2026-06-24,22,18.9,66.02,82.2
4,Guadalajara,2026-06-25,10,21.1,69.98,68.3
4,Guadalajara,2026-06-25,11,22.8,73.04,61.7
4,Guadalajara,2026-06-25,12,24.1,75.38,56.5
4,Guadalajara,2026-06-25,13,25.2,77.36,51.6
4,Guadalajara,2026-06-25,14,26,78.8,48.3
4,Guadalajara,2026-06-25,15,26.3,79.34,47.1
4,Guadalajara,2026-06-25,16,25.9,78.62,48.2
4,Guadalajara,2026-06-25,17,25,77,52.1
4,Guadalajara,2026-06-25,18,23.6,74.48,58.2
4,Guadalajara,2026-06-25,19,22.2,71.96,65.7
4,Guadalajara,2026-06-25,20,20.8,69.44,72.6
4,Guadalajara,2026-06-25,21,19.7,67.46,78.5
4,Guadalajara,2026-06-25,22,18.7,65.66,84.7
4,Guadalajara,2026-06-26,10,21,69.8,70
4,Guadalajara,2026-06-26,11,22.7,72.86,62
4,Guadalajara,2026-06-26,12,24.2,75.56,55.8
4,Guadalajara,2026-06-26,13,25.1,77.18,51.1
4,Guadalajara,2026-06-26,14,25.9,78.62,48.5
4,Guadalajara,2026-06-26,15,26.2,79.16,47
4,Guadalajara,2026-06-26,16,26,78.8,48
4,Guadalajara,2026-06-26,17,24.7,76.46,53
4,Guadalajara,2026-06-26,18,23.2,73.76,60.3
4,Guadalajara,2026-06-26,19,21.9,71.42,66.5
4,Guadalajara,2026-06-26,20,20.6,69.08,70.9
4,Guadalajara,2026-06-26,21,19.6,67.28,76.8
4,Guadalajara,2026-06-26,22,18.8,65.84,82.3
4,Guadalajara,2026-06-27,10,20.8,69.44,70.2
4,Guadalajara,2026-06-27,11,22.4,72.32,63.3
4,Guadalajara,2026-06-27,12,23.9,75.02,57.9
4,Guadalajara,2026-06-27,13,24.8,76.64,54.3
4,Guadalajara,2026-06-27,14,25.6,78.08,51.4
4,Guadalajara,2026-06-27,15,26.1,78.98,48.8
4,Guadalajara,2026-06-27,16,26,78.8,48.6
4,Guadalajara,2026-06-27,17,24.4,75.92,55.3
4,Guadalajara,2026-06-27,18,23.2,73.76,60.5
4,Guadalajara,2026-06-27,19,21.7,71.06,68
4,Guadalajara,2026-06-27,20,20.2,68.36,75.5
4,Guadalajara,2026-06-27,21,19.4,66.92,79.9
4,Guadalajara,2026-06-27,22,18.7,65.66,85.2
5,Monterrey,2026-06-11,10,27.6,81.68,63.7
5,Monterrey,2026-06-11,11,29.5,85.1,55.6
5,Monterrey,2026-06-11,12,31.2,88.16,49.2
5,Monterrey,2026-06-11,13,32.5,90.5,44.6
5,Monterrey,2026-06-11,14,33.2,91.76,41.8
5,Monterrey,2026-06-11,15,33.6,92.48,39.9
5,Monterrey,2026-06-11,16,33.5,92.3,39.5
5,Monterrey,2026-06-11,17,33.2,91.76,40.1
5,Monterrey,2026-06-11,18,32.2,89.96,43
5,Monterrey,2026-06-11,19,31,87.8,47
5,Monterrey,2026-06-11,20,29.6,85.28,51.3
5,Monterrey,2026-06-11,21,28.5,83.3,56.1
5,Monterrey,2026-06-11,22,27.3,81.14,60.8
5,Monterrey,2026-06-12,10,28,82.4,61.6
5,Monterrey,2026-06-12,11,29.8,85.64,53.9
5,Monterrey,2026-06-12,12,31.4,88.52,47.3
5,Monterrey,2026-06-12,13,32.6,90.68,43.3
5,Monterrey,2026-06-12,14,33.4,92.12,40.1
5,Monterrey,2026-06-12,15,33.7,92.66,38.5
5,Monterrey,2026-06-12,16,33.7,92.66,37.8
5,Monterrey,2026-06-12,17,33.4,92.12,38
5,Monterrey,2026-06-12,18,32.6,90.68,39.4
5,Monterrey,2026-06-12,19,31.3,88.34,44.1
5,Monterrey,2026-06-12,20,29.8,85.64,49.5
5,Monterrey,2026-06-12,21,28.7,83.66,54
5,Monterrey,2026-06-12,22,27.5,81.5,59.2
5,Monterrey,2026-06-13,10,28.1,82.58,60.1
5,Monterrey,2026-06-13,11,30,86,52.2
5,Monterrey,2026-06-13,12,31.6,88.88,46
5,Monterrey,2026-06-13,13,32.8,91.04,41.2
5,Monterrey,2026-06-13,14,33.5,92.3,38.2
5,Monterrey,2026-06-13,15,34,93.2,36.2
5,Monterrey,2026-06-13,16,34,93.2,34.8
5,Monterrey,2026-06-13,17,33.5,92.3,35.6
5,Monterrey,2026-06-13,18,32.7,90.86,37.3
5,Monterrey,2026-06-13,19,31.5,88.7,40.6
5,Monterrey,2026-06-13,20,29.8,85.64,46
5,Monterrey,2026-06-13,21,28.6,83.48,51.4
5,Monterrey,2026-06-13,22,27.4,81.32,57.6
5,Monterrey,2026-06-14,10,28.3,82.94,57.9
5,Monterrey,2026-06-14,11,30.2,86.36,49.9
5,Monterrey,2026-06-14,12,31.8,89.24,43.6
5,Monterrey,2026-06-14,13,33.1,91.58,38.5
5,Monterrey,2026-06-14,14,33.8,92.84,34.9
5,Monterrey,2026-06-14,15,34.3,93.74,32.8
5,Monterrey,2026-06-14,16,34.4,93.92,32.1
5,Monterrey,2026-06-14,17,33.9,93.02,33
5,Monterrey,2026-06-14,18,33,91.4,34.8
5,Monterrey,2026-06-14,19,31.7,89.06,38.7
5,Monterrey,2026-06-14,20,30.1,86.18,44.5
5,Monterrey,2026-06-14,21,29,84.2,48.6
5,Monterrey,2026-06-14,22,27.9,82.22,53.4
5,Monterrey,2026-06-15,10,28.2,82.76,58.1
5,Monterrey,2026-06-15,11,30,86,50.4
5,Monterrey,2026-06-15,12,31.8,89.24,43.5
5,Monterrey,2026-06-15,13,33.2,91.76,38.7
5,Monterrey,2026-06-15,14,33.9,93.02,35.4
5,Monterrey,2026-06-15,15,34.3,93.74,33.5
5,Monterrey,2026-06-15,16,34.4,93.92,33
5,Monterrey,2026-06-15,17,33.9,93.02,33.1
5,Monterrey,2026-06-15,18,32.8,91.04,36.1
5,Monterrey,2026-06-15,19,31.6,88.88,40.6
5,Monterrey,2026-06-15,20,30.1,86.18,45.3
5,Monterrey,2026-06-15,21,28.9,84.02,50
5,Monterrey,2026-06-15,22,27.8,82.04,56.1
5,Monterrey,2026-06-16,10,28.4,83.12,58.4
5,Monterrey,2026-06-16,11,30.2,86.36,50.6
5,Monterrey,2026-06-16,12,31.8,89.24,44
5,Monterrey,2026-06-16,13,33.2,91.76,39.5
5,Monterrey,2026-06-16,14,33.9,93.02,37
5,Monterrey,2026-06-16,15,34.1,93.38,35.9
5,Monterrey,2026-06-16,16,34.1,93.38,35.2
5,Monterrey,2026-06-16,17,33.7,92.66,35.8
5,Monterrey,2026-06-16,18,33,91.4,37.9
5,Monterrey,2026-06-16,19,31.6,88.88,42.6
5,Monterrey,2026-06-16,20,29.9,85.82,48.6
5,Monterrey,2026-06-16,21,28.7,83.66,53.6
5,Monterrey,2026-06-16,22,27.5,81.5,60.1
5,Monterrey,2026-06-17,10,28.2,82.76,60.7
5,Monterrey,2026-06-17,11,30,86,53.6
5,Monterrey,2026-06-17,12,31.6,88.88,47.1
5,Monterrey,2026-06-17,13,33.1,91.58,41.4
5,Monterrey,2026-06-17,14,34,93.2,38
5,Monterrey,2026-06-17,15,34.3,93.74,36.6
5,Monterrey,2026-06-17,16,34.1,93.38,36.8
5,Monterrey,2026-06-17,17,33.9,93.02,37
5,Monterrey,2026-06-17,18,32.8,91.04,39.8
5,Monterrey,2026-06-17,19,31.8,89.24,42.5
5,Monterrey,2026-06-17,20,30.4,86.72,47.3
5,Monterrey,2026-06-17,21,29.2,84.56,51.8
5,Monterrey,2026-06-17,22,28,82.4,56.6
5,Monterrey,2026-06-18,10,28.8,83.84,58.5
5,Monterrey,2026-06-18,11,30.7,87.26,50.5
5,Monterrey,2026-06-18,12,32.4,90.32,43.4
5,Monterrey,2026-06-18,13,33.3,91.94,40.2
5,Monterrey,2026-06-18,14,34.1,93.38,37
5,Monterrey,2026-06-18,15,34.3,93.74,35.9
5,Monterrey,2026-06-18,16,34.1,93.38,36
5,Monterrey,2026-06-18,17,33.7,92.66,36.4
5,Monterrey,2026-06-18,18,32.7,90.86,39.6
5,Monterrey,2026-06-18,19,31.6,88.88,42.7
5,Monterrey,2026-06-18,20,30.1,86.18,47.2
5,Monterrey,2026-06-18,21,29.1,84.38,52
5,Monterrey,2026-06-18,22,27.9,82.22,57.9
5,Monterrey,2026-06-19,10,28.7,83.66,59
5,Monterrey,2026-06-19,11,30.5,86.9,51.5
5,Monterrey,2026-06-19,12,31.9,89.42,46
5,Monterrey,2026-06-19,13,32.8,91.04,42.2
5,Monterrey,2026-06-19,14,33.5,92.3,39.2
5,Monterrey,2026-06-19,15,33.9,93.02,36.9
5,Monterrey,2026-06-19,16,33.3,91.94,39
5,Monterrey,2026-06-19,17,32.6,90.68,41.2
5,Monterrey,2026-06-19,18,31.5,88.7,44.8
5,Monterrey,2026-06-19,19,30.4,86.72,48.5
5,Monterrey,2026-06-19,20,29.2,84.56,52.5
5,Monterrey,2026-06-19,21,28.2,82.76,56.5
5,Monterrey,2026-06-19,22,27.2,80.96,60.8
5,Monterrey,2026-06-20,10,27.8,82.04,62
5,Monterrey,2026-06-20,11,29.4,84.92,54.8
5,Monterrey,2026-06-20,12,30.9,87.62,49.1
5,Monterrey,2026-06-20,13,32,89.6,44.6
5,Monterrey,2026-06-20,14,32.8,91.04,41.8
5,Monterrey,2026-06-20,15,32.8,91.04,41.6
5,Monterrey,2026-06-20,16,32.7,90.86,41.5
5,Monterrey,2026-06-20,17,32,89.6,43
5,Monterrey,2026-06-20,18,31.5,88.7,43.4
5,Monterrey,2026-06-20,19,30.4,86.72,47.4
5,Monterrey,2026-06-20,20,29.1,84.38,52.1
5,Monterrey,2026-06-20,21,28.1,82.58,56
5,Monterrey,2026-06-20,22,27.2,80.96,60.9
5,Monterrey,2026-06-21,10,27.8,82.04,62
5,Monterrey,2026-06-21,11,29.3,84.74,55.3
5,Monterrey,2026-06-21,12,30.7,87.26,49.5
5,Monterrey,2026-06-21,13,31.8,89.24,45.8
5,Monterrey,2026-06-21,14,32.5,90.5,43.4
5,Monterrey,2026-06-21,15,32.8,91.04,42
5,Monterrey,2026-06-21,16,32.5,90.5,42.3
5,Monterrey,2026-06-21,17,32,89.6,43.5
5,Monterrey,2026-06-21,18,30.9,87.62,47
5,Monterrey,2026-06-21,19,29.6,85.28,52.1
5,Monterrey,2026-06-21,20,28.5,83.3,56
5,Monterrey,2026-06-21,21,27.5,81.5,61.4
5,Monterrey,2026-06-21,22,26.6,79.88,65
5,Monterrey,2026-06-22,10,27.3,81.14,64.9
5,Monterrey,2026-06-22,11,28.8,83.84,57.9
5,Monterrey,2026-06-22,12,30.2,86.36,51.6
5,Monterrey,2026-06-22,13,31.1,87.98,48.5
5,Monterrey,2026-06-22,14,31.9,89.42,45.6
5,Monterrey,2026-06-22,15,32.1,89.78,44.3
5,Monterrey,2026-06-22,16,31.8,89.24,45
5,Monterrey,2026-06-22,17,31.2,88.16,47.1
5,Monterrey,2026-06-22,18,30.6,87.08,48.2
5,Monterrey,2026-06-22,19,29.6,85.28,52
5,Monterrey,2026-06-22,20,28.4,83.12,57.1
5,Monterrey,2026-06-22,21,27.4,81.32,61.2
5,Monterrey,2026-06-22,22,26.6,79.88,64.8
5,Monterrey,2026-06-23,10,27.6,81.68,62.5
5,Monterrey,2026-06-23,11,29.2,84.56,55.5
5,Monterrey,2026-06-23,12,30.5,86.9,50.9
5,Monterrey,2026-06-23,13,31.5,88.7,47.9
5,Monterrey,2026-06-23,14,32.1,89.78,44.9
5,Monterrey,2026-06-23,15,32.5,90.5,42.9
5,Monterrey,2026-06-23,16,32.6,90.68,42
5,Monterrey,2026-06-23,17,31.8,89.24,44.1
5,Monterrey,2026-06-23,18,30.8,87.44,47.1
5,Monterrey,2026-06-23,19,29.8,85.64,51.1
5,Monterrey,2026-06-23,20,28.4,83.12,56.1
5,Monterrey,2026-06-23,21,27.4,81.32,61.2
5,Monterrey,2026-06-23,22,26.5,79.7,65.5
5,Monterrey,2026-06-24,10,27.5,81.5,64
5,Monterrey,2026-06-24,11,29.1,84.38,57
5,Monterrey,2026-06-24,12,30.5,86.9,51.5
5,Monterrey,2026-06-24,13,31.4,88.52,48.9
5,Monterrey,2026-06-24,14,32,89.6,46.4
5,Monterrey,2026-06-24,15,32.4,90.32,44.3
5,Monterrey,2026-06-24,16,32.4,90.32,43.3
5,Monterrey,2026-06-24,17,31.6,88.88,45
5,Monterrey,2026-06-24,18,30.4,86.72,50.1
5,Monterrey,2026-06-24,19,28.9,84.02,56.5
5,Monterrey,2026-06-24,20,27.5,81.5,62
5,Monterrey,2026-06-24,21,26.5,79.7,66.9
5,Monterrey,2026-06-24,22,25.6,78.08,72
5,Monterrey,2026-06-25,10,27.1,80.78,65
5,Monterrey,2026-06-25,11,28.7,83.66,58.3
5,Monterrey,2026-06-25,12,29.9,85.82,53.7
5,Monterrey,2026-06-25,13,31.1,87.98,49.7
5,Monterrey,2026-06-25,14,31.9,89.42,46
5,Monterrey,2026-06-25,15,32.3,90.14,44.5
5,Monterrey,2026-06-25,16,32.2,89.96,44.2
5,Monterrey,2026-06-25,17,31.5,88.7,46.1
5,Monterrey,2026-06-25,18,30.7,87.26,48.3
5,Monterrey,2026-06-25,19,29.5,85.1,53.5
5,Monterrey,2026-06-25,20,28,82.4,60
5,Monterrey,2026-06-25,21,27,80.6,64.7
5,Monterrey,2026-06-25,22,26.1,78.98,68.5
5,Monterrey,2026-06-26,10,27.4,81.32,64.5
5,Monterrey,2026-06-26,11,29,84.2,58.9
5,Monterrey,2026-06-26,12,30.2,86.36,53.5
5,Monterrey,2026-06-26,13,31.4,88.52,48.8
5,Monterrey,2026-06-26,14,32.2,89.96,45.6
5,Monterrey,2026-06-26,15,32.2,89.96,44.9
5,Monterrey,2026-06-26,16,32.2,89.96,44.6
5,Monterrey,2026-06-26,17,31.9,89.42,44.7
5,Monterrey,2026-06-26,18,30.9,87.62,46.9
5,Monterrey,2026-06-26,19,29.6,85.28,51.5
5,Monterrey,2026-06-26,20,28.3,82.94,57.1
5,Monterrey,2026-06-26,21,27.2,80.96,61.9
5,Monterrey,2026-06-26,22,26.4,79.52,64.5
5,Monterrey,2026-06-27,10,27.5,81.5,64.2
5,Monterrey,2026-06-27,11,29.1,84.38,57.3
5,Monterrey,2026-06-27,12,30.7,87.26,50.8
5,Monterrey,2026-06-27,13,31.7,89.06,46
5,Monterrey,2026-06-27,14,32.4,90.32,42.8
5,Monterrey,2026-06-27,15,32.7,90.86,41.5
5,Monterrey,2026-06-27,16,32.5,90.5,41.4
5,Monterrey,2026-06-27,17,31.9,89.42,42.6
5,Monterrey,2026-06-27,18,31.3,88.34,44
5,Monterrey,2026-06-27,19,29.9,85.82,49.9
5,Monterrey,2026-06-27,20,28.3,82.94,56.6
5,Monterrey,2026-06-27,21,27.3,81.14,61.4
5,Monterrey,2026-06-27,22,26.5,79.7,65.5
6,Atlanta,2026-06-11,10,24.7,76.46,72.5
6,Atlanta,2026-06-11,11,26.1,78.98,66.8
6,Atlanta,2026-06-11,12,27.2,80.96,63
6,Atlanta,2026-06-11,13,27.9,82.22,60.5
6,Atlanta,2026-06-11,14,28.5,83.3,58.2
6,Atlanta,2026-06-11,15,28.9,84.02,56.4
6,Atlanta,2026-06-11,16,28.9,84.02,56.9
6,Atlanta,2026-06-11,17,28.1,82.58,59.6
6,Atlanta,2026-06-11,18,27.7,81.86,61.9
6,Atlanta,2026-06-11,19,27.2,80.96,64
6,Atlanta,2026-06-11,20,25.9,78.62,71.9
6,Atlanta,2026-06-11,21,24.7,76.46,75.7
6,Atlanta,2026-06-11,22,23.8,74.84,79
6,Atlanta,2026-06-12,10,24.6,76.28,77.2
6,Atlanta,2026-06-12,11,25.9,78.62,70.8
6,Atlanta,2026-06-12,12,27,80.6,65.9
6,Atlanta,2026-06-12,13,27.9,82.22,62.4
6,Atlanta,2026-06-12,14,28.3,82.94,60.8
6,Atlanta,2026-06-12,15,28.6,83.48,59.3
6,Atlanta,2026-06-12,16,28.7,83.66,58.3
6,Atlanta,2026-06-12,17,28.9,84.02,57.2
6,Atlanta,2026-06-12,18,28.4,83.12,58.3
6,Atlanta,2026-06-12,19,27.7,81.86,61.6
6,Atlanta,2026-06-12,20,26.4,79.52,69.7
6,Atlanta,2026-06-12,21,25,77,73.5
6,Atlanta,2026-06-12,22,24,75.2,78.5
6,Atlanta,2026-06-13,10,25,77,71.1
6,Atlanta,2026-06-13,11,26.2,79.16,65.5
6,Atlanta,2026-06-13,12,27.2,80.96,60.4
6,Atlanta,2026-06-13,13,28.1,82.58,56.5
6,Atlanta,2026-06-13,14,28.9,84.02,53.7
6,Atlanta,2026-06-13,15,29.1,84.38,52.8
6,Atlanta,2026-06-13,16,29.5,85.1,50.6
6,Atlanta,2026-06-13,17,29.4,84.92,50.6
6,Atlanta,2026-06-13,18,28.9,84.02,52.3
6,Atlanta,2026-06-13,19,28,82.4,56.5
6,Atlanta,2026-06-13,20,26.8,80.24,64.2
6,Atlanta,2026-06-13,21,25.2,77.36,68.5
6,Atlanta,2026-06-13,22,24.2,75.56,73.2
6,Atlanta,2026-06-14,10,25.3,77.54,69.5
6,Atlanta,2026-06-14,11,26.6,79.88,63.6
6,Atlanta,2026-06-14,12,27.7,81.86,58.8
6,Atlanta,2026-06-14,13,28.6,83.48,55.6
6,Atlanta,2026-06-14,14,29,84.2,54.1
6,Atlanta,2026-06-14,15,28.9,84.02,53.6
6,Atlanta,2026-06-14,16,29,84.2,52.8
6,Atlanta,2026-06-14,17,29.1,84.38,52
6,Atlanta,2026-06-14,18,29.1,84.38,51.3
6,Atlanta,2026-06-14,19,28.6,83.48,53.6
6,Atlanta,2026-06-14,20,27.2,80.96,63.9
6,Atlanta,2026-06-14,21,25.6,78.08,69
6,Atlanta,2026-06-14,22,24.4,75.92,74
6,Atlanta,2026-06-15,10,25.3,77.54,69.6
6,Atlanta,2026-06-15,11,26.9,80.42,63.2
6,Atlanta,2026-06-15,12,28.2,82.76,57.6
6,Atlanta,2026-06-15,13,29.2,84.56,52.7
6,Atlanta,2026-06-15,14,29.7,85.46,51.1
6,Atlanta,2026-06-15,15,29.9,85.82,50.1
6,Atlanta,2026-06-15,16,30,86,49
6,Atlanta,2026-06-15,17,29.5,85.1,51.5
6,Atlanta,2026-06-15,18,28.6,83.48,54.5
6,Atlanta,2026-06-15,19,27.8,82.04,58
6,Atlanta,2026-06-15,20,26.2,79.16,66.2
6,Atlanta,2026-06-15,21,24.8,76.64,70.2
6,Atlanta,2026-06-15,22,23.8,74.84,73.9
6,Atlanta,2026-06-16,10,25,77,68.9
6,Atlanta,2026-06-16,11,26.5,79.7,62.8
6,Atlanta,2026-06-16,12,27.7,81.86,57.9
6,Atlanta,2026-06-16,13,28.5,83.3,54.5
6,Atlanta,2026-06-16,14,29.3,84.74,51.5
6,Atlanta,2026-06-16,15,29.7,85.46,49.9
6,Atlanta,2026-06-16,16,30.1,86.18,47.5
6,Atlanta,2026-06-16,17,30.2,86.36,46.7
6,Atlanta,2026-06-16,18,29.8,85.64,47.4
6,Atlanta,2026-06-16,19,29.1,84.38,50.1
6,Atlanta,2026-06-16,20,27.5,81.5,58.9
6,Atlanta,2026-06-16,21,26.2,79.16,62.4
6,Atlanta,2026-06-16,22,24.9,76.82,66.5
6,Atlanta,2026-06-17,10,25.8,78.44,66
6,Atlanta,2026-06-17,11,27.4,81.32,59.5
6,Atlanta,2026-06-17,12,28.6,83.48,54.1
6,Atlanta,2026-06-17,13,29.6,85.28,49.9
6,Atlanta,2026-06-17,14,30.3,86.54,47.8
6,Atlanta,2026-06-17,15,30.5,86.9,47.5
6,Atlanta,2026-06-17,16,30.4,86.72,48
6,Atlanta,2026-06-17,17,30,86,48.5
6,Atlanta,2026-06-17,18,29.6,85.28,49.1
6,Atlanta,2026-06-17,19,28.8,83.84,52.5
6,Atlanta,2026-06-17,20,27.4,81.32,60.9
6,Atlanta,2026-06-17,21,25.8,78.44,65.7
6,Atlanta,2026-06-17,22,24.7,76.46,70.2
6,Atlanta,2026-06-18,10,25.4,77.72,64.3
6,Atlanta,2026-06-18,11,27,80.6,58.5
6,Atlanta,2026-06-18,12,28.3,82.94,53.6
6,Atlanta,2026-06-18,13,29.1,84.38,50.8
6,Atlanta,2026-06-18,14,29.6,85.28,48.5
6,Atlanta,2026-06-18,15,29.6,85.28,48.6
6,Atlanta,2026-06-18,16,29.8,85.64,48
6,Atlanta,2026-06-18,17,29.7,85.46,47.5
6,Atlanta,2026-06-18,18,29.2,84.56,49.5
6,Atlanta,2026-06-18,19,28.6,83.48,51.5
6,Atlanta,2026-06-18,20,27.2,80.96,59.2
6,Atlanta,2026-06-18,21,25.8,78.44,63.6
6,Atlanta,2026-06-18,22,24.8,76.64,67.5
6,Atlanta,2026-06-19,10,25.2,77.36,66
6,Atlanta,2026-06-19,11,26.4,79.52,61
6,Atlanta,2026-06-19,12,27.3,81.14,58.3
6,Atlanta,2026-06-19,13,28.1,82.58,56
6,Atlanta,2026-06-19,14,28.8,83.84,53.4
6,Atlanta,2026-06-19,15,29.2,84.56,52.3
6,Atlanta,2026-06-19,16,29.2,84.56,52
6,Atlanta,2026-06-19,17,29.2,84.56,51.4
6,Atlanta,2026-06-19,18,29,84.2,51.8
6,Atlanta,2026-06-19,19,28.3,82.94,54.8
6,Atlanta,2026-06-19,20,26.9,80.42,62.7
6,Atlanta,2026-06-19,21,25.4,77.72,66.6
6,Atlanta,2026-06-19,22,24.4,75.92,69.5
6,Atlanta,2026-06-20,10,25.6,78.08,68.1
6,Atlanta,2026-06-20,11,27.1,80.78,61.4
6,Atlanta,2026-06-20,12,28.2,82.76,55.9
6,Atlanta,2026-06-20,13,29.2,84.56,51.3
6,Atlanta,2026-06-20,14,29.9,85.82,48.5
6,Atlanta,2026-06-20,15,29.6,85.28,51.4
6,Atlanta,2026-06-20,16,29.9,85.82,49.2
6,Atlanta,2026-06-20,17,30,86,48.1
6,Atlanta,2026-06-20,18,29.5,85.1,49.4
6,Atlanta,2026-06-20,19,29,84.2,51.1
6,Atlanta,2026-06-20,20,27.9,82.22,58.4
6,Atlanta,2026-06-20,21,26.3,79.34,62.2
6,Atlanta,2026-06-20,22,25.2,77.36,65
6,Atlanta,2026-06-21,10,25.9,78.62,66.3
6,Atlanta,2026-06-21,11,27.3,81.14,60.5
6,Atlanta,2026-06-21,12,28.4,83.12,55.5
6,Atlanta,2026-06-21,13,29.4,84.92,51.7
6,Atlanta,2026-06-21,14,30.1,86.18,49.2
6,Atlanta,2026-06-21,15,30.5,86.9,48.5
6,Atlanta,2026-06-21,16,30.5,86.9,47.6
6,Atlanta,2026-06-21,17,30.5,86.9,47.5
6,Atlanta,2026-06-21,18,30.1,86.18,48.8
6,Atlanta,2026-06-21,19,29.2,84.56,53
6,Atlanta,2026-06-21,20,27.9,82.22,59
6,Atlanta,2026-06-21,21,26.5,79.7,62.6
6,Atlanta,2026-06-21,22,25.3,77.54,67.4
6,Atlanta,2026-06-22,10,26.2,79.16,66.9
6,Atlanta,2026-06-22,11,27.6,81.68,62
6,Atlanta,2026-06-22,12,28.8,83.84,57.6
6,Atlanta,2026-06-22,13,29.5,85.1,54.1
6,Atlanta,2026-06-22,14,30.3,86.54,50.6
6,Atlanta,2026-06-22,15,30.3,86.54,51
6,Atlanta,2026-06-22,16,30.5,86.9,49.3
6,Atlanta,2026-06-22,17,30,86,51.9
6,Atlanta,2026-06-22,18,29.4,84.92,54.1
6,Atlanta,2026-06-22,19,28.9,84.02,56.4
6,Atlanta,2026-06-22,20,27.7,81.86,62
6,Atlanta,2026-06-22,21,26.3,79.34,65.7
6,Atlanta,2026-06-22,22,25.3,77.54,69
6,Atlanta,2026-06-23,10,26.1,78.98,68.2
6,Atlanta,2026-06-23,11,27.4,81.32,62.9
6,Atlanta,2026-06-23,12,28.5,83.3,59.4
6,Atlanta,2026-06-23,13,29.5,85.1,55.6
6,Atlanta,2026-06-23,14,30.4,86.72,51.5
6,Atlanta,2026-06-23,15,30.5,86.9,50.5
6,Atlanta,2026-06-23,16,30.8,87.44,48.9
6,Atlanta,2026-06-23,17,30.8,87.44,48.4
6,Atlanta,2026-06-23,18,30.2,86.36,50.1
6,Atlanta,2026-06-23,19,29.5,85.1,52.6
6,Atlanta,2026-06-23,20,28.3,82.94,60.4
6,Atlanta,2026-06-23,21,26.8,80.24,63.8
6,Atlanta,2026-06-23,22,25.5,77.9,68
6,Atlanta,2026-06-24,10,26.1,78.98,70.2
6,Atlanta,2026-06-24,11,27.5,81.5,64.4
6,Atlanta,2026-06-24,12,28.8,83.84,58.8
6,Atlanta,2026-06-24,13,29.8,85.64,54.2
6,Atlanta,2026-06-24,14,30.6,87.08,51.2
6,Atlanta,2026-06-24,15,30.3,86.54,52.6
6,Atlanta,2026-06-24,16,30.4,86.72,51.9
6,Atlanta,2026-06-24,17,30.3,86.54,51.9
6,Atlanta,2026-06-24,18,29.6,85.28,54.5
6,Atlanta,2026-06-24,19,28.8,83.84,57.7
6,Atlanta,2026-06-24,20,27.6,81.68,65.1
6,Atlanta,2026-06-24,21,26.3,79.34,68.6
6,Atlanta,2026-06-24,22,25.4,77.72,71.6
6,Atlanta,2026-06-25,10,26.2,79.16,67
6,Atlanta,2026-06-25,11,27.6,81.68,61
6,Atlanta,2026-06-25,12,28.5,83.3,56.5
6,Atlanta,2026-06-25,13,29.6,85.28,52.1
6,Atlanta,2026-06-25,14,30.5,86.9,48.7
6,Atlanta,2026-06-25,15,30.5,86.9,49.4
6,Atlanta,2026-06-25,16,30.8,87.44,47.6
6,Atlanta,2026-06-25,17,30.8,87.44,46.9
6,Atlanta,2026-06-25,18,30.3,86.54,48.5
6,Atlanta,2026-06-25,19,29.6,85.28,52.4
6,Atlanta,2026-06-25,20,27.6,81.68,62.5
6,Atlanta,2026-06-25,21,26.3,79.34,66
6,Atlanta,2026-06-25,22,25.3,77.54,70
6,Atlanta,2026-06-26,10,25.8,78.44,69
6,Atlanta,2026-06-26,11,27.3,81.14,63
6,Atlanta,2026-06-26,12,28.5,83.3,58.5
6,Atlanta,2026-06-26,13,29.5,85.1,54.5
6,Atlanta,2026-06-26,14,30.2,86.36,51.7
6,Atlanta,2026-06-26,15,29.9,85.82,52.8
6,Atlanta,2026-06-26,16,29.9,85.82,53.1
6,Atlanta,2026-06-26,17,30,86,52
6,Atlanta,2026-06-26,18,29.7,85.46,53.3
6,Atlanta,2026-06-26,19,28.8,83.84,57.5
6,Atlanta,2026-06-26,20,27.4,81.32,65.2
6,Atlanta,2026-06-26,21,26,78.8,70
6,Atlanta,2026-06-26,22,24.8,76.64,74.8
6,Atlanta,2026-06-27,10,25.7,78.26,70.2
6,Atlanta,2026-06-27,11,27,80.6,64.4
6,Atlanta,2026-06-27,12,28.1,82.58,60.8
6,Atlanta,2026-06-27,13,29,84.2,57.1
6,Atlanta,2026-06-27,14,29.8,85.64,54.4
6,Atlanta,2026-06-27,15,30.1,86.18,53.9
6,Atlanta,2026-06-27,16,30.2,86.36,52.5
6,Atlanta,2026-06-27,17,29.9,85.82,53.2
6,Atlanta,2026-06-27,18,29.2,84.56,56
6,Atlanta,2026-06-27,19,28.4,83.12,59.5
6,Atlanta,2026-06-27,20,27.1,80.78,66.5
6,Atlanta,2026-06-27,21,25.7,78.26,71.2
6,Atlanta,2026-06-27,22,24.8,76.64,75.4
7,Boston,2026-06-11,10,19.9,67.82,67
7,Boston,2026-06-11,11,21,69.8,62.9
7,Boston,2026-06-11,12,21.8,71.24,59.9
7,Boston,2026-06-11,13,22.4,72.32,57.4
7,Boston,2026-06-11,14,22.8,73.04,56.3
7,Boston,2026-06-11,15,22.5,72.5,57.7
7,Boston,2026-06-11,16,22.2,71.96,60.5
7,Boston,2026-06-11,17,21.7,71.06,63.1
7,Boston,2026-06-11,18,21,69.8,67.2
7,Boston,2026-06-11,19,19.9,67.82,72.8
7,Boston,2026-06-11,20,18.8,65.84,77
7,Boston,2026-06-11,21,17.8,64.04,79.5
7,Boston,2026-06-11,22,17.1,62.78,81.5
7,Boston,2026-06-12,10,20.7,69.26,68.1
7,Boston,2026-06-12,11,21.9,71.42,62.4
7,Boston,2026-06-12,12,22.7,72.86,58.8
7,Boston,2026-06-12,13,23.2,73.76,57
7,Boston,2026-06-12,14,23.5,74.3,55.9
7,Boston,2026-06-12,15,23.2,73.76,57.3
7,Boston,2026-06-12,16,22.8,73.04,59.7
7,Boston,2026-06-12,17,22.1,71.78,63.4
7,Boston,2026-06-12,18,21.4,70.52,67.2
7,Boston,2026-06-12,19,20.4,68.72,71.7
7,Boston,2026-06-12,20,19.2,66.56,76
7,Boston,2026-06-12,21,18.1,64.58,79.5
7,Boston,2026-06-12,22,17.4,63.32,81.2
7,Boston,2026-06-13,10,19.7,67.46,72.5
7,Boston,2026-06-13,11,20.7,69.26,68
7,Boston,2026-06-13,12,21.5,70.7,64.8
7,Boston,2026-06-13,13,22.1,71.78,62.5
7,Boston,2026-06-13,14,22.5,72.5,62
7,Boston,2026-06-13,15,22.4,72.32,63.9
7,Boston,2026-06-13,16,22.3,72.14,64.2
7,Boston,2026-06-13,17,22.1,71.78,64.8
7,Boston,2026-06-13,18,21.4,70.52,68.8
7,Boston,2026-06-13,19,20.2,68.36,73.8
7,Boston,2026-06-13,20,19.1,66.38,77.2
7,Boston,2026-06-13,21,18,64.4,80.6
7,Boston,2026-06-13,22,17.4,63.32,82.5
7,Boston,2026-06-14,10,19.9,67.82,67.5
7,Boston,2026-06-14,11,21,69.8,62.8
7,Boston,2026-06-14,12,21.8,71.24,59
7,Boston,2026-06-14,13,22.4,72.32,56
7,Boston,2026-06-14,14,22.6,72.68,55.4
7,Boston,2026-06-14,15,22.3,72.14,56.4
7,Boston,2026-06-14,16,22.1,71.78,57.3
7,Boston,2026-06-14,17,21.5,70.7,60.6
7,Boston,2026-06-14,18,20.6,69.08,66.5
7,Boston,2026-06-14,19,19.5,67.1,71.5
7,Boston,2026-06-14,20,18.2,64.76,75.4
7,Boston,2026-06-14,21,17,62.6,78.2
7,Boston,2026-06-14,22,16.3,61.34,79.7
7,Boston,2026-06-15,10,18.4,65.12,68.3
7,Boston,2026-06-15,11,19.4,66.92,63.2
7,Boston,2026-06-15,12,20.2,68.36,58.9
7,Boston,2026-06-15,13,20.9,69.62,55.9
7,Boston,2026-06-15,14,21.2,70.16,54.2
7,Boston,2026-06-15,15,21.3,70.34,54
7,Boston,2026-06-15,16,21.1,69.98,54.3
7,Boston,2026-06-15,17,20.8,69.44,56
7,Boston,2026-06-15,18,20.1,68.18,60.2
7,Boston,2026-06-15,19,19,66.2,66.8
7,Boston,2026-06-15,20,17.7,63.86,72.9
7,Boston,2026-06-15,21,16.6,61.88,76.5
7,Boston,2026-06-15,22,15.8,60.44,78.8
7,Boston,2026-06-16,10,20.4,68.72,60.5
7,Boston,2026-06-16,11,21.6,70.88,55.2
7,Boston,2026-06-16,12,22.7,72.86,51
7,Boston,2026-06-16,13,23.1,73.58,49.8
7,Boston,2026-06-16,14,23.5,74.3,48.5
7,Boston,2026-06-16,15,23.4,74.12,49.6
7,Boston,2026-06-16,16,23.1,73.58,51.1
7,Boston,2026-06-16,17,22.5,72.5,54
7,Boston,2026-06-16,18,21.4,70.52,60.9
7,Boston,2026-06-16,19,20,68,69.7
7,Boston,2026-06-16,20,18.6,65.48,76
7,Boston,2026-06-16,21,17.6,63.68,78.3
7,Boston,2026-06-16,22,16.9,62.42,81
7,Boston,2026-06-17,10,21,69.8,65
7,Boston,2026-06-17,11,22.1,71.78,59.8
7,Boston,2026-06-17,12,23,73.4,57
7,Boston,2026-06-17,13,23.9,75.02,53.6
7,Boston,2026-06-17,14,24,75.2,53.6
7,Boston,2026-06-17,15,24,75.2,53.6
7,Boston,2026-06-17,16,23.6,74.48,55.9
7,Boston,2026-06-17,17,23.2,73.76,58.2
7,Boston,2026-06-17,18,22.2,71.96,63.4
7,Boston,2026-06-17,19,21,69.8,69.8
7,Boston,2026-06-17,20,19.6,67.28,75
7,Boston,2026-06-17,21,18.5,65.3,78.2
7,Boston,2026-06-17,22,17.7,63.86,80.5
7,Boston,2026-06-18,10,21.5,70.7,64.7
7,Boston,2026-06-18,11,23,73.4,58.4
7,Boston,2026-06-18,12,23.8,74.84,56
7,Boston,2026-06-18,13,24.4,75.92,54.5
7,Boston,2026-06-18,14,24.8,76.64,54
7,Boston,2026-06-18,15,24.8,76.64,54.7
7,Boston,2026-06-18,16,24.4,75.92,56.5
7,Boston,2026-06-18,17,23.7,74.66,59.5
7,Boston,2026-06-18,18,22.7,72.86,64
7,Boston,2026-06-18,19,21.4,70.52,70.2
7,Boston,2026-06-18,20,20.1,68.18,75
7,Boston,2026-06-18,21,18.9,66.02,79
7,Boston,2026-06-18,22,18.1,64.58,81.4
7,Boston,2026-06-19,10,21.7,71.06,66.5
7,Boston,2026-06-19,11,22.9,73.22,61.1
7,Boston,2026-06-19,12,24,75.2,56.8
7,Boston,2026-06-19,13,24.7,76.46,53.3
7,Boston,2026-06-19,14,25.2,77.36,51
7,Boston,2026-06-19,15,25.3,77.54,51.2
7,Boston,2026-06-19,16,24.9,76.82,52.1
7,Boston,2026-06-19,17,24.3,75.74,54.4
7,Boston,2026-06-19,18,23.3,73.94,58.8
7,Boston,2026-06-19,19,22,71.6,64.7
7,Boston,2026-06-19,20,20.5,68.9,70.8
7,Boston,2026-06-19,21,19.3,66.74,74.2
7,Boston,2026-06-19,22,18.4,65.12,76.7
7,Boston,2026-06-20,10,22.5,72.5,62.1
7,Boston,2026-06-20,11,23.9,75.02,56.9
7,Boston,2026-06-20,12,25.1,77.18,53.2
7,Boston,2026-06-20,13,25.7,78.26,51.1
7,Boston,2026-06-20,14,26.4,79.52,49.1
7,Boston,2026-06-20,15,26.1,78.98,50.8
7,Boston,2026-06-20,16,25.7,78.26,52.5
7,Boston,2026-06-20,17,24.9,76.82,55.7
7,Boston,2026-06-20,18,24.1,75.38,60.5
7,Boston,2026-06-20,19,23,73.4,67.1
7,Boston,2026-06-20,20,21.5,70.7,73.4
7,Boston,2026-06-20,21,20.2,68.36,77.1
7,Boston,2026-06-20,22,19.3,66.74,79.5
7,Boston,2026-06-21,10,22.9,73.22,64
7,Boston,2026-06-21,11,24,75.2,58.5
7,Boston,2026-06-21,12,24.7,76.46,56.5
7,Boston,2026-06-21,13,25.3,77.54,53.5
7,Boston,2026-06-21,14,25.8,78.44,51.5
7,Boston,2026-06-21,15,25.8,78.44,50.9
7,Boston,2026-06-21,16,25.6,78.08,51.2
7,Boston,2026-06-21,17,25.1,77.18,54.5
7,Boston,2026-06-21,18,24.3,75.74,59
7,Boston,2026-06-21,19,23.1,73.58,66
7,Boston,2026-06-21,20,21.6,70.88,72.5
7,Boston,2026-06-21,21,20.2,68.36,77.8
7,Boston,2026-06-21,22,19.2,66.56,81.1
7,Boston,2026-06-22,10,22.5,72.5,62.6
7,Boston,2026-06-22,11,23.6,74.48,58.2
7,Boston,2026-06-22,12,24.3,75.74,55.6
7,Boston,2026-06-22,13,24.8,76.64,53.9
7,Boston,2026-06-22,14,24.7,76.46,54.6
7,Boston,2026-06-22,15,24.4,75.92,55.6
7,Boston,2026-06-22,16,23.9,75.02,58
7,Boston,2026-06-22,17,23.4,74.12,60.8
7,Boston,2026-06-22,18,22.6,72.68,65.1
7,Boston,2026-06-22,19,21.5,70.7,70.5
7,Boston,2026-06-22,20,20.3,68.54,75.2
7,Boston,2026-06-22,21,19.1,66.38,78.7
7,Boston,2026-06-22,22,18.4,65.12,81
7,Boston,2026-06-23,10,21.8,71.24,68.2
7,Boston,2026-06-23,11,23,73.4,63.3
7,Boston,2026-06-23,12,24.4,75.92,58.6
7,Boston,2026-06-23,13,25.2,77.36,55.7
7,Boston,2026-06-23,14,25.3,77.54,55.5
7,Boston,2026-06-23,15,25,77,57.1
7,Boston,2026-06-23,16,24.6,76.28,58.9
7,Boston,2026-06-23,17,24.1,75.38,61.9
7,Boston,2026-06-23,18,23.1,73.58,66.7
7,Boston,2026-06-23,19,21.9,71.42,72.7
7,Boston,2026-06-23,20,20.7,69.26,76.5
7,Boston,2026-06-23,21,19.8,67.64,80.5
7,Boston,2026-06-23,22,19.2,66.56,83.2
7,Boston,2026-06-24,10,22.7,72.86,65.4
7,Boston,2026-06-24,11,23.8,74.84,61.2
7,Boston,2026-06-24,12,24.8,76.64,57.8
7,Boston,2026-06-24,13,25.6,78.08,55.4
7,Boston,2026-06-24,14,26.1,78.98,53.4
7,Boston,2026-06-24,15,25.7,78.26,54.2
7,Boston,2026-06-24,16,25.3,77.54,56.4
7,Boston,2026-06-24,17,24.9,76.82,58.1
7,Boston,2026-06-24,18,23.8,74.84,63
7,Boston,2026-06-24,19,22.7,72.86,69
7,Boston,2026-06-24,20,21.2,70.16,74.8
7,Boston,2026-06-24,21,20.1,68.18,77.7
7,Boston,2026-06-24,22,19.3,66.74,79.3
7,Boston,2026-06-25,10,23,73.4,65.8
7,Boston,2026-06-25,11,24.1,75.38,60
7,Boston,2026-06-25,12,25,77,56.9
7,Boston,2026-06-25,13,25.5,77.9,56.4
7,Boston,2026-06-25,14,25.7,78.26,55.9
7,Boston,2026-06-25,15,25.6,78.08,56.7
7,Boston,2026-06-25,16,25.8,78.44,55.8
7,Boston,2026-06-25,17,25.6,78.08,56.6
7,Boston,2026-06-25,18,24.7,76.46,61.9
7,Boston,2026-06-25,19,23.4,74.12,68.1
7,Boston,2026-06-25,20,22,71.6,73.5
7,Boston,2026-06-25,21,20.7,69.26,77.8
7,Boston,2026-06-25,22,19.9,67.82,80.7
7,Boston,2026-06-26,10,24.4,75.92,61.7
7,Boston,2026-06-26,11,25.7,78.26,57
7,Boston,2026-06-26,12,26.4,79.52,54.5
7,Boston,2026-06-26,13,26.8,80.24,53.2
7,Boston,2026-06-26,14,27.3,81.14,51.6
7,Boston,2026-06-26,15,26.5,79.7,55.8
7,Boston,2026-06-26,16,26.3,79.34,55.9
7,Boston,2026-06-26,17,25.5,77.9,59.2
7,Boston,2026-06-26,18,24.7,76.46,64
7,Boston,2026-06-26,19,23.5,74.3,69.6
7,Boston,2026-06-26,20,22.3,72.14,74.7
7,Boston,2026-06-26,21,21.2,70.16,78.7
7,Boston,2026-06-26,22,20.4,68.72,81.6
7,Boston,2026-06-27,10,23.9,75.02,63.8
7,Boston,2026-06-27,11,25.1,77.18,58.5
7,Boston,2026-06-27,12,26,78.8,54.9
7,Boston,2026-06-27,13,26.5,79.7,53.2
7,Boston,2026-06-27,14,26.4,79.52,54.6
7,Boston,2026-06-27,15,25.5,77.9,58.6
7,Boston,2026-06-27,16,25.2,77.36,61.6
7,Boston,2026-06-27,17,24.6,76.28,65.5
7,Boston,2026-06-27,18,23.8,74.84,70.8
7,Boston,2026-06-27,19,22.6,72.68,77.3
7,Boston,2026-06-27,20,21.7,71.06,80.3
7,Boston,2026-06-27,21,20.8,69.44,83.2
7,Boston,2026-06-27,22,20.2,68.36,84.5
8,Dallas,2026-06-11,10,27.5,81.5,65.7
8,Dallas,2026-06-11,11,28.9,84.02,59.9
8,Dallas,2026-06-11,12,30.3,86.54,54.6
8,Dallas,2026-06-11,13,31.4,88.52,50.5
8,Dallas,2026-06-11,14,31.6,88.88,50.4
8,Dallas,2026-06-11,15,32.1,89.78,48.5
8,Dallas,2026-06-11,16,32.4,90.32,47.1
8,Dallas,2026-06-11,17,32.5,90.5,46.2
8,Dallas,2026-06-11,18,31.9,89.42,48
8,Dallas,2026-06-11,19,31.2,88.16,53
8,Dallas,2026-06-11,20,30,86,56.4
8,Dallas,2026-06-11,21,28.6,83.48,59.2
8,Dallas,2026-06-11,22,27.7,81.86,62.1
8,Dallas,2026-06-12,10,27.5,81.5,67.7
8,Dallas,2026-06-12,11,28.8,83.84,62.5
8,Dallas,2026-06-12,12,30,86,57.7
8,Dallas,2026-06-12,13,31.4,88.52,52.6
8,Dallas,2026-06-12,14,31.8,89.24,50.3
8,Dallas,2026-06-12,15,32.4,90.32,48.4
8,Dallas,2026-06-12,16,32.8,91.04,46.8
8,Dallas,2026-06-12,17,32.5,90.5,47.8
8,Dallas,2026-06-12,18,32,89.6,49
8,Dallas,2026-06-12,19,31,87.8,52.8
8,Dallas,2026-06-12,20,29.7,85.46,58
8,Dallas,2026-06-12,21,28.4,83.12,61.5
8,Dallas,2026-06-12,22,27.6,81.68,64.2
8,Dallas,2026-06-13,10,27.7,81.86,67.4
8,Dallas,2026-06-13,11,29.1,84.38,61.5
8,Dallas,2026-06-13,12,30.5,86.9,55.9
8,Dallas,2026-06-13,13,31.4,88.52,52
8,Dallas,2026-06-13,14,32.1,89.78,50.2
8,Dallas,2026-06-13,15,32.5,90.5,48.8
8,Dallas,2026-06-13,16,32.9,91.22,47.5
8,Dallas,2026-06-13,17,32.9,91.22,47.5
8,Dallas,2026-06-13,18,32.6,90.68,47.5
8,Dallas,2026-06-13,19,31.8,89.24,51.1
8,Dallas,2026-06-13,20,30.6,87.08,57.3
8,Dallas,2026-06-13,21,29,84.2,61.2
8,Dallas,2026-06-13,22,28.2,82.76,64.8
8,Dallas,2026-06-14,10,27.8,82.04,65.8
8,Dallas,2026-06-14,11,29.2,84.56,61
8,Dallas,2026-06-14,12,30.4,86.72,56.4
8,Dallas,2026-06-14,13,31.3,88.34,53
8,Dallas,2026-06-14,14,31.8,89.24,51.5
8,Dallas,2026-06-14,15,32.4,90.32,49.2
8,Dallas,2026-06-14,16,32.6,90.68,48.7
8,Dallas,2026-06-14,17,32.6,90.68,47.8
8,Dallas,2026-06-14,18,32.5,90.5,47.9
8,Dallas,2026-06-14,19,31.6,88.88,51.4
8,Dallas,2026-06-14,20,30.2,86.36,56
8,Dallas,2026-06-14,21,28.9,84.02,59.9
8,Dallas,2026-06-14,22,28.1,82.58,62.4
8,Dallas,2026-06-15,10,28.3,82.94,65.2
8,Dallas,2026-06-15,11,29.6,85.28,59.7
8,Dallas,2026-06-15,12,30.8,87.44,55.6
8,Dallas,2026-06-15,13,31.8,89.24,51.9
8,Dallas,2026-06-15,14,32.4,90.32,51.3
8,Dallas,2026-06-15,15,33,91.4,48.8
8,Dallas,2026-06-15,16,33.2,91.76,47.6
8,Dallas,2026-06-15,17,33.4,92.12,46.2
8,Dallas,2026-06-15,18,32.7,90.86,47.1
8,Dallas,2026-06-15,19,32,89.6,50.4
8,Dallas,2026-06-15,20,30.4,86.72,55.9
8,Dallas,2026-06-15,21,29.2,84.56,59.1
8,Dallas,2026-06-15,22,28.4,83.12,62
8,Dallas,2026-06-16,10,28.1,82.58,67.1
8,Dallas,2026-06-16,11,29.5,85.1,61
8,Dallas,2026-06-16,12,30.7,87.26,56.5
8,Dallas,2026-06-16,13,31.9,89.42,51.6
8,Dallas,2026-06-16,14,32.6,90.68,50
8,Dallas,2026-06-16,15,33.1,91.58,48.1
8,Dallas,2026-06-16,16,33.4,92.12,46.5
8,Dallas,2026-06-16,17,33.5,92.3,46.2
8,Dallas,2026-06-16,18,32.6,90.68,48.8
8,Dallas,2026-06-16,19,31.8,89.24,51.9
8,Dallas,2026-06-16,20,30.7,87.26,55.5
8,Dallas,2026-06-16,21,29.3,84.74,58.9
8,Dallas,2026-06-16,22,28.4,83.12,61.4
8,Dallas,2026-06-17,10,28,82.4,67.8
8,Dallas,2026-06-17,11,29.4,84.92,62.3
8,Dallas,2026-06-17,12,30.4,86.72,58.5
8,Dallas,2026-06-17,13,31.3,88.34,55.5
8,Dallas,2026-06-17,14,31.7,89.06,54.5
8,Dallas,2026-06-17,15,32.4,90.32,51.6
8,Dallas,2026-06-17,16,32.7,90.86,50.1
8,Dallas,2026-06-17,17,32.4,90.32,51.2
8,Dallas,2026-06-17,18,32,89.6,51.9
8,Dallas,2026-06-17,19,31.4,88.52,53.6
8,Dallas,2026-06-17,20,30.3,86.54,57.8
8,Dallas,2026-06-17,21,29,84.2,62.4
8,Dallas,2026-06-17,22,28.1,82.58,66.6
8,Dallas,2026-06-18,10,27.3,81.14,70.3
8,Dallas,2026-06-18,11,28.5,83.3,65.8
8,Dallas,2026-06-18,12,29.9,85.82,60.8
8,Dallas,2026-06-18,13,31.1,87.98,56.2
8,Dallas,2026-06-18,14,32,89.6,52
8,Dallas,2026-06-18,15,32.9,91.22,49.1
8,Dallas,2026-06-18,16,33.1,91.58,48
8,Dallas,2026-06-18,17,33.1,91.58,48
8,Dallas,2026-06-18,18,32.8,91.04,48.4
8,Dallas,2026-06-18,19,32.1,89.78,50.9
8,Dallas,2026-06-18,20,30.8,87.44,56.9
8,Dallas,2026-06-18,21,29.3,84.74,61.9
8,Dallas,2026-06-18,22,28.5,83.3,65.6
8,Dallas,2026-06-19,10,27.4,81.32,70.5
8,Dallas,2026-06-19,11,28.9,84.02,64.3
8,Dallas,2026-06-19,12,30.2,86.36,59.3
8,Dallas,2026-06-19,13,31.3,88.34,55.3
8,Dallas,2026-06-19,14,32,89.6,51.9
8,Dallas,2026-06-19,15,32.9,91.22,48.6
8,Dallas,2026-06-19,16,33.2,91.76,46.8
8,Dallas,2026-06-19,17,33,91.4,47.3
8,Dallas,2026-06-19,18,32.6,90.68,48.5
8,Dallas,2026-06-19,19,31.4,88.52,53.8
8,Dallas,2026-06-19,20,30.3,86.54,57.6
8,Dallas,2026-06-19,21,29.1,84.38,62.8
8,Dallas,2026-06-19,22,28.4,83.12,64.7
8,Dallas,2026-06-20,10,27.5,81.5,68.6
8,Dallas,2026-06-20,11,28.8,83.84,63.4
8,Dallas,2026-06-20,12,30.1,86.18,57.9
8,Dallas,2026-06-20,13,31.3,88.34,53.8
8,Dallas,2026-06-20,14,32.1,89.78,49.9
8,Dallas,2026-06-20,15,32.8,91.04,47.1
8,Dallas,2026-06-20,16,33.2,91.76,45.5
8,Dallas,2026-06-20,17,33.3,91.94,44.6
8,Dallas,2026-06-20,18,33,91.4,45
8,Dallas,2026-06-20,19,32.1,89.78,49.6
8,Dallas,2026-06-20,20,31,87.8,54.3
8,Dallas,2026-06-20,21,29.6,85.28,59.1
8,Dallas,2026-06-20,22,28.6,83.48,63.4
8,Dallas,2026-06-21,10,28.4,83.12,66.9
8,Dallas,2026-06-21,11,29.5,85.1,61.7
8,Dallas,2026-06-21,12,30.6,87.08,56.8
8,Dallas,2026-06-21,13,31.1,87.98,54.2
8,Dallas,2026-06-21,14,31.7,89.06,52.2
8,Dallas,2026-06-21,15,32.3,90.14,49.9
8,Dallas,2026-06-21,16,32.5,90.5,48.8
8,Dallas,2026-06-21,17,32.4,90.32,48.5
8,Dallas,2026-06-21,18,32.1,89.78,49.1
8,Dallas,2026-06-21,19,31.3,88.34,51.5
8,Dallas,2026-06-21,20,30.2,86.36,56
8,Dallas,2026-06-21,21,28.9,84.02,60.4
8,Dallas,2026-06-21,22,28.1,82.58,63
8,Dallas,2026-06-22,10,28.2,82.76,65.2
8,Dallas,2026-06-22,11,29.6,85.28,59.6
8,Dallas,2026-06-22,12,30.6,87.08,55.9
8,Dallas,2026-06-22,13,31.4,88.52,53
8,Dallas,2026-06-22,14,32.1,89.78,49.6
8,Dallas,2026-06-22,15,32.6,90.68,48.4
8,Dallas,2026-06-22,16,32.9,91.22,47.2
8,Dallas,2026-06-22,17,32.9,91.22,46.8
8,Dallas,2026-06-22,18,32.7,90.86,47.2
8,Dallas,2026-06-22,19,31.8,89.24,51.6
8,Dallas,2026-06-22,20,30.5,86.9,57.3
8,Dallas,2026-06-22,21,29.1,84.38,61.5
8,Dallas,2026-06-22,22,28.4,83.12,64.3
8,Dallas,2026-06-23,10,28.4,83.12,65.3
8,Dallas,2026-06-23,11,29.7,85.46,59.6
8,Dallas,2026-06-23,12,30.9,87.62,55.2
8,Dallas,2026-06-23,13,31.9,89.42,51.5
8,Dallas,2026-06-23,14,32.3,90.14,50.2
8,Dallas,2026-06-23,15,32.8,91.04,47.5
8,Dallas,2026-06-23,16,33.2,91.76,45.7
8,Dallas,2026-06-23,17,33.1,91.58,45.6
8,Dallas,2026-06-23,18,32.9,91.22,46.2
8,Dallas,2026-06-23,19,32.1,89.78,49.5
8,Dallas,2026-06-23,20,31.1,87.98,54.8
8,Dallas,2026-06-23,21,29.5,85.1,59.2
8,Dallas,2026-06-23,22,28.6,83.48,63.4
8,Dallas,2026-06-24,10,28.6,83.48,63.9
8,Dallas,2026-06-24,11,29.9,85.82,58.2
8,Dallas,2026-06-24,12,31.1,87.98,53.1
8,Dallas,2026-06-24,13,32.1,89.78,49.5
8,Dallas,2026-06-24,14,32.8,91.04,48.7
8,Dallas,2026-06-24,15,33.1,91.58,47.9
8,Dallas,2026-06-24,16,33.2,91.76,47.2
8,Dallas,2026-06-24,17,33.2,91.76,46.6
8,Dallas,2026-06-24,18,32.9,91.22,46.5
8,Dallas,2026-06-24,19,32.3,90.14,48.5
8,Dallas,2026-06-24,20,31.1,87.98,53
8,Dallas,2026-06-24,21,29.8,85.64,57.7
8,Dallas,2026-06-24,22,28.9,84.02,60.9
8,Dallas,2026-06-25,10,28.5,83.3,65.5
8,Dallas,2026-06-25,11,29.8,85.64,60.2
8,Dallas,2026-06-25,12,31,87.8,55.7
8,Dallas,2026-06-25,13,32,89.6,52.1
8,Dallas,2026-06-25,14,32.6,90.68,49.4
8,Dallas,2026-06-25,15,33.2,91.76,46.9
8,Dallas,2026-06-25,16,33.5,92.3,45.1
8,Dallas,2026-06-25,17,33.5,92.3,44.6
8,Dallas,2026-06-25,18,33,91.4,46
8,Dallas,2026-06-25,19,32.1,89.78,50.4
8,Dallas,2026-06-25,20,31.1,87.98,54.5
8,Dallas,2026-06-25,21,29.5,85.1,59.8
8,Dallas,2026-06-25,22,28.7,83.66,61.9
8,Dallas,2026-06-26,10,29,84.2,62.5
8,Dallas,2026-06-26,11,30.4,86.72,57.2
8,Dallas,2026-06-26,12,31.6,88.88,52.9
8,Dallas,2026-06-26,13,32.6,90.68,49.3
8,Dallas,2026-06-26,14,32.9,91.22,48.3
8,Dallas,2026-06-26,15,33.4,92.12,46.9
8,Dallas,2026-06-26,16,33.6,92.48,45.4
8,Dallas,2026-06-26,17,33.6,92.48,44.4
8,Dallas,2026-06-26,18,33.2,91.76,45.1
8,Dallas,2026-06-26,19,32.6,90.68,48
8,Dallas,2026-06-26,20,31.4,88.52,52
8,Dallas,2026-06-26,21,30,86,56.8
8,Dallas,2026-06-26,22,29,84.2,61.1
8,Dallas,2026-06-27,10,28.6,83.48,63.2
8,Dallas,2026-06-27,11,30.2,86.36,56.6
8,Dallas,2026-06-27,12,31.7,89.06,51.8
8,Dallas,2026-06-27,13,32.7,90.86,48.3
8,Dallas,2026-06-27,14,33.1,91.58,47.1
8,Dallas,2026-06-27,15,33.7,92.66,44.8
8,Dallas,2026-06-27,16,33.9,93.02,44.8
8,Dallas,2026-06-27,17,33.8,92.84,44.5
8,Dallas,2026-06-27,18,33.4,92.12,45
8,Dallas,2026-06-27,19,32.6,90.68,49.5
8,Dallas,2026-06-27,20,31.1,87.98,54.2
8,Dallas,2026-06-27,21,29.8,85.64,58
8,Dallas,2026-06-27,22,28.9,84.02,61.4
9,Houston,2026-06-11,10,28.5,83.3,67.7
9,Houston,2026-06-11,11,29.8,85.64,61.9
9,Houston,2026-06-11,12,30.9,87.62,56.8
9,Houston,2026-06-11,13,31.7,89.06,53.8
9,Houston,2026-06-11,14,32.2,89.96,51.7
9,Houston,2026-06-11,15,32.4,90.32,50.5
9,Houston,2026-06-11,16,32.4,90.32,50.5
9,Houston,2026-06-11,17,31.9,89.42,51.9
9,Houston,2026-06-11,18,31.5,88.7,53.9
9,Houston,2026-06-11,19,30.6,87.08,58.5
9,Houston,2026-06-11,20,29,84.2,65.9
9,Houston,2026-06-11,21,27.5,81.5,72.7
9,Houston,2026-06-11,22,26.5,79.7,78.2
9,Houston,2026-06-12,10,28.8,83.84,68.2
9,Houston,2026-06-12,11,30.1,86.18,61.5
9,Houston,2026-06-12,12,31.1,87.98,57
9,Houston,2026-06-12,13,31.9,89.42,54.2
9,Houston,2026-06-12,14,32.3,90.14,51.6
9,Houston,2026-06-12,15,32.5,90.5,50.2
9,Houston,2026-06-12,16,32.5,90.5,50.2
9,Houston,2026-06-12,17,32.3,90.14,51.6
9,Houston,2026-06-12,18,31.6,88.88,54.4
9,Houston,2026-06-12,19,30.4,86.72,61.2
9,Houston,2026-06-12,20,29,84.2,67
9,Houston,2026-06-12,21,27.6,81.68,72.9
9,Houston,2026-06-12,22,26.7,80.06,77.8
9,Houston,2026-06-13,10,28.9,84.02,67.7
9,Houston,2026-06-13,11,30.3,86.54,60.6
9,Houston,2026-06-13,12,31.4,88.52,55.9
9,Houston,2026-06-13,13,32.2,89.96,52.9
9,Houston,2026-06-13,14,32.6,90.68,51.9
9,Houston,2026-06-13,15,32.9,91.22,50.8
9,Houston,2026-06-13,16,32.8,91.04,50.3
9,Houston,2026-06-13,17,32.3,90.14,52.5
9,Houston,2026-06-13,18,31.4,88.52,55.8
9,Houston,2026-06-13,19,30.3,86.54,62
9,Houston,2026-06-13,20,28.9,84.02,68
9,Houston,2026-06-13,21,27.7,81.86,75.2
9,Houston,2026-06-13,22,26.9,80.42,80.3
9,Houston,2026-06-14,10,29.1,84.38,67.2
9,Houston,2026-06-14,11,30.4,86.72,61.3
9,Houston,2026-06-14,12,31.5,88.7,55.8
9,Houston,2026-06-14,13,32.2,89.96,52.5
9,Houston,2026-06-14,14,32.7,90.86,50
9,Houston,2026-06-14,15,33,91.4,49.8
9,Houston,2026-06-14,16,32.8,91.04,50.5
9,Houston,2026-06-14,17,32.4,90.32,52
9,Houston,2026-06-14,18,31.6,88.88,54.9
9,Houston,2026-06-14,19,30.5,86.9,60.9
9,Houston,2026-06-14,20,29.3,84.74,66.4
9,Houston,2026-06-14,21,28,82.4,73.1
9,Houston,2026-06-14,22,27.1,80.78,78.5
9,Houston,2026-06-15,10,29.4,84.92,69.3
9,Houston,2026-06-15,11,30.7,87.26,63
9,Houston,2026-06-15,12,31.7,89.06,58.5
9,Houston,2026-06-15,13,32.4,90.32,56
9,Houston,2026-06-15,14,33.1,91.58,52.5
9,Houston,2026-06-15,15,33.3,91.94,50.8
9,Houston,2026-06-15,16,32.9,91.22,52.2
9,Houston,2026-06-15,17,32.3,90.14,54
9,Houston,2026-06-15,18,31.5,88.7,57.4
9,Houston,2026-06-15,19,30.3,86.54,63.3
9,Houston,2026-06-15,20,29.2,84.56,68.3
9,Houston,2026-06-15,21,27.9,82.22,75.3
9,Houston,2026-06-15,22,27.1,80.78,80.2
9,Houston,2026-06-16,10,29,84.2,69.8
9,Houston,2026-06-16,11,30.1,86.18,64.7
9,Houston,2026-06-16,12,30.9,87.62,60.6
9,Houston,2026-06-16,13,31.9,89.42,56.9
9,Houston,2026-06-16,14,32.3,90.14,55.5
9,Houston,2026-06-16,15,32.5,90.5,54.2
9,Houston,2026-06-16,16,32.5,90.5,54
9,Houston,2026-06-16,17,32,89.6,55.4
9,Houston,2026-06-16,18,31.3,88.34,57.9
9,Houston,2026-06-16,19,29.9,85.82,64.7
9,Houston,2026-06-16,20,28.9,84.02,69.2
9,Houston,2026-06-16,21,27.6,81.68,75.5
9,Houston,2026-06-16,22,26.9,80.42,79.5
9,Houston,2026-06-17,10,28.8,83.84,71.9
9,Houston,2026-06-17,11,30,86,65.5
9,Houston,2026-06-17,12,30.9,87.62,60.6
9,Houston,2026-06-17,13,31.7,89.06,56.8
9,Houston,2026-06-17,14,31.9,89.42,55.4
9,Houston,2026-06-17,15,32.5,90.5,53
9,Houston,2026-06-17,16,32.5,90.5,52.9
9,Houston,2026-06-17,17,32.2,89.96,53.9
9,Houston,2026-06-17,18,31.6,88.88,56
9,Houston,2026-06-17,19,30.6,87.08,61.8
9,Houston,2026-06-17,20,29.3,84.74,67.2
9,Houston,2026-06-17,21,28.1,82.58,73.3
9,Houston,2026-06-17,22,27.3,81.14,77.8
9,Houston,2026-06-18,10,29,84.2,70.8
9,Houston,2026-06-18,11,30.3,86.54,63.8
9,Houston,2026-06-18,12,31.4,88.52,58.8
9,Houston,2026-06-18,13,32.1,89.78,55.4
9,Houston,2026-06-18,14,32.1,89.78,55.6
9,Houston,2026-06-18,15,32.3,90.14,54.5
9,Houston,2026-06-18,16,32.3,90.14,54
9,Houston,2026-06-18,17,31.8,89.24,56
9,Houston,2026-06-18,18,31.2,88.16,58.2
9,Houston,2026-06-18,19,30,86,65.5
9,Houston,2026-06-18,20,28.9,84.02,71.1
9,Houston,2026-06-18,21,27.8,82.04,76.7
9,Houston,2026-06-18,22,27,80.6,80.8
9,Houston,2026-06-19,10,28.6,83.48,73.5
9,Houston,2026-06-19,11,29.8,85.64,67.3
9,Houston,2026-06-19,12,30.7,87.26,62.9
9,Houston,2026-06-19,13,31.4,88.52,59.5
9,Houston,2026-06-19,14,32,89.6,58.1
9,Houston,2026-06-19,15,32.3,90.14,56.4
9,Houston,2026-06-19,16,32.1,89.78,56.9
9,Houston,2026-06-19,17,31.6,88.88,58.4
9,Houston,2026-06-19,18,30.8,87.44,61.5
9,Houston,2026-06-19,19,29.6,85.28,68
9,Houston,2026-06-19,20,28.5,83.3,72.9
9,Houston,2026-06-19,21,27.5,81.5,77.7
9,Houston,2026-06-19,22,26.9,80.42,81.5
9,Houston,2026-06-20,10,28.8,83.84,72.6
9,Houston,2026-06-20,11,30,86,66.8
9,Houston,2026-06-20,12,31,87.8,62.6
9,Houston,2026-06-20,13,31.5,88.7,59.9
9,Houston,2026-06-20,14,31.9,89.42,57.7
9,Houston,2026-06-20,15,31.7,89.06,57.9
9,Houston,2026-06-20,16,32,89.6,56.9
9,Houston,2026-06-20,17,31.6,88.88,57.6
9,Houston,2026-06-20,18,30.9,87.62,60.3
9,Houston,2026-06-20,19,29.9,85.82,66
9,Houston,2026-06-20,20,28.7,83.66,71.4
9,Houston,2026-06-20,21,27.7,81.86,76.6
9,Houston,2026-06-20,22,27,80.6,81.1
9,Houston,2026-06-21,10,28.6,83.48,72.2
9,Houston,2026-06-21,11,29.8,85.64,66.7
9,Houston,2026-06-21,12,30.6,87.08,62.4
9,Houston,2026-06-21,13,31.4,88.52,59.4
9,Houston,2026-06-21,14,31.9,89.42,57
9,Houston,2026-06-21,15,32,89.6,56.1
9,Houston,2026-06-21,16,31.7,89.06,56.2
9,Houston,2026-06-21,17,31.3,88.34,57.1
9,Houston,2026-06-21,18,30.6,87.08,60.5
9,Houston,2026-06-21,19,29.7,85.46,67.3
9,Houston,2026-06-21,20,28.6,83.48,72.4
9,Houston,2026-06-21,21,27.5,81.5,78.1
9,Houston,2026-06-21,22,26.8,80.24,82
9,Houston,2026-06-22,10,28.5,83.3,72.3
9,Houston,2026-06-22,11,29.6,85.28,66.8
9,Houston,2026-06-22,12,30.6,87.08,62.5
9,Houston,2026-06-22,13,31.3,88.34,59.9
9,Houston,2026-06-22,14,31.9,89.42,57.9
9,Houston,2026-06-22,15,32.2,89.96,56.2
9,Houston,2026-06-22,16,31.8,89.24,57.4
9,Houston,2026-06-22,17,31.4,88.52,58.9
9,Houston,2026-06-22,18,30.8,87.44,61.3
9,Houston,2026-06-22,19,29.6,85.28,68.2
9,Houston,2026-06-22,20,28.5,83.3,72.2
9,Houston,2026-06-22,21,27.5,81.5,78.2
9,Houston,2026-06-22,22,26.8,80.24,81.7
9,Houston,2026-06-23,10,28.7,83.66,72.2
9,Houston,2026-06-23,11,29.8,85.64,66.3
9,Houston,2026-06-23,12,30.8,87.44,61.8
9,Houston,2026-06-23,13,31.6,88.88,58.8
9,Houston,2026-06-23,14,31.7,89.06,57.2
9,Houston,2026-06-23,15,31.9,89.42,57.1
9,Houston,2026-06-23,16,31.8,89.24,57.8
9,Houston,2026-06-23,17,31.5,88.7,58.4
9,Houston,2026-06-23,18,31,87.8,59.9
9,Houston,2026-06-23,19,30.1,86.18,64.8
9,Houston,2026-06-23,20,29.1,84.38,69.3
9,Houston,2026-06-23,21,28.1,82.58,74
9,Houston,2026-06-23,22,27.3,81.14,78.4
9,Houston,2026-06-24,10,28,82.4,74.2
9,Houston,2026-06-24,11,29.3,84.74,68.2
9,Houston,2026-06-24,12,30.4,86.72,62.5
9,Houston,2026-06-24,13,31.1,87.98,59.5
9,Houston,2026-06-24,14,31.6,88.88,58
9,Houston,2026-06-24,15,31.9,89.42,57.2
9,Houston,2026-06-24,16,32,89.6,56.6
9,Houston,2026-06-24,17,31.9,89.42,56.1
9,Houston,2026-06-24,18,31.3,88.34,58.4
9,Houston,2026-06-24,19,30.5,86.9,63.4
9,Houston,2026-06-24,20,29.4,84.92,68.4
9,Houston,2026-06-24,21,28.2,82.76,74.2
9,Houston,2026-06-24,22,27.4,81.32,79.2
9,Houston,2026-06-25,10,29,84.2,72.5
9,Houston,2026-06-25,11,30.1,86.18,67.2
9,Houston,2026-06-25,12,31,87.8,63.9
9,Houston,2026-06-25,13,31.5,88.7,61.3
9,Houston,2026-06-25,14,32,89.6,59.1
9,Houston,2026-06-25,15,32,89.6,58.5
9,Houston,2026-06-25,16,31.9,89.42,58.9
9,Houston,2026-06-25,17,31.7,89.06,59.5
9,Houston,2026-06-25,18,31.3,88.34,60
9,Houston,2026-06-25,19,30.3,86.54,65.5
9,Houston,2026-06-25,20,29.2,84.56,69.8
9,Houston,2026-06-25,21,28.1,82.58,75
9,Houston,2026-06-25,22,27.3,81.14,79.2
9,Houston,2026-06-26,10,29.2,84.56,71.3
9,Houston,2026-06-26,11,30.2,86.36,66
9,Houston,2026-06-26,12,31,87.8,62.9
9,Houston,2026-06-26,13,31.6,88.88,59.8
9,Houston,2026-06-26,14,31.8,89.24,58.8
9,Houston,2026-06-26,15,32.1,89.78,57.5
9,Houston,2026-06-26,16,32.1,89.78,57.5
9,Houston,2026-06-26,17,31.6,88.88,58.6
9,Houston,2026-06-26,18,30.9,87.62,61.8
9,Houston,2026-06-26,19,30.1,86.18,66.9
9,Houston,2026-06-26,20,29.1,84.38,70.9
9,Houston,2026-06-26,21,28,82.4,75.3
9,Houston,2026-06-26,22,27.2,80.96,79.3
9,Houston,2026-06-27,10,28.5,83.3,72.8
9,Houston,2026-06-27,11,29.6,85.28,66.5
9,Houston,2026-06-27,12,30.9,87.62,61.9
9,Houston,2026-06-27,13,31.8,89.24,58.1
9,Houston,2026-06-27,14,32.2,89.96,56.8
9,Houston,2026-06-27,15,32.4,90.32,55.9
9,Houston,2026-06-27,16,32.4,90.32,55.4
9,Houston,2026-06-27,17,32.2,89.96,55.1
9,Houston,2026-06-27,18,31.5,88.7,58.2
9,Houston,2026-06-27,19,30.1,86.18,66.2
9,Houston,2026-06-27,20,28.8,83.84,72.3
9,Houston,2026-06-27,21,27.5,81.5,78.7
9,Houston,2026-06-27,22,26.8,80.24,82.4
10,Kansas City,2026-06-11,10,24.3,75.74,70.3
10,Kansas City,2026-06-11,11,25.6,78.08,64.5
10,Kansas City,2026-06-11,12,26.6,79.88,60.8
10,Kansas City,2026-06-11,13,27.5,81.5,57.1
10,Kansas City,2026-06-11,14,27.9,82.22,54.5
10,Kansas City,2026-06-11,15,28.7,83.66,51.5
10,Kansas City,2026-06-11,16,29.1,84.38,50
10,Kansas City,2026-06-11,17,29,84.2,49.8
10,Kansas City,2026-06-11,18,28.7,83.66,50.5
10,Kansas City,2026-06-11,19,27.2,80.96,58
10,Kansas City,2026-06-11,20,25.9,78.62,64.1
10,Kansas City,2026-06-11,21,24.5,76.1,68.5
10,Kansas City,2026-06-11,22,23.7,74.66,70.8
10,Kansas City,2026-06-12,10,23.6,74.48,70.8
10,Kansas City,2026-06-12,11,24.8,76.64,66.1
10,Kansas City,2026-06-12,12,26,78.8,61.8
10,Kansas City,2026-06-12,13,27,80.6,58.8
10,Kansas City,2026-06-12,14,27.3,81.14,57.5
10,Kansas City,2026-06-12,15,27.7,81.86,55.5
10,Kansas City,2026-06-12,16,28.1,82.58,54.5
10,Kansas City,2026-06-12,17,28.2,82.76,53.8
10,Kansas City,2026-06-12,18,27.8,82.04,54.5
10,Kansas City,2026-06-12,19,26.8,80.24,59
10,Kansas City,2026-06-12,20,25.4,77.72,66
10,Kansas City,2026-06-12,21,24,75.2,70.5
10,Kansas City,2026-06-12,22,23.1,73.58,73.2
10,Kansas City,2026-06-13,10,24.1,75.38,65.2
10,Kansas City,2026-06-13,11,25.5,77.9,59.9
10,Kansas City,2026-06-13,12,26.6,79.88,56.5
10,Kansas City,2026-06-13,13,27.6,81.68,53.5
10,Kansas City,2026-06-13,14,28.1,82.58,50.1
10,Kansas City,2026-06-13,15,28.7,83.66,48.5
10,Kansas City,2026-06-13,16,29.1,84.38,46.9
10,Kansas City,2026-06-13,17,29.1,84.38,47
10,Kansas City,2026-06-13,18,28.9,84.02,47.5
10,Kansas City,2026-06-13,19,27.8,82.04,52.4
10,Kansas City,2026-06-13,20,26.2,79.16,61.4
10,Kansas City,2026-06-13,21,25.1,77.18,62.5
10,Kansas City,2026-06-13,22,23.7,74.66,65.7
10,Kansas City,2026-06-14,10,25,77,65.8
10,Kansas City,2026-06-14,11,26.5,79.7,59.9
10,Kansas City,2026-06-14,12,27.8,82.04,55.1
10,Kansas City,2026-06-14,13,28.9,84.02,51.4
10,Kansas City,2026-06-14,14,29.4,84.92,49.5
10,Kansas City,2026-06-14,15,30.1,86.18,47
10,Kansas City,2026-06-14,16,30.1,86.18,46.6
10,Kansas City,2026-06-14,17,30,86,47.2
10,Kansas City,2026-06-14,18,29.6,85.28,48.6
10,Kansas City,2026-06-14,19,28.9,84.02,53.4
10,Kansas City,2026-06-14,20,27.5,81.5,59.6
10,Kansas City,2026-06-14,21,26,78.8,64.2
10,Kansas City,2026-06-14,22,24.9,76.82,68
10,Kansas City,2026-06-15,10,25.3,77.54,70.3
10,Kansas City,2026-06-15,11,26.7,80.06,64.5
10,Kansas City,2026-06-15,12,27.9,82.22,59
10,Kansas City,2026-06-15,13,29,84.2,54.9
10,Kansas City,2026-06-15,14,29.4,84.92,53
10,Kansas City,2026-06-15,15,29.8,85.64,51.6
10,Kansas City,2026-06-15,16,29.9,85.82,50.5
10,Kansas City,2026-06-15,17,29.7,85.46,51.5
10,Kansas City,2026-06-15,18,29,84.2,54.1
10,Kansas City,2026-06-15,19,28.3,82.94,59.8
10,Kansas City,2026-06-15,20,26.9,80.42,66.3
10,Kansas City,2026-06-15,21,25.5,77.9,69.8
10,Kansas City,2026-06-15,22,24.3,75.74,73.3
10,Kansas City,2026-06-16,10,26.4,79.52,66.7
10,Kansas City,2026-06-16,11,27.7,81.86,61.6
10,Kansas City,2026-06-16,12,28.9,84.02,57.4
10,Kansas City,2026-06-16,13,29.8,85.64,54
10,Kansas City,2026-06-16,14,29.6,85.28,53.8
10,Kansas City,2026-06-16,15,29.8,85.64,53.1
10,Kansas City,2026-06-16,16,30.1,86.18,51.8
10,Kansas City,2026-06-16,17,30.1,86.18,51.5
10,Kansas City,2026-06-16,18,29.7,85.46,53.2
10,Kansas City,2026-06-16,19,28.6,83.48,59.7
10,Kansas City,2026-06-16,20,27.5,81.5,65.2
10,Kansas City,2026-06-16,21,25.9,78.62,69.2
10,Kansas City,2026-06-16,22,25.1,77.18,71.8
10,Kansas City,2026-06-17,10,26.3,79.34,69.5
10,Kansas City,2026-06-17,11,27.6,81.68,64.7
10,Kansas City,2026-06-17,12,28.8,83.84,60
10,Kansas City,2026-06-17,13,29.8,85.64,56.4
10,Kansas City,2026-06-17,14,30.3,86.54,54.2
10,Kansas City,2026-06-17,15,30.7,87.26,52
10,Kansas City,2026-06-17,16,31,87.8,50.4
10,Kansas City,2026-06-17,17,30.8,87.44,50.4
10,Kansas City,2026-06-17,18,30.2,86.36,52.1
10,Kansas City,2026-06-17,19,29.3,84.74,56.9
10,Kansas City,2026-06-17,20,27.6,81.68,63.8
10,Kansas City,2026-06-17,21,26.2,79.16,68.2
10,Kansas City,2026-06-17,22,25.5,77.9,69.8
10,Kansas City,2026-06-18,10,25.9,78.62,68.3
10,Kansas City,2026-06-18,11,27.1,80.78,63.2
10,Kansas City,2026-06-18,12,28.2,82.76,59
10,Kansas City,2026-06-18,13,29.1,84.38,55.4
10,Kansas City,2026-06-18,14,29.6,85.28,52.8
10,Kansas City,2026-06-18,15,30,86,51
10,Kansas City,2026-06-18,16,30.3,86.54,49.7
10,Kansas City,2026-06-18,17,30.3,86.54,50
10,Kansas City,2026-06-18,18,30,86,50.6
10,Kansas City,2026-06-18,19,29,84.2,56
10,Kansas City,2026-06-18,20,27.5,81.5,63.1
10,Kansas City,2026-06-18,21,26.2,79.16,67.5
10,Kansas City,2026-06-18,22,25.3,77.54,68.8
10,Kansas City,2026-06-19,10,25.8,78.44,67.7
10,Kansas City,2026-06-19,11,27.2,80.96,62.1
10,Kansas City,2026-06-19,12,28,82.4,59.4
10,Kansas City,2026-06-19,13,28.7,83.66,57.1
10,Kansas City,2026-06-19,14,29.2,84.56,56.8
10,Kansas City,2026-06-19,15,29.6,85.28,54.9
10,Kansas City,2026-06-19,16,29.9,85.82,53
10,Kansas City,2026-06-19,17,29.4,84.92,54.9
10,Kansas City,2026-06-19,18,28.6,83.48,58.7
10,Kansas City,2026-06-19,19,27.9,82.22,63.2
10,Kansas City,2026-06-19,20,26.9,80.42,67.8
10,Kansas City,2026-06-19,21,25.5,77.9,72.2
10,Kansas City,2026-06-19,22,24.9,76.82,73.3
10,Kansas City,2026-06-20,10,26.2,79.16,67.3
10,Kansas City,2026-06-20,11,27.5,81.5,63
10,Kansas City,2026-06-20,12,28.8,83.84,58.1
10,Kansas City,2026-06-20,13,29.8,85.64,54.6
10,Kansas City,2026-06-20,14,30.2,86.36,53.5
10,Kansas City,2026-06-20,15,30.5,86.9,52.6
10,Kansas City,2026-06-20,16,30.9,87.62,51.2
10,Kansas City,2026-06-20,17,30.9,87.62,50.5
10,Kansas City,2026-06-20,18,30.7,87.26,51.2
10,Kansas City,2026-06-20,19,29.9,85.82,56.4
10,Kansas City,2026-06-20,20,28.4,83.12,62.4
10,Kansas City,2026-06-20,21,26.9,80.42,67.8
10,Kansas City,2026-06-20,22,26.1,78.98,70
10,Kansas City,2026-06-21,10,26,78.8,66.5
10,Kansas City,2026-06-21,11,27.2,80.96,61.5
10,Kansas City,2026-06-21,12,28.2,82.76,57.5
10,Kansas City,2026-06-21,13,29.1,84.38,54
10,Kansas City,2026-06-21,14,29.2,84.56,54.7
10,Kansas City,2026-06-21,15,29.9,85.82,52.4
10,Kansas City,2026-06-21,16,30.2,86.36,50
10,Kansas City,2026-06-21,17,30.4,86.72,48.9
10,Kansas City,2026-06-21,18,30.2,86.36,48.7
10,Kansas City,2026-06-21,19,28.8,83.84,56
10,Kansas City,2026-06-21,20,27.6,81.68,61.1
10,Kansas City,2026-06-21,21,26.2,79.16,66
10,Kansas City,2026-06-21,22,25.5,77.9,67.8
10,Kansas City,2026-06-22,10,26,78.8,66.6
10,Kansas City,2026-06-22,11,27.3,81.14,61.6
10,Kansas City,2026-06-22,12,28.3,82.94,57.8
10,Kansas City,2026-06-22,13,29.3,84.74,53.8
10,Kansas City,2026-06-22,14,29.6,85.28,53.9
10,Kansas City,2026-06-22,15,30.2,86.36,51.5
10,Kansas City,2026-06-22,16,30.4,86.72,50.1
10,Kansas City,2026-06-22,17,30.3,86.54,49.4
10,Kansas City,2026-06-22,18,29.9,85.82,50.4
10,Kansas City,2026-06-22,19,28.8,83.84,56.2
10,Kansas City,2026-06-22,20,27.5,81.5,62.3
10,Kansas City,2026-06-22,21,26.2,79.16,66
10,Kansas City,2026-06-22,22,25.2,77.36,69.7
10,Kansas City,2026-06-23,10,25.1,77.18,65.9
10,Kansas City,2026-06-23,11,26.4,79.52,60.5
10,Kansas City,2026-06-23,12,27.3,81.14,56.6
10,Kansas City,2026-06-23,13,28.2,82.76,53
10,Kansas City,2026-06-23,14,28.5,83.3,51.5
10,Kansas City,2026-06-23,15,29.1,84.38,49.4
10,Kansas City,2026-06-23,16,29.5,85.1,47.9
10,Kansas City,2026-06-23,17,29.5,85.1,47.8
10,Kansas City,2026-06-23,18,29,84.2,49
10,Kansas City,2026-06-23,19,28.2,82.76,54.2
10,Kansas City,2026-06-23,20,27.1,80.78,60.1
10,Kansas City,2026-06-23,21,25.6,78.08,64.5
10,Kansas City,2026-06-23,22,24.5,76.1,67.6
10,Kansas City,2026-06-24,10,25.5,77.9,66.2
10,Kansas City,2026-06-24,11,26.9,80.42,60.4
10,Kansas City,2026-06-24,12,28,82.4,57
10,Kansas City,2026-06-24,13,29.1,84.38,53.6
10,Kansas City,2026-06-24,14,29.7,85.46,51.9
10,Kansas City,2026-06-24,15,30.4,86.72,49.1
10,Kansas City,2026-06-24,16,30.7,87.26,48.5
10,Kansas City,2026-06-24,17,30.7,87.26,48.6
10,Kansas City,2026-06-24,18,30.2,86.36,50.6
10,Kansas City,2026-06-24,19,29,84.2,55.4
10,Kansas City,2026-06-24,20,27.7,81.86,60.8
10,Kansas City,2026-06-24,21,26.3,79.34,65
10,Kansas City,2026-06-24,22,25.4,77.72,68
10,Kansas City,2026-06-25,10,26.8,80.24,64.6
10,Kansas City,2026-06-25,11,28.3,82.94,58.9
10,Kansas City,2026-06-25,12,29.5,85.1,55.3
10,Kansas City,2026-06-25,13,30.2,86.36,52
10,Kansas City,2026-06-25,14,30.4,86.72,52.6
10,Kansas City,2026-06-25,15,30.9,87.62,50.6
10,Kansas City,2026-06-25,16,31.1,87.98,50.1
10,Kansas City,2026-06-25,17,30.8,87.44,50.7
10,Kansas City,2026-06-25,18,30.2,86.36,53.1
10,Kansas City,2026-06-25,19,28.9,84.02,59.6
10,Kansas City,2026-06-25,20,27.5,81.5,65.3
10,Kansas City,2026-06-25,21,26.3,79.34,68
10,Kansas City,2026-06-25,22,25.4,77.72,71.2
10,Kansas City,2026-06-26,10,25.2,77.36,69.2
10,Kansas City,2026-06-26,11,26.3,79.34,65
10,Kansas City,2026-06-26,12,27.4,81.32,61
10,Kansas City,2026-06-26,13,28.4,83.12,56.9
10,Kansas City,2026-06-26,14,29.1,84.38,55.3
10,Kansas City,2026-06-26,15,29.6,85.28,52.9
10,Kansas City,2026-06-26,16,30,86,50.9
10,Kansas City,2026-06-26,17,30,86,50.8
10,Kansas City,2026-06-26,18,29.5,85.1,52.4
10,Kansas City,2026-06-26,19,28.3,82.94,58.3
10,Kansas City,2026-06-26,20,27.2,80.96,64
10,Kansas City,2026-06-26,21,25.8,78.44,68.7
10,Kansas City,2026-06-26,22,24.8,76.64,72.3
10,Kansas City,2026-06-27,10,25.9,78.62,66.5
10,Kansas City,2026-06-27,11,27.3,81.14,61.5
10,Kansas City,2026-06-27,12,28.4,83.12,57.9
10,Kansas City,2026-06-27,13,29.4,84.92,54
10,Kansas City,2026-06-27,14,29.9,85.82,52
10,Kansas City,2026-06-27,15,30.1,86.18,51.4
10,Kansas City,2026-06-27,16,30.3,86.54,51.1
10,Kansas City,2026-06-27,17,30,86,52.7
10,Kansas City,2026-06-27,18,29.7,85.46,53.8
10,Kansas City,2026-06-27,19,28.5,83.3,59.3
10,Kansas City,2026-06-27,20,27.2,80.96,65
10,Kansas City,2026-06-27,21,25.8,78.44,68.3
10,Kansas City,2026-06-27,22,25,77,70.9
11,Los Angeles,2026-06-11,10,21,69.8,57.5
11,Los Angeles,2026-06-11,11,22.9,73.22,51
11,Los Angeles,2026-06-11,12,23.7,74.66,49.2
11,Los Angeles,2026-06-11,13,24.3,75.74,47.1
11,Los Angeles,2026-06-11,14,24.5,76.1,46
11,Los Angeles,2026-06-11,15,24.3,75.74,46.5
11,Los Angeles,2026-06-11,16,23.9,75.02,47.4
11,Los Angeles,2026-06-11,17,22.9,73.22,50.5
11,Los Angeles,2026-06-11,18,21.9,71.42,53.9
11,Los Angeles,2026-06-11,19,20.4,68.72,59.9
11,Los Angeles,2026-06-11,20,18.8,65.84,67.5
11,Los Angeles,2026-06-11,21,17.9,64.22,73
11,Los Angeles,2026-06-11,22,17.3,63.14,76.5
11,Los Angeles,2026-06-12,10,20.7,69.26,58.3
11,Los Angeles,2026-06-12,11,22.4,72.32,52.5
11,Los Angeles,2026-06-12,12,23.2,73.76,50.8
11,Los Angeles,2026-06-12,13,24,75.2,48.3
11,Los Angeles,2026-06-12,14,24.2,75.56,47.1
11,Los Angeles,2026-06-12,15,24.1,75.38,46.8
11,Los Angeles,2026-06-12,16,23.7,74.66,47.8
11,Los Angeles,2026-06-12,17,22.9,73.22,51
11,Los Angeles,2026-06-12,18,21.9,71.42,55.1
11,Los Angeles,2026-06-12,19,20.5,68.9,60.9
11,Los Angeles,2026-06-12,20,18.9,66.02,68.2
11,Los Angeles,2026-06-12,21,18,64.4,73.9
11,Los Angeles,2026-06-12,22,17.4,63.32,77.4
11,Los Angeles,2026-06-13,10,21.1,69.98,57.9
11,Los Angeles,2026-06-13,11,23.2,73.76,50.6
11,Los Angeles,2026-06-13,12,24,75.2,49
11,Los Angeles,2026-06-13,13,24.7,76.46,47.5
11,Los Angeles,2026-06-13,14,24.9,76.82,46.1
11,Los Angeles,2026-06-13,15,24.8,76.64,45.3
11,Los Angeles,2026-06-13,16,24.5,76.1,45.9
11,Los Angeles,2026-06-13,17,23.7,74.66,48.5
11,Los Angeles,2026-06-13,18,22.7,72.86,52
11,Los Angeles,2026-06-13,19,21.2,70.16,58.8
11,Los Angeles,2026-06-13,20,19.5,67.1,66.8
11,Los Angeles,2026-06-13,21,18.4,65.12,73
11,Los Angeles,2026-06-13,22,17.7,63.86,76.7
11,Los Angeles,2026-06-14,10,22.2,71.96,53.8
11,Los Angeles,2026-06-14,11,24.1,75.38,47.7
11,Los Angeles,2026-06-14,12,24.9,76.82,45.9
11,Los Angeles,2026-06-14,13,25.6,78.08,44.5
11,Los Angeles,2026-06-14,14,25.9,78.62,43.3
11,Los Angeles,2026-06-14,15,25.8,78.44,42.9
11,Los Angeles,2026-06-14,16,25.5,77.9,44
11,Los Angeles,2026-06-14,17,24.6,76.28,46.5
11,Los Angeles,2026-06-14,18,23.5,74.3,50.8
11,Los Angeles,2026-06-14,19,21.9,71.42,57.5
11,Los Angeles,2026-06-14,20,20.2,68.36,65.2
11,Los Angeles,2026-06-14,21,19.1,66.38,70.7
11,Los Angeles,2026-06-14,22,18.4,65.12,74.2
11,Los Angeles,2026-06-15,10,21.9,71.42,56.3
11,Los Angeles,2026-06-15,11,23.8,74.84,49.5
11,Los Angeles,2026-06-15,12,24.7,76.46,47.4
11,Los Angeles,2026-06-15,13,25.4,77.72,45.3
11,Los Angeles,2026-06-15,14,25.6,78.08,44.1
11,Los Angeles,2026-06-15,15,25.5,77.9,44.4
11,Los Angeles,2026-06-15,16,24.8,76.64,46
11,Los Angeles,2026-06-15,17,23.9,75.02,49.5
11,Los Angeles,2026-06-15,18,22.9,73.22,53
11,Los Angeles,2026-06-15,19,21.5,70.7,57.7
11,Los Angeles,2026-06-15,20,20,68,64.4
11,Los Angeles,2026-06-15,21,18.9,66.02,69.8
11,Los Angeles,2026-06-15,22,18.1,64.58,73.4
11,Los Angeles,2026-06-16,10,22.1,71.78,54.9
11,Los Angeles,2026-06-16,11,24,75.2,48.2
11,Los Angeles,2026-06-16,12,25,77,45.9
11,Los Angeles,2026-06-16,13,25.8,78.44,44
11,Los Angeles,2026-06-16,14,26.1,78.98,42.8
11,Los Angeles,2026-06-16,15,25.8,78.44,43.2
11,Los Angeles,2026-06-16,16,25.3,77.54,45
11,Los Angeles,2026-06-16,17,24.4,75.92,48.5
11,Los Angeles,2026-06-16,18,23.4,74.12,51.5
11,Los Angeles,2026-06-16,19,22,71.6,57
11,Los Angeles,2026-06-16,20,20.5,68.9,63
11,Los Angeles,2026-06-16,21,19.4,66.92,68.3
11,Los Angeles,2026-06-16,22,18.7,65.66,72.2
11,Los Angeles,2026-06-17,10,22.5,72.5,52.6
11,Los Angeles,2026-06-17,11,24.3,75.74,47.2
11,Los Angeles,2026-06-17,12,25,77,46
11,Los Angeles,2026-06-17,13,25.7,78.26,44.5
11,Los Angeles,2026-06-17,14,25.9,78.62,43.8
11,Los Angeles,2026-06-17,15,25.9,78.62,43.5
11,Los Angeles,2026-06-17,16,25.5,77.9,44.3
11,Los Angeles,2026-06-17,17,24.5,76.1,48.1
11,Los Angeles,2026-06-17,18,23.5,74.3,51.2
11,Los Angeles,2026-06-17,19,22.1,71.78,56
11,Los Angeles,2026-06-17,20,20.5,68.9,62.7
11,Los Angeles,2026-06-17,21,19.4,66.92,68.1
11,Los Angeles,2026-06-17,22,18.6,65.48,72.2
11,Los Angeles,2026-06-18,10,22.2,71.96,53.8
11,Los Angeles,2026-06-18,11,24.3,75.74,46.5
11,Los Angeles,2026-06-18,12,25.4,77.72,43.9
11,Los Angeles,2026-06-18,13,26.1,78.98,42.3
11,Los Angeles,2026-06-18,14,26.4,79.52,41.2
11,Los Angeles,2026-06-18,15,26,78.8,42.3
11,Los Angeles,2026-06-18,16,25.5,77.9,43.6
11,Los Angeles,2026-06-18,17,24.6,76.28,46.9
11,Los Angeles,2026-06-18,18,23.7,74.66,50.2
11,Los Angeles,2026-06-18,19,22.4,72.32,55
11,Los Angeles,2026-06-18,20,20.7,69.26,62.2
11,Los Angeles,2026-06-18,21,19.6,67.28,67.9
11,Los Angeles,2026-06-18,22,18.9,66.02,71.3
11,Los Angeles,2026-06-19,10,23.1,73.58,50.2
11,Los Angeles,2026-06-19,11,24.9,76.82,45
11,Los Angeles,2026-06-19,12,25.7,78.26,43.4
11,Los Angeles,2026-06-19,13,26.6,79.88,41.1
11,Los Angeles,2026-06-19,14,26.8,80.24,40.6
11,Los Angeles,2026-06-19,15,26.7,80.06,41.1
11,Los Angeles,2026-06-19,16,26.3,79.34,42.2
11,Los Angeles,2026-06-19,17,25.4,77.72,45.7
11,Los Angeles,2026-06-19,18,24.3,75.74,49.4
11,Los Angeles,2026-06-19,19,22.9,73.22,54.4
11,Los Angeles,2026-06-19,20,21.4,70.52,60.6
11,Los Angeles,2026-06-19,21,20.2,68.36,65.8
11,Los Angeles,2026-06-19,22,19.5,67.1,69.4
11,Los Angeles,2026-06-20,10,23.9,75.02,49.2
11,Los Angeles,2026-06-20,11,26,78.8,42.8
11,Los Angeles,2026-06-20,12,26.7,80.06,42
11,Los Angeles,2026-06-20,13,27.5,81.5,40
11,Los Angeles,2026-06-20,14,27.7,81.86,39.8
11,Los Angeles,2026-06-20,15,27.6,81.68,40.3
11,Los Angeles,2026-06-20,16,27.2,80.96,41
11,Los Angeles,2026-06-20,17,26.4,79.52,43.3
11,Los Angeles,2026-06-20,18,25.4,77.72,46.6
11,Los Angeles,2026-06-20,19,23.9,75.02,51.8
11,Los Angeles,2026-06-20,20,22.2,71.96,58.5
11,Los Angeles,2026-06-20,21,20.9,69.62,64
11,Los Angeles,2026-06-20,22,20.2,68.36,67.3
11,Los Angeles,2026-06-21,10,23.4,74.12,52.1
11,Los Angeles,2026-06-21,11,25.5,77.9,45.3
11,Los Angeles,2026-06-21,12,26.1,78.98,44.6
11,Los Angeles,2026-06-21,13,26.9,80.42,42.5
11,Los Angeles,2026-06-21,14,27.2,80.96,41
11,Los Angeles,2026-06-21,15,27,80.6,41.7
11,Los Angeles,2026-06-21,16,26.6,79.88,42.8
11,Los Angeles,2026-06-21,17,25.6,78.08,45.8
11,Los Angeles,2026-06-21,18,24.6,76.28,48.2
11,Los Angeles,2026-06-21,19,23.1,73.58,53.3
11,Los Angeles,2026-06-21,20,21.4,70.52,61
11,Los Angeles,2026-06-21,21,20.2,68.36,67.5
11,Los Angeles,2026-06-21,22,19.5,67.1,71.3
11,Los Angeles,2026-06-22,10,23.2,73.76,54
11,Los Angeles,2026-06-22,11,25.2,77.36,47.2
11,Los Angeles,2026-06-22,12,26.1,78.98,45
11,Los Angeles,2026-06-22,13,26.9,80.42,43
11,Los Angeles,2026-06-22,14,27.1,80.78,42.3
11,Los Angeles,2026-06-22,15,26.8,80.24,42.8
11,Los Angeles,2026-06-22,16,26.4,79.52,43.7
11,Los Angeles,2026-06-22,17,25.8,78.44,45.1
11,Los Angeles,2026-06-22,18,24.6,76.28,49
11,Los Angeles,2026-06-22,19,22.8,73.04,55.8
11,Los Angeles,2026-06-22,20,21,69.8,63.4
11,Los Angeles,2026-06-22,21,19.9,67.82,68.8
11,Los Angeles,2026-06-22,22,19.2,66.56,72.2
11,Los Angeles,2026-06-23,10,22.9,73.22,54.4
11,Los Angeles,2026-06-23,11,24.5,76.1,49
11,Los Angeles,2026-06-23,12,25.1,77.18,47.4
11,Los Angeles,2026-06-23,13,25.8,78.44,45.5
11,Los Angeles,2026-06-23,14,26.2,79.16,43.8
11,Los Angeles,2026-06-23,15,26.1,78.98,44
11,Los Angeles,2026-06-23,16,25.6,78.08,44.9
11,Los Angeles,2026-06-23,17,24.7,76.46,48.7
11,Los Angeles,2026-06-23,18,23.8,74.84,51.2
11,Los Angeles,2026-06-23,19,22.3,72.14,57
11,Los Angeles,2026-06-23,20,20.7,69.26,64
11,Los Angeles,2026-06-23,21,19.5,67.1,70
11,Los Angeles,2026-06-23,22,18.9,66.02,73.6
11,Los Angeles,2026-06-24,10,22.6,72.68,54.8
11,Los Angeles,2026-06-24,11,24.6,76.28,48
11,Los Angeles,2026-06-24,12,25.4,77.72,46.6
11,Los Angeles,2026-06-24,13,26,78.8,44.4
11,Los Angeles,2026-06-24,14,26.2,79.16,43.5
11,Los Angeles,2026-06-24,15,26.1,78.98,43.4
11,Los Angeles,2026-06-24,16,25.6,78.08,44.5
11,Los Angeles,2026-06-24,17,24.5,76.1,48.6
11,Los Angeles,2026-06-24,18,23.5,74.3,52.3
11,Los Angeles,2026-06-24,19,22.2,71.96,57.8
11,Los Angeles,2026-06-24,20,20.7,69.26,64.8
11,Los Angeles,2026-06-24,21,19.7,67.46,70.2
11,Los Angeles,2026-06-24,22,19,66.2,73.9
11,Los Angeles,2026-06-25,10,22.6,72.68,54.4
11,Los Angeles,2026-06-25,11,24.6,76.28,48.1
11,Los Angeles,2026-06-25,12,25.2,77.36,47.5
11,Los Angeles,2026-06-25,13,25.7,78.26,45.5
11,Los Angeles,2026-06-25,14,26,78.8,44.9
11,Los Angeles,2026-06-25,15,26,78.8,44.4
11,Los Angeles,2026-06-25,16,25.8,78.44,44.9
11,Los Angeles,2026-06-25,17,25,77,47.9
11,Los Angeles,2026-06-25,18,24,75.2,50.9
11,Los Angeles,2026-06-25,19,22.6,72.68,56.9
11,Los Angeles,2026-06-25,20,21,69.8,64.3
11,Los Angeles,2026-06-25,21,20,68,69.5
11,Los Angeles,2026-06-25,22,19.4,66.92,73
11,Los Angeles,2026-06-26,10,23.2,73.76,53.5
11,Los Angeles,2026-06-26,11,25.3,77.54,46.5
11,Los Angeles,2026-06-26,12,26.3,79.34,44.3
11,Los Angeles,2026-06-26,13,27,80.6,42.2
11,Los Angeles,2026-06-26,14,27,80.6,41
11,Los Angeles,2026-06-26,15,26.8,80.24,41.5
11,Los Angeles,2026-06-26,16,26.5,79.7,42.2
11,Los Angeles,2026-06-26,17,25.5,77.9,45.9
11,Los Angeles,2026-06-26,18,24.4,75.92,49.8
11,Los Angeles,2026-06-26,19,23.1,73.58,55.2
11,Los Angeles,2026-06-26,20,21.5,70.7,62.5
11,Los Angeles,2026-06-26,21,20.4,68.72,68
11,Los Angeles,2026-06-26,22,19.7,67.46,71.7
11,Los Angeles,2026-06-27,10,23.9,75.02,51.5
11,Los Angeles,2026-06-27,11,25.9,78.62,45.3
11,Los Angeles,2026-06-27,12,27,80.6,43
11,Los Angeles,2026-06-27,13,27.5,81.5,41.9
11,Los Angeles,2026-06-27,14,27.7,81.86,41
11,Los Angeles,2026-06-27,15,27.3,81.14,42
11,Los Angeles,2026-06-27,16,26.7,80.06,44
11,Los Angeles,2026-06-27,17,26,78.8,45.6
11,Los Angeles,2026-06-27,18,24.7,76.46,50
11,Los Angeles,2026-06-27,19,23.2,73.76,55.7
11,Los Angeles,2026-06-27,20,21.7,71.06,63
11,Los Angeles,2026-06-27,21,20.5,68.9,68.7
11,Los Angeles,2026-06-27,22,19.8,67.64,72
12,Miami,2026-06-11,10,27.4,81.32,78.8
12,Miami,2026-06-11,11,28.1,82.58,74.9
12,Miami,2026-06-11,12,28.8,83.84,71.9
12,Miami,2026-06-11,13,29.1,84.38,70.8
12,Miami,2026-06-11,14,28.9,84.02,71.5
12,Miami,2026-06-11,15,28.9,84.02,72.5
12,Miami,2026-06-11,16,28.7,83.66,73
12,Miami,2026-06-11,17,28.2,82.76,74.3
12,Miami,2026-06-11,18,27.7,81.86,75.8
12,Miami,2026-06-11,19,27.2,80.96,77.8
12,Miami,2026-06-11,20,26.6,79.88,82.3
12,Miami,2026-06-11,21,26.1,78.98,84.8
12,Miami,2026-06-11,22,25.7,78.26,86.3
12,Miami,2026-06-12,10,27.7,81.86,75.7
12,Miami,2026-06-12,11,28.4,83.12,72.6
12,Miami,2026-06-12,12,28.9,84.02,70.3
12,Miami,2026-06-12,13,29.1,84.38,69.4
12,Miami,2026-06-12,14,29.1,84.38,69.4
12,Miami,2026-06-12,15,29.4,84.92,68.4
12,Miami,2026-06-12,16,28.5,83.3,72.2
12,Miami,2026-06-12,17,28,82.4,74.5
12,Miami,2026-06-12,18,27.4,81.32,77.7
12,Miami,2026-06-12,19,26.7,80.06,80.1
12,Miami,2026-06-12,20,26.1,78.98,84
12,Miami,2026-06-12,21,25.7,78.26,85.2
12,Miami,2026-06-12,22,25.6,78.08,85.7
12,Miami,2026-06-13,10,27.9,82.22,74.3
12,Miami,2026-06-13,11,28.7,83.66,71.2
12,Miami,2026-06-13,12,29.1,84.38,69.3
12,Miami,2026-06-13,13,29.4,84.92,69
12,Miami,2026-06-13,14,29.5,85.1,68.7
12,Miami,2026-06-13,15,29.3,84.74,68.2
12,Miami,2026-06-13,16,29.1,84.38,69.8
12,Miami,2026-06-13,17,28.8,83.84,71.2
12,Miami,2026-06-13,18,28.1,82.58,74
12,Miami,2026-06-13,19,27.7,81.86,76
12,Miami,2026-06-13,20,27.1,80.78,81.1
12,Miami,2026-06-13,21,26.5,79.7,83.3
12,Miami,2026-06-13,22,26.1,78.98,86
12,Miami,2026-06-14,10,27.4,81.32,78.4
12,Miami,2026-06-14,11,28.1,82.58,75
12,Miami,2026-06-14,12,28.8,83.84,72.5
12,Miami,2026-06-14,13,29.1,84.38,71.5
12,Miami,2026-06-14,14,28.9,84.02,72.7
12,Miami,2026-06-14,15,29.2,84.56,71.2
12,Miami,2026-06-14,16,28.8,83.84,73
12,Miami,2026-06-14,17,28.5,83.3,74.6
12,Miami,2026-06-14,18,28.1,82.58,75.8
12,Miami,2026-06-14,19,27.7,81.86,77.7
12,Miami,2026-06-14,20,27,80.6,80.8
12,Miami,2026-06-14,21,26.2,79.16,84.3
12,Miami,2026-06-14,22,25.9,78.62,85.9
12,Miami,2026-06-15,10,28.1,82.58,76.3
12,Miami,2026-06-15,11,28.9,84.02,72.2
12,Miami,2026-06-15,12,29.4,84.92,69.5
12,Miami,2026-06-15,13,29.4,84.92,69.9
12,Miami,2026-06-15,14,29.4,84.92,69.7
12,Miami,2026-06-15,15,29.6,85.28,69.8
12,Miami,2026-06-15,16,29.1,84.38,71.5
12,Miami,2026-06-15,17,28.7,83.66,72.9
12,Miami,2026-06-15,18,28.2,82.76,75
12,Miami,2026-06-15,19,27.9,82.22,76.6
12,Miami,2026-06-15,20,27.1,80.78,80.5
12,Miami,2026-06-15,21,26.6,79.88,82.8
12,Miami,2026-06-15,22,26.2,79.16,84.6
12,Miami,2026-06-16,10,28.1,82.58,75.9
12,Miami,2026-06-16,11,28.9,84.02,71.7
12,Miami,2026-06-16,12,29.2,84.56,70.2
12,Miami,2026-06-16,13,29.5,85.1,68.9
12,Miami,2026-06-16,14,29.4,84.92,69.2
12,Miami,2026-06-16,15,29.6,85.28,67.4
12,Miami,2026-06-16,16,29.1,84.38,70
12,Miami,2026-06-16,17,28.7,83.66,71.5
12,Miami,2026-06-16,18,28.3,82.94,73.6
12,Miami,2026-06-16,19,27.3,81.14,78.6
12,Miami,2026-06-16,20,26.8,80.24,80.7
12,Miami,2026-06-16,21,26,78.8,84
12,Miami,2026-06-16,22,25.6,78.08,86.7
12,Miami,2026-06-17,10,27.6,81.68,76.8
12,Miami,2026-06-17,11,28.4,83.12,73.5
12,Miami,2026-06-17,12,28.8,83.84,72.4
12,Miami,2026-06-17,13,28.6,83.48,72.2
12,Miami,2026-06-17,14,28.7,83.66,71.8
12,Miami,2026-06-17,15,28.9,84.02,71.8
12,Miami,2026-06-17,16,28.8,83.84,71.7
12,Miami,2026-06-17,17,28.4,83.12,73.2
12,Miami,2026-06-17,18,27.9,82.22,74.5
12,Miami,2026-06-17,19,27.4,81.32,77.5
12,Miami,2026-06-17,20,26.6,79.88,82
12,Miami,2026-06-17,21,26.1,78.98,83.8
12,Miami,2026-06-17,22,25.8,78.44,85.4
12,Miami,2026-06-18,10,28,82.4,75.2
12,Miami,2026-06-18,11,28.9,84.02,70.7
12,Miami,2026-06-18,12,29.3,84.74,68.5
12,Miami,2026-06-18,13,29.4,84.92,68.5
12,Miami,2026-06-18,14,29.5,85.1,69.1
12,Miami,2026-06-18,15,29.3,84.74,69.8
12,Miami,2026-06-18,16,28.7,83.66,72.5
12,Miami,2026-06-18,17,28.1,82.58,74.4
12,Miami,2026-06-18,18,27.5,81.5,76.7
12,Miami,2026-06-18,19,27.3,81.14,77.5
12,Miami,2026-06-18,20,26.5,79.7,82
12,Miami,2026-06-18,21,26.2,79.16,83.7
12,Miami,2026-06-18,22,25.8,78.44,85.4
12,Miami,2026-06-19,10,27.8,82.04,76.3
12,Miami,2026-06-19,11,28.4,83.12,74.1
12,Miami,2026-06-19,12,29,84.2,71.8
12,Miami,2026-06-19,13,29.3,84.74,70.6
12,Miami,2026-06-19,14,29,84.2,71.5
12,Miami,2026-06-19,15,29,84.2,71.1
12,Miami,2026-06-19,16,28.5,83.3,73.1
12,Miami,2026-06-19,17,28.4,83.12,73.4
12,Miami,2026-06-19,18,28.2,82.76,74.3
12,Miami,2026-06-19,19,27.7,81.86,76.8
12,Miami,2026-06-19,20,26.7,80.06,82
12,Miami,2026-06-19,21,26.3,79.34,84.3
12,Miami,2026-06-19,22,26,78.8,85.5
12,Miami,2026-06-20,10,27.9,82.22,76.5
12,Miami,2026-06-20,11,28.5,83.3,73.5
12,Miami,2026-06-20,12,29,84.2,71.5
12,Miami,2026-06-20,13,29.4,84.92,69.7
12,Miami,2026-06-20,14,29.7,85.46,68.8
12,Miami,2026-06-20,15,29.6,85.28,68.1
12,Miami,2026-06-20,16,29.3,84.74,69.2
12,Miami,2026-06-20,17,28.6,83.48,72.3
12,Miami,2026-06-20,18,28.3,82.94,73.3
12,Miami,2026-06-20,19,27.9,82.22,75.2
12,Miami,2026-06-20,20,26.9,80.42,80.2
12,Miami,2026-06-20,21,26.4,79.52,82.3
12,Miami,2026-06-20,22,26.2,79.16,83.2
12,Miami,2026-06-21,10,28.2,82.76,75.7
12,Miami,2026-06-21,11,28.8,83.84,72
12,Miami,2026-06-21,12,29.4,84.92,69.6
12,Miami,2026-06-21,13,29.7,85.46,68.5
12,Miami,2026-06-21,14,29.8,85.64,68.2
12,Miami,2026-06-21,15,29.8,85.64,68
12,Miami,2026-06-21,16,29.3,84.74,69.8
12,Miami,2026-06-21,17,29,84.2,70.6
12,Miami,2026-06-21,18,28.7,83.66,71.9
12,Miami,2026-06-21,19,28.3,82.94,73.5
12,Miami,2026-06-21,20,27.7,81.86,78.3
12,Miami,2026-06-21,21,26.9,80.42,81.5
12,Miami,2026-06-21,22,26.5,79.7,84.2
12,Miami,2026-06-22,10,28.2,82.76,76.3
12,Miami,2026-06-22,11,28.8,83.84,72.5
12,Miami,2026-06-22,12,29.3,84.74,70.3
12,Miami,2026-06-22,13,29.6,85.28,68.7
12,Miami,2026-06-22,14,29.8,85.64,67.5
12,Miami,2026-06-22,15,29.8,85.64,67
12,Miami,2026-06-22,16,29.6,85.28,68.1
12,Miami,2026-06-22,17,29,84.2,70.6
12,Miami,2026-06-22,18,28.5,83.3,73
12,Miami,2026-06-22,19,27.9,82.22,75.5
12,Miami,2026-06-22,20,27.4,81.32,79.7
12,Miami,2026-06-22,21,26.8,80.24,82.5
12,Miami,2026-06-22,22,26.4,79.52,84
12,Miami,2026-06-23,10,28.1,82.58,75.3
12,Miami,2026-06-23,11,28.8,83.84,72
12,Miami,2026-06-23,12,29.4,84.92,69
12,Miami,2026-06-23,13,29.8,85.64,67.4
12,Miami,2026-06-23,14,29.9,85.82,66.8
12,Miami,2026-06-23,15,30.1,86.18,65.3
12,Miami,2026-06-23,16,29.8,85.64,67.3
12,Miami,2026-06-23,17,29.4,84.92,69.2
12,Miami,2026-06-23,18,28.6,83.48,72.2
12,Miami,2026-06-23,19,28.1,82.58,74.7
12,Miami,2026-06-23,20,27.2,80.96,79.3
12,Miami,2026-06-23,21,26.7,80.06,81.5
12,Miami,2026-06-23,22,26.4,79.52,83.6
12,Miami,2026-06-24,10,28.3,82.94,74.7
12,Miami,2026-06-24,11,28.9,84.02,72.7
12,Miami,2026-06-24,12,29.4,84.92,70.5
12,Miami,2026-06-24,13,29.6,85.28,69.6
12,Miami,2026-06-24,14,29.8,85.64,69.2
12,Miami,2026-06-24,15,30,86,67.7
12,Miami,2026-06-24,16,29.7,85.46,69
12,Miami,2026-06-24,17,29,84.2,71.9
12,Miami,2026-06-24,18,28.4,83.12,74.3
12,Miami,2026-06-24,19,27.8,82.04,77.1
12,Miami,2026-06-24,20,27.4,81.32,80
12,Miami,2026-06-24,21,26.7,80.06,83.3
12,Miami,2026-06-24,22,26.4,79.52,85.2
12,Miami,2026-06-25,10,28.6,83.48,74.4
12,Miami,2026-06-25,11,29.2,84.56,71.7
12,Miami,2026-06-25,12,29.7,85.46,69.8
12,Miami,2026-06-25,13,30,86,68.8
12,Miami,2026-06-25,14,29.6,85.28,70
12,Miami,2026-06-25,15,29.3,84.74,71
12,Miami,2026-06-25,16,28.9,84.02,72.8
12,Miami,2026-06-25,17,28.7,83.66,73.5
12,Miami,2026-06-25,18,28.2,82.76,75
12,Miami,2026-06-25,19,27.8,82.04,76.8
12,Miami,2026-06-25,20,27.3,81.14,80
12,Miami,2026-06-25,21,26.7,80.06,82.8
12,Miami,2026-06-25,22,26.3,79.34,85.2
12,Miami,2026-06-26,10,28.5,83.3,75
12,Miami,2026-06-26,11,29.1,84.38,72.2
12,Miami,2026-06-26,12,29.7,85.46,70
12,Miami,2026-06-26,13,29.9,85.82,69.5
12,Miami,2026-06-26,14,29.6,85.28,70.7
12,Miami,2026-06-26,15,29.6,85.28,71.2
12,Miami,2026-06-26,16,29.2,84.56,72.1
12,Miami,2026-06-26,17,28.8,83.84,74
12,Miami,2026-06-26,18,27.9,82.22,76.2
12,Miami,2026-06-26,19,27.6,81.68,77.2
12,Miami,2026-06-26,20,27.2,80.96,81.6
12,Miami,2026-06-26,21,26.7,80.06,83.8
12,Miami,2026-06-26,22,26.3,79.34,86.4
12,Miami,2026-06-27,10,28.6,83.48,73.7
12,Miami,2026-06-27,11,29.3,84.74,70.5
12,Miami,2026-06-27,12,29.8,85.64,69
12,Miami,2026-06-27,13,29.8,85.64,69.1
12,Miami,2026-06-27,14,30,86,68.3
12,Miami,2026-06-27,15,29.9,85.82,69.5
12,Miami,2026-06-27,16,29.3,84.74,72.4
12,Miami,2026-06-27,17,28.9,84.02,73.5
12,Miami,2026-06-27,18,28.6,83.48,74.2
12,Miami,2026-06-27,19,28,82.4,76.7
12,Miami,2026-06-27,20,27.1,80.78,81.3
12,Miami,2026-06-27,21,26.5,79.7,84.7
12,Miami,2026-06-27,22,26.1,78.98,86.3
13,New York New Jersey,2026-06-11,10,21.7,71.06,67
13,New York New Jersey,2026-06-11,11,22.8,73.04,62.8
13,New York New Jersey,2026-06-11,12,23.8,74.84,59
13,New York New Jersey,2026-06-11,13,24.3,75.74,56.8
13,New York New Jersey,2026-06-11,14,24.5,76.1,57
13,New York New Jersey,2026-06-11,15,24.4,75.92,58.4
13,New York New Jersey,2026-06-11,16,24.2,75.56,60
13,New York New Jersey,2026-06-11,17,23.9,75.02,61.1
13,New York New Jersey,2026-06-11,18,23.4,74.12,62.5
13,New York New Jersey,2026-06-11,19,22.6,72.68,66.5
13,New York New Jersey,2026-06-11,20,21.5,70.7,73.4
13,New York New Jersey,2026-06-11,21,20.6,69.08,76.8
13,New York New Jersey,2026-06-11,22,19.9,67.82,79
13,New York New Jersey,2026-06-12,10,22.3,72.14,66.8
13,New York New Jersey,2026-06-12,11,23.3,73.94,62.2
13,New York New Jersey,2026-06-12,12,24.1,75.38,59.7
13,New York New Jersey,2026-06-12,13,24.7,76.46,57.9
13,New York New Jersey,2026-06-12,14,25.1,77.18,56
13,New York New Jersey,2026-06-12,15,25.2,77.36,55.6
13,New York New Jersey,2026-06-12,16,25.2,77.36,56
13,New York New Jersey,2026-06-12,17,24.6,76.28,59.6
13,New York New Jersey,2026-06-12,18,23.9,75.02,63.5
13,New York New Jersey,2026-06-12,19,23,73.4,67.7
13,New York New Jersey,2026-06-12,20,21.9,71.42,71.7
13,New York New Jersey,2026-06-12,21,21,69.8,75.7
13,New York New Jersey,2026-06-12,22,20.3,68.54,79
13,New York New Jersey,2026-06-13,10,21.7,71.06,70.5
13,New York New Jersey,2026-06-13,11,22.6,72.68,66.8
13,New York New Jersey,2026-06-13,12,23.4,74.12,63.4
13,New York New Jersey,2026-06-13,13,24,75.2,61
13,New York New Jersey,2026-06-13,14,24.4,75.92,60
13,New York New Jersey,2026-06-13,15,24.2,75.56,60.6
13,New York New Jersey,2026-06-13,16,24.3,75.74,59.6
13,New York New Jersey,2026-06-13,17,24.1,75.38,60.6
13,New York New Jersey,2026-06-13,18,23.6,74.48,62.8
13,New York New Jersey,2026-06-13,19,22.8,73.04,66.7
13,New York New Jersey,2026-06-13,20,21.8,71.24,70
13,New York New Jersey,2026-06-13,21,20.8,69.44,73.6
13,New York New Jersey,2026-06-13,22,20,68,76
13,New York New Jersey,2026-06-14,10,21.3,70.34,66.3
13,New York New Jersey,2026-06-14,11,22.3,72.14,62.1
13,New York New Jersey,2026-06-14,12,23,73.4,59.8
13,New York New Jersey,2026-06-14,13,23.7,74.66,58
13,New York New Jersey,2026-06-14,14,23.9,75.02,57
13,New York New Jersey,2026-06-14,15,24,75.2,56.2
13,New York New Jersey,2026-06-14,16,24.2,75.56,55.6
13,New York New Jersey,2026-06-14,17,24.1,75.38,55.6
13,New York New Jersey,2026-06-14,18,23.3,73.94,59.8
13,New York New Jersey,2026-06-14,19,22.3,72.14,64.7
13,New York New Jersey,2026-06-14,20,21.3,70.34,69.2
13,New York New Jersey,2026-06-14,21,20.2,68.36,71.8
13,New York New Jersey,2026-06-14,22,19.4,66.92,75
13,New York New Jersey,2026-06-15,10,21.8,71.24,61.2
13,New York New Jersey,2026-06-15,11,23,73.4,55.6
13,New York New Jersey,2026-06-15,12,24,75.2,51.5
13,New York New Jersey,2026-06-15,13,24.8,76.64,47.9
13,New York New Jersey,2026-06-15,14,25.3,77.54,46.1
13,New York New Jersey,2026-06-15,15,25,77,47.1
13,New York New Jersey,2026-06-15,16,24.7,76.46,48.7
13,New York New Jersey,2026-06-15,17,24.4,75.92,50.5
13,New York New Jersey,2026-06-15,18,23.6,74.48,54.6
13,New York New Jersey,2026-06-15,19,22.6,72.68,59.2
13,New York New Jersey,2026-06-15,20,21.2,70.16,66.7
13,New York New Jersey,2026-06-15,21,19.9,67.82,71.8
13,New York New Jersey,2026-06-15,22,19,66.2,76.3
13,New York New Jersey,2026-06-16,10,21.8,71.24,64
13,New York New Jersey,2026-06-16,11,23,73.4,58.6
13,New York New Jersey,2026-06-16,12,23.9,75.02,55
13,New York New Jersey,2026-06-16,13,24.6,76.28,53.1
13,New York New Jersey,2026-06-16,14,24.7,76.46,54
13,New York New Jersey,2026-06-16,15,24.5,76.1,57.1
13,New York New Jersey,2026-06-16,16,24.5,76.1,56.8
13,New York New Jersey,2026-06-16,17,24.2,75.56,58.9
13,New York New Jersey,2026-06-16,18,23.6,74.48,62.2
13,New York New Jersey,2026-06-16,19,22.6,72.68,68.2
13,New York New Jersey,2026-06-16,20,21.4,70.52,72.5
13,New York New Jersey,2026-06-16,21,20.2,68.36,76.6
13,New York New Jersey,2026-06-16,22,19.5,67.1,78.8
13,New York New Jersey,2026-06-17,10,22.4,72.32,64.2
13,New York New Jersey,2026-06-17,11,23.6,74.48,59.2
13,New York New Jersey,2026-06-17,12,24.6,76.28,54.9
13,New York New Jersey,2026-06-17,13,25.3,77.54,52.5
13,New York New Jersey,2026-06-17,14,25.7,78.26,50.9
13,New York New Jersey,2026-06-17,15,25.3,77.54,50.9
13,New York New Jersey,2026-06-17,16,25,77,52.4
13,New York New Jersey,2026-06-17,17,24.6,76.28,53.4
13,New York New Jersey,2026-06-17,18,24.2,75.56,55.6
13,New York New Jersey,2026-06-17,19,23.2,73.76,60.3
13,New York New Jersey,2026-06-17,20,22.1,71.78,65.4
13,New York New Jersey,2026-06-17,21,21,69.8,68.2
13,New York New Jersey,2026-06-17,22,20.2,68.36,72.2
13,New York New Jersey,2026-06-18,10,22.8,73.04,65.6
13,New York New Jersey,2026-06-18,11,24,75.2,61.5
13,New York New Jersey,2026-06-18,12,24.8,76.64,58.4
13,New York New Jersey,2026-06-18,13,25.4,77.72,56.1
13,New York New Jersey,2026-06-18,14,25.9,78.62,54.8
13,New York New Jersey,2026-06-18,15,25.9,78.62,55.4
13,New York New Jersey,2026-06-18,16,25.9,78.62,56.1
13,New York New Jersey,2026-06-18,17,25.6,78.08,57.9
13,New York New Jersey,2026-06-18,18,24.8,76.64,60.6
13,New York New Jersey,2026-06-18,19,23.7,74.66,65.2
13,New York New Jersey,2026-06-18,20,22.5,72.5,70.9
13,New York New Jersey,2026-06-18,21,21.6,70.88,72.9
13,New York New Jersey,2026-06-18,22,20.8,69.44,75.8
13,New York New Jersey,2026-06-19,10,23,73.4,67
13,New York New Jersey,2026-06-19,11,24.2,75.56,62.4
13,New York New Jersey,2026-06-19,12,25.1,77.18,58.1
13,New York New Jersey,2026-06-19,13,25.8,78.44,55.6
13,New York New Jersey,2026-06-19,14,26.2,79.16,53.9
13,New York New Jersey,2026-06-19,15,26.1,78.98,55.6
13,New York New Jersey,2026-06-19,16,26.1,78.98,55.4
13,New York New Jersey,2026-06-19,17,25.6,78.08,56.2
13,New York New Jersey,2026-06-19,18,24.8,76.64,59.6
13,New York New Jersey,2026-06-19,19,23.7,74.66,65.8
13,New York New Jersey,2026-06-19,20,22.4,72.32,71.5
13,New York New Jersey,2026-06-19,21,21.2,70.16,76
13,New York New Jersey,2026-06-19,22,20.4,68.72,80.1
13,New York New Jersey,2026-06-20,10,23.3,73.94,66.5
13,New York New Jersey,2026-06-20,11,24.5,76.1,61.5
13,New York New Jersey,2026-06-20,12,25.6,78.08,57
13,New York New Jersey,2026-06-20,13,26.4,79.52,53.7
13,New York New Jersey,2026-06-20,14,26.6,79.88,53.5
13,New York New Jersey,2026-06-20,15,26.5,79.7,53.6
13,New York New Jersey,2026-06-20,16,26.5,79.7,53.5
13,New York New Jersey,2026-06-20,17,26.3,79.34,54.6
13,New York New Jersey,2026-06-20,18,25.7,78.26,57
13,New York New Jersey,2026-06-20,19,24.8,76.64,61.5
13,New York New Jersey,2026-06-20,20,23.4,74.12,67.5
13,New York New Jersey,2026-06-20,21,22.3,72.14,70.1
13,New York New Jersey,2026-06-20,22,21.5,70.7,73.3
13,New York New Jersey,2026-06-21,10,23.7,74.66,63.6
13,New York New Jersey,2026-06-21,11,24.8,76.64,59.4
13,New York New Jersey,2026-06-21,12,25.8,78.44,55.3
13,New York New Jersey,2026-06-21,13,26.6,79.88,52.3
13,New York New Jersey,2026-06-21,14,27.3,81.14,49.5
13,New York New Jersey,2026-06-21,15,27.8,82.04,46.9
13,New York New Jersey,2026-06-21,16,27.8,82.04,46.5
13,New York New Jersey,2026-06-21,17,27.2,80.96,49.4
13,New York New Jersey,2026-06-21,18,26.5,79.7,53
13,New York New Jersey,2026-06-21,19,25.3,77.54,59.6
13,New York New Jersey,2026-06-21,20,24.2,75.56,64.5
13,New York New Jersey,2026-06-21,21,23,73.4,68.7
13,New York New Jersey,2026-06-21,22,22.2,71.96,72.2
13,New York New Jersey,2026-06-22,10,23.9,75.02,63.9
13,New York New Jersey,2026-06-22,11,24.9,76.82,59
13,New York New Jersey,2026-06-22,12,25.8,78.44,55.3
13,New York New Jersey,2026-06-22,13,26.2,79.16,53.5
13,New York New Jersey,2026-06-22,14,26.1,78.98,54.7
13,New York New Jersey,2026-06-22,15,25.8,78.44,56.6
13,New York New Jersey,2026-06-22,16,25.5,77.9,58.6
13,New York New Jersey,2026-06-22,17,25.2,77.36,59.4
13,New York New Jersey,2026-06-22,18,24.5,76.1,62.7
13,New York New Jersey,2026-06-22,19,23.8,74.84,66.8
13,New York New Jersey,2026-06-22,20,23,73.4,71.2
13,New York New Jersey,2026-06-22,21,21.9,71.42,74
13,New York New Jersey,2026-06-22,22,21.3,70.34,76.7
13,New York New Jersey,2026-06-23,10,23.7,74.66,65.8
13,New York New Jersey,2026-06-23,11,24.8,76.64,61.8
13,New York New Jersey,2026-06-23,12,25.5,77.9,59.3
13,New York New Jersey,2026-06-23,13,25.9,78.62,57.8
13,New York New Jersey,2026-06-23,14,26.2,79.16,57.2
13,New York New Jersey,2026-06-23,15,26.5,79.7,55.2
13,New York New Jersey,2026-06-23,16,26.7,80.06,54.5
13,New York New Jersey,2026-06-23,17,26.4,79.52,56.2
13,New York New Jersey,2026-06-23,18,25.9,78.62,58.4
13,New York New Jersey,2026-06-23,19,25,77,62.6
13,New York New Jersey,2026-06-23,20,23.8,74.84,68.2
13,New York New Jersey,2026-06-23,21,22.5,72.5,73.1
13,New York New Jersey,2026-06-23,22,21.8,71.24,77
13,New York New Jersey,2026-06-24,10,24,75.2,64.3
13,New York New Jersey,2026-06-24,11,25.3,77.54,58.3
13,New York New Jersey,2026-06-24,12,26.2,79.16,53.6
13,New York New Jersey,2026-06-24,13,26.9,80.42,51.8
13,New York New Jersey,2026-06-24,14,26.9,80.42,52.4
13,New York New Jersey,2026-06-24,15,27,80.6,52.2
13,New York New Jersey,2026-06-24,16,26.8,80.24,53.3
13,New York New Jersey,2026-06-24,17,26.3,79.34,54.5
13,New York New Jersey,2026-06-24,18,25.6,78.08,57.8
13,New York New Jersey,2026-06-24,19,24.8,76.64,61.6
13,New York New Jersey,2026-06-24,20,23.7,74.66,67.5
13,New York New Jersey,2026-06-24,21,22.5,72.5,71.1
13,New York New Jersey,2026-06-24,22,22,71.6,73.5
13,New York New Jersey,2026-06-25,10,24.4,75.92,64.2
13,New York New Jersey,2026-06-25,11,25.6,78.08,58.9
13,New York New Jersey,2026-06-25,12,26.6,79.88,55.1
13,New York New Jersey,2026-06-25,13,27.2,80.96,52.7
13,New York New Jersey,2026-06-25,14,27.6,81.68,51
13,New York New Jersey,2026-06-25,15,27.7,81.86,50.6
13,New York New Jersey,2026-06-25,16,27.6,81.68,51.4
13,New York New Jersey,2026-06-25,17,27,80.6,54
13,New York New Jersey,2026-06-25,18,26.5,79.7,56.8
13,New York New Jersey,2026-06-25,19,25.7,78.26,62.4
13,New York New Jersey,2026-06-25,20,24.4,75.92,69
13,New York New Jersey,2026-06-25,21,23.4,74.12,70.2
13,New York New Jersey,2026-06-25,22,22.5,72.5,73.5
13,New York New Jersey,2026-06-26,10,24.9,76.82,62.9
13,New York New Jersey,2026-06-26,11,26,78.8,58.3
13,New York New Jersey,2026-06-26,12,26.9,80.42,55.2
13,New York New Jersey,2026-06-26,13,27.5,81.5,53.8
13,New York New Jersey,2026-06-26,14,27.8,82.04,52.2
13,New York New Jersey,2026-06-26,15,27.9,82.22,52.5
13,New York New Jersey,2026-06-26,16,28.1,82.58,51.3
13,New York New Jersey,2026-06-26,17,27.4,81.32,54.3
13,New York New Jersey,2026-06-26,18,26.4,79.52,59.6
13,New York New Jersey,2026-06-26,19,25.5,77.9,63.7
13,New York New Jersey,2026-06-26,20,24.6,76.28,67.3
13,New York New Jersey,2026-06-26,21,23.3,73.94,71.2
13,New York New Jersey,2026-06-26,22,22.7,72.86,74.8
13,New York New Jersey,2026-06-27,10,24.6,76.28,68.5
13,New York New Jersey,2026-06-27,11,25.4,77.72,64.3
13,New York New Jersey,2026-06-27,12,26.2,79.16,60.8
13,New York New Jersey,2026-06-27,13,26.7,80.06,59.4
13,New York New Jersey,2026-06-27,14,27,80.6,59.1
13,New York New Jersey,2026-06-27,15,26.5,79.7,60.2
13,New York New Jersey,2026-06-27,16,26.7,80.06,59.9
13,New York New Jersey,2026-06-27,17,26.4,79.52,61.2
13,New York New Jersey,2026-06-27,18,25.5,77.9,66.8
13,New York New Jersey,2026-06-27,19,24.8,76.64,70.4
13,New York New Jersey,2026-06-27,20,23.9,75.02,73.5
13,New York New Jersey,2026-06-27,21,22.9,73.22,76.2
13,New York New Jersey,2026-06-27,22,22.2,71.96,78.8
14,Philadelphia,2026-06-11,10,22.7,72.86,68.1
14,Philadelphia,2026-06-11,11,23.9,75.02,62.7
14,Philadelphia,2026-06-11,12,25,77,58.8
14,Philadelphia,2026-06-11,13,25.5,77.9,56.6
14,Philadelphia,2026-06-11,14,26.1,78.98,54.9
14,Philadelphia,2026-06-11,15,26.1,78.98,54.6
14,Philadelphia,2026-06-11,16,26.3,79.34,53.7
14,Philadelphia,2026-06-11,17,26.4,79.52,53.1
14,Philadelphia,2026-06-11,18,25.9,78.62,55
14,Philadelphia,2026-06-11,19,24.9,76.82,59.5
14,Philadelphia,2026-06-11,20,23.6,74.48,66.2
14,Philadelphia,2026-06-11,21,22.1,71.78,72.3
14,Philadelphia,2026-06-11,22,21.2,70.16,76.5
14,Philadelphia,2026-06-12,10,23.6,74.48,65.8
14,Philadelphia,2026-06-12,11,24.8,76.64,60.2
14,Philadelphia,2026-06-12,12,26,78.8,55
14,Philadelphia,2026-06-12,13,26.9,80.42,51.2
14,Philadelphia,2026-06-12,14,27.4,81.32,49.2
14,Philadelphia,2026-06-12,15,27.5,81.5,49
14,Philadelphia,2026-06-12,16,27.4,81.32,49.2
14,Philadelphia,2026-06-12,17,26.7,80.06,52.5
14,Philadelphia,2026-06-12,18,25.9,78.62,55.1
14,Philadelphia,2026-06-12,19,25.1,77.18,60.5
14,Philadelphia,2026-06-12,20,23.9,75.02,66.7
14,Philadelphia,2026-06-12,21,22.6,72.68,71
14,Philadelphia,2026-06-12,22,21.7,71.06,74.1
14,Philadelphia,2026-06-13,10,23.3,73.94,65.8
14,Philadelphia,2026-06-13,11,24.6,76.28,60.5
14,Philadelphia,2026-06-13,12,25.7,78.26,57.1
14,Philadelphia,2026-06-13,13,26.5,79.7,54.2
14,Philadelphia,2026-06-13,14,27,80.6,52.6
14,Philadelphia,2026-06-13,15,26.7,80.06,54.6
14,Philadelphia,2026-06-13,16,26.9,80.42,54
14,Philadelphia,2026-06-13,17,26.6,79.88,54.9
14,Philadelphia,2026-06-13,18,26.1,78.98,56.8
14,Philadelphia,2026-06-13,19,25.3,77.54,59.8
14,Philadelphia,2026-06-13,20,23.9,75.02,65.6
14,Philadelphia,2026-06-13,21,22.6,72.68,71
14,Philadelphia,2026-06-13,22,21.8,71.24,74.3
14,Philadelphia,2026-06-14,10,22.2,71.96,62.6
14,Philadelphia,2026-06-14,11,23.1,73.58,58.8
14,Philadelphia,2026-06-14,12,24.2,75.56,54.2
14,Philadelphia,2026-06-14,13,25.1,77.18,51
14,Philadelphia,2026-06-14,14,25.6,78.08,49.2
14,Philadelphia,2026-06-14,15,25.8,78.44,48.2
14,Philadelphia,2026-06-14,16,26.1,78.98,47.5
14,Philadelphia,2026-06-14,17,26.1,78.98,47
14,Philadelphia,2026-06-14,18,25.4,77.72,50
14,Philadelphia,2026-06-14,19,24.2,75.56,56
14,Philadelphia,2026-06-14,20,22.9,73.22,62.3
14,Philadelphia,2026-06-14,21,21.5,70.7,66.3
14,Philadelphia,2026-06-14,22,20.6,69.08,70.7
14,Philadelphia,2026-06-15,10,22.9,73.22,59
14,Philadelphia,2026-06-15,11,24.2,75.56,53.3
14,Philadelphia,2026-06-15,12,25.3,77.54,48.8
14,Philadelphia,2026-06-15,13,26.2,79.16,45.4
14,Philadelphia,2026-06-15,14,26.7,80.06,43
14,Philadelphia,2026-06-15,15,26.8,80.24,42.3
14,Philadelphia,2026-06-15,16,26.8,80.24,41.8
14,Philadelphia,2026-06-15,17,26.7,80.06,42
14,Philadelphia,2026-06-15,18,26.1,78.98,44.1
14,Philadelphia,2026-06-15,19,25,77,49.1
14,Philadelphia,2026-06-15,20,23.4,74.12,56.2
14,Philadelphia,2026-06-15,21,21.8,71.24,61.7
14,Philadelphia,2026-06-15,22,20.6,69.08,67.9
14,Philadelphia,2026-06-16,10,23.2,73.76,60.5
14,Philadelphia,2026-06-16,11,24.5,76.1,55
14,Philadelphia,2026-06-16,12,25.4,77.72,52.2
14,Philadelphia,2026-06-16,13,26.1,78.98,50.4
14,Philadelphia,2026-06-16,14,26.5,79.7,49.5
14,Philadelphia,2026-06-16,15,26.2,79.16,51.5
14,Philadelphia,2026-06-16,16,26.5,79.7,50.6
14,Philadelphia,2026-06-16,17,26.4,79.52,50.4
14,Philadelphia,2026-06-16,18,25.5,77.9,54.2
14,Philadelphia,2026-06-16,19,24.6,76.28,59.5
14,Philadelphia,2026-06-16,20,23.4,74.12,62.6
14,Philadelphia,2026-06-16,21,22.1,71.78,66.7
14,Philadelphia,2026-06-16,22,21.1,69.98,71.3
14,Philadelphia,2026-06-17,10,23.5,74.3,62.9
14,Philadelphia,2026-06-17,11,24.9,76.82,57
14,Philadelphia,2026-06-17,12,25.9,78.62,52
14,Philadelphia,2026-06-17,13,26.7,80.06,49.3
14,Philadelphia,2026-06-17,14,27.1,80.78,47.8
14,Philadelphia,2026-06-17,15,27.2,80.96,46.7
14,Philadelphia,2026-06-17,16,27.3,81.14,46.3
14,Philadelphia,2026-06-17,17,27,80.6,47.6
14,Philadelphia,2026-06-17,18,26.3,79.34,50.5
14,Philadelphia,2026-06-17,19,25.2,77.36,54.7
14,Philadelphia,2026-06-17,20,23.8,74.84,60
14,Philadelphia,2026-06-17,21,22.5,72.5,63.5
14,Philadelphia,2026-06-17,22,21.6,70.88,67.4
14,Philadelphia,2026-06-18,10,23.7,74.66,65
14,Philadelphia,2026-06-18,11,24.8,76.64,61.6
14,Philadelphia,2026-06-18,12,25.8,78.44,58
14,Philadelphia,2026-06-18,13,26.7,80.06,55.1
14,Philadelphia,2026-06-18,14,27.1,80.78,53.6
14,Philadelphia,2026-06-18,15,27.2,80.96,53.1
14,Philadelphia,2026-06-18,16,27.3,81.14,52.4
14,Philadelphia,2026-06-18,17,27.3,81.14,52.5
14,Philadelphia,2026-06-18,18,26.8,80.24,54.8
14,Philadelphia,2026-06-18,19,25.8,78.44,59.2
14,Philadelphia,2026-06-18,20,24.5,76.1,65
14,Philadelphia,2026-06-18,21,23.2,73.76,69.2
14,Philadelphia,2026-06-18,22,22.2,71.96,72.8
14,Philadelphia,2026-06-19,10,24.1,75.38,65.5
14,Philadelphia,2026-06-19,11,25.5,77.9,59.9
14,Philadelphia,2026-06-19,12,26.5,79.7,56.2
14,Philadelphia,2026-06-19,13,27.2,80.96,53.5
14,Philadelphia,2026-06-19,14,27.8,82.04,50.3
14,Philadelphia,2026-06-19,15,27.8,82.04,51
14,Philadelphia,2026-06-19,16,27.6,81.68,52
14,Philadelphia,2026-06-19,17,27.2,80.96,53.1
14,Philadelphia,2026-06-19,18,26.7,80.06,53.4
14,Philadelphia,2026-06-19,19,25.7,78.26,58
14,Philadelphia,2026-06-19,20,24.3,75.74,65.5
14,Philadelphia,2026-06-19,21,22.8,73.04,71
14,Philadelphia,2026-06-19,22,21.9,71.42,74.8
14,Philadelphia,2026-06-20,10,24.2,75.56,64.7
14,Philadelphia,2026-06-20,11,25.3,77.54,60.1
14,Philadelphia,2026-06-20,12,26.2,79.16,56.4
14,Philadelphia,2026-06-20,13,27.1,80.78,52.4
14,Philadelphia,2026-06-20,14,27.8,82.04,49.6
14,Philadelphia,2026-06-20,15,28.3,82.94,46.6
14,Philadelphia,2026-06-20,16,28.3,82.94,46.9
14,Philadelphia,2026-06-20,17,28.3,82.94,46.5
14,Philadelphia,2026-06-20,18,28,82.4,47.5
14,Philadelphia,2026-06-20,19,27.2,80.96,52.4
14,Philadelphia,2026-06-20,20,25.5,77.9,60.1
14,Philadelphia,2026-06-20,21,23.9,75.02,63.9
14,Philadelphia,2026-06-20,22,22.9,73.22,68
14,Philadelphia,2026-06-21,10,24,75.2,66.2
14,Philadelphia,2026-06-21,11,25.3,77.54,60.1
14,Philadelphia,2026-06-21,12,26.3,79.34,55.7
14,Philadelphia,2026-06-21,13,27.2,80.96,52
14,Philadelphia,2026-06-21,14,28,82.4,48.9
14,Philadelphia,2026-06-21,15,28.1,82.58,49
14,Philadelphia,2026-06-21,16,28.1,82.58,49.1
14,Philadelphia,2026-06-21,17,28.1,82.58,49
14,Philadelphia,2026-06-21,18,27.5,81.5,51.5
14,Philadelphia,2026-06-21,19,26.7,80.06,56
14,Philadelphia,2026-06-21,20,25.3,77.54,62.4
14,Philadelphia,2026-06-21,21,24,75.2,66.4
14,Philadelphia,2026-06-21,22,23.1,73.58,70.5
14,Philadelphia,2026-06-22,10,24.8,76.64,64.7
14,Philadelphia,2026-06-22,11,26.1,78.98,58.7
14,Philadelphia,2026-06-22,12,27,80.6,54.3
14,Philadelphia,2026-06-22,13,27.7,81.86,51.6
14,Philadelphia,2026-06-22,14,28.2,82.76,50.3
14,Philadelphia,2026-06-22,15,28.1,82.58,50.1
14,Philadelphia,2026-06-22,16,28,82.4,50
14,Philadelphia,2026-06-22,17,27.7,81.86,51.8
14,Philadelphia,2026-06-22,18,26.6,79.88,57.2
14,Philadelphia,2026-06-22,19,25.7,78.26,61.3
14,Philadelphia,2026-06-22,20,24.6,76.28,66.5
14,Philadelphia,2026-06-22,21,23.3,73.94,70.8
14,Philadelphia,2026-06-22,22,22.5,72.5,73.7
14,Philadelphia,2026-06-23,10,24.1,75.38,67.7
14,Philadelphia,2026-06-23,11,25.3,77.54,63.1
14,Philadelphia,2026-06-23,12,26.2,79.16,59.5
14,Philadelphia,2026-06-23,13,27.1,80.78,57
14,Philadelphia,2026-06-23,14,27.7,81.86,55
14,Philadelphia,2026-06-23,15,28.2,82.76,50.8
14,Philadelphia,2026-06-23,16,28.2,82.76,51.1
14,Philadelphia,2026-06-23,17,28,82.4,52
14,Philadelphia,2026-06-23,18,27.4,81.32,54.7
14,Philadelphia,2026-06-23,19,26.8,80.24,58.3
14,Philadelphia,2026-06-23,20,25.3,77.54,64.7
14,Philadelphia,2026-06-23,21,23.5,74.3,72.2
14,Philadelphia,2026-06-23,22,22.8,73.04,75.3
14,Philadelphia,2026-06-24,10,24.8,76.64,63.2
14,Philadelphia,2026-06-24,11,26,78.8,57.3
14,Philadelphia,2026-06-24,12,27.1,80.78,52.4
14,Philadelphia,2026-06-24,13,28,82.4,49.1
14,Philadelphia,2026-06-24,14,28.6,83.48,47
14,Philadelphia,2026-06-24,15,28.5,83.3,47.2
14,Philadelphia,2026-06-24,16,28.2,82.76,48.5
14,Philadelphia,2026-06-24,17,27.7,81.86,50.3
14,Philadelphia,2026-06-24,18,27.4,81.32,51.5
14,Philadelphia,2026-06-24,19,26.6,79.88,55.1
14,Philadelphia,2026-06-24,20,25.4,77.72,61
14,Philadelphia,2026-06-24,21,24,75.2,65.6
14,Philadelphia,2026-06-24,22,22.9,73.22,70.8
14,Philadelphia,2026-06-25,10,25.1,77.18,63.9
14,Philadelphia,2026-06-25,11,26.1,78.98,58.9
14,Philadelphia,2026-06-25,12,27.1,80.78,54.8
14,Philadelphia,2026-06-25,13,28,82.4,50.4
14,Philadelphia,2026-06-25,14,28.7,83.66,47.5
14,Philadelphia,2026-06-25,15,28.6,83.48,48.4
14,Philadelphia,2026-06-25,16,28.5,83.3,48.8
14,Philadelphia,2026-06-25,17,28,82.4,50.5
14,Philadelphia,2026-06-25,18,27.7,81.86,51.9
14,Philadelphia,2026-06-25,19,27,80.6,55.8
14,Philadelphia,2026-06-25,20,25.6,78.08,62.2
14,Philadelphia,2026-06-25,21,24.3,75.74,66.5
14,Philadelphia,2026-06-25,22,23.4,74.12,70.9
14,Philadelphia,2026-06-26,10,25.4,77.72,63
14,Philadelphia,2026-06-26,11,26.7,80.06,57.4
14,Philadelphia,2026-06-26,12,28,82.4,52.2
14,Philadelphia,2026-06-26,13,28.9,84.02,48.1
14,Philadelphia,2026-06-26,14,29.3,84.74,46.8
14,Philadelphia,2026-06-26,15,29.2,84.56,47.3
14,Philadelphia,2026-06-26,16,29,84.2,47.6
14,Philadelphia,2026-06-26,17,28.7,83.66,49
14,Philadelphia,2026-06-26,18,28.2,82.76,51.4
14,Philadelphia,2026-06-26,19,27.5,81.5,55
14,Philadelphia,2026-06-26,20,26,78.8,62.4
14,Philadelphia,2026-06-26,21,24.6,76.28,67.7
14,Philadelphia,2026-06-26,22,23.5,74.3,72.7
14,Philadelphia,2026-06-27,10,24.9,76.82,70.4
14,Philadelphia,2026-06-27,11,26,78.8,65.7
14,Philadelphia,2026-06-27,12,27.1,80.78,60.6
14,Philadelphia,2026-06-27,13,27.8,82.04,57.4
14,Philadelphia,2026-06-27,14,28.6,83.48,54.8
14,Philadelphia,2026-06-27,15,28,82.4,57.1
14,Philadelphia,2026-06-27,16,27.5,81.5,59.5
14,Philadelphia,2026-06-27,17,27.2,80.96,60.6
14,Philadelphia,2026-06-27,18,26.7,80.06,62.5
14,Philadelphia,2026-06-27,19,25.9,78.62,66.3
14,Philadelphia,2026-06-27,20,25.1,77.18,70.4
14,Philadelphia,2026-06-27,21,24,75.2,74.5
14,Philadelphia,2026-06-27,22,23.3,73.94,77.7
15,San Francisco Bay Area,2026-06-11,10,20,68,53.3
15,San Francisco Bay Area,2026-06-11,11,22,71.6,46.4
15,San Francisco Bay Area,2026-06-11,12,23.4,74.12,42.5
15,San Francisco Bay Area,2026-06-11,13,24.8,76.64,38.8
15,San Francisco Bay Area,2026-06-11,14,25.6,78.08,37
15,San Francisco Bay Area,2026-06-11,15,25.8,78.44,36.6
15,San Francisco Bay Area,2026-06-11,16,25.2,77.36,37.9
15,San Francisco Bay Area,2026-06-11,17,24.4,75.92,41.1
15,San Francisco Bay Area,2026-06-11,18,23.1,73.58,45.5
15,San Francisco Bay Area,2026-06-11,19,21.5,70.7,50.9
15,San Francisco Bay Area,2026-06-11,20,19.7,67.46,57.5
15,San Francisco Bay Area,2026-06-11,21,18.1,64.58,64.2
15,San Francisco Bay Area,2026-06-11,22,17.2,62.96,69.1
15,San Francisco Bay Area,2026-06-12,10,20.4,68.72,52.9
15,San Francisco Bay Area,2026-06-12,11,22.2,71.96,47
15,San Francisco Bay Area,2026-06-12,12,23.6,74.48,43.5
15,San Francisco Bay Area,2026-06-12,13,24.9,76.82,40
15,San Francisco Bay Area,2026-06-12,14,25.8,78.44,37.8
15,San Francisco Bay Area,2026-06-12,15,26.1,78.98,37.2
15,San Francisco Bay Area,2026-06-12,16,25.5,77.9,38.9
15,San Francisco Bay Area,2026-06-12,17,24.5,76.1,41.9
15,San Francisco Bay Area,2026-06-12,18,23,73.4,46.4
15,San Francisco Bay Area,2026-06-12,19,21.2,70.16,51.8
15,San Francisco Bay Area,2026-06-12,20,19.4,66.92,58.1
15,San Francisco Bay Area,2026-06-12,21,17.8,64.04,65.4
15,San Francisco Bay Area,2026-06-12,22,16.7,62.06,70.6
15,San Francisco Bay Area,2026-06-13,10,19.7,67.46,56.2
15,San Francisco Bay Area,2026-06-13,11,21.6,70.88,49.5
15,San Francisco Bay Area,2026-06-13,12,23.2,73.76,44.9
15,San Francisco Bay Area,2026-06-13,13,24.7,76.46,40.6
15,San Francisco Bay Area,2026-06-13,14,25.5,77.9,38.4
15,San Francisco Bay Area,2026-06-13,15,25.6,78.08,38.3
15,San Francisco Bay Area,2026-06-13,16,25,77,39.9
15,San Francisco Bay Area,2026-06-13,17,24,75.2,42.5
15,San Francisco Bay Area,2026-06-13,18,22.6,72.68,46.5
15,San Francisco Bay Area,2026-06-13,19,21,69.8,51.6
15,San Francisco Bay Area,2026-06-13,20,19.2,66.56,58
15,San Francisco Bay Area,2026-06-13,21,17.6,63.68,65.5
15,San Francisco Bay Area,2026-06-13,22,16.6,61.88,71.2
15,San Francisco Bay Area,2026-06-14,10,20,68,54.3
15,San Francisco Bay Area,2026-06-14,11,22.1,71.78,47.1
15,San Francisco Bay Area,2026-06-14,12,23.5,74.3,42.8
15,San Francisco Bay Area,2026-06-14,13,25,77,38.6
15,San Francisco Bay Area,2026-06-14,14,25.9,78.62,36.2
15,San Francisco Bay Area,2026-06-14,15,26.1,78.98,36.1
15,San Francisco Bay Area,2026-06-14,16,25.3,77.54,37.7
15,San Francisco Bay Area,2026-06-14,17,24.2,75.56,41.2
15,San Francisco Bay Area,2026-06-14,18,22.6,72.68,44.9
15,San Francisco Bay Area,2026-06-14,19,20.8,69.44,50.3
15,San Francisco Bay Area,2026-06-14,20,18.9,66.02,57.6
15,San Francisco Bay Area,2026-06-14,21,17.3,63.14,64.2
15,San Francisco Bay Area,2026-06-14,22,16.3,61.34,69
15,San Francisco Bay Area,2026-06-15,10,18.9,66.02,55.6
15,San Francisco Bay Area,2026-06-15,11,21,69.8,48.2
15,San Francisco Bay Area,2026-06-15,12,22.2,71.96,44.6
15,San Francisco Bay Area,2026-06-15,13,23.3,73.94,41.4
15,San Francisco Bay Area,2026-06-15,14,24.2,75.56,39
15,San Francisco Bay Area,2026-06-15,15,24.4,75.92,38.5
15,San Francisco Bay Area,2026-06-15,16,23.8,74.84,39.5
15,San Francisco Bay Area,2026-06-15,17,22.5,72.5,43.6
15,San Francisco Bay Area,2026-06-15,18,21.4,70.52,47.3
15,San Francisco Bay Area,2026-06-15,19,19.6,67.28,53.7
15,San Francisco Bay Area,2026-06-15,20,17.8,64.04,61.5
15,San Francisco Bay Area,2026-06-15,21,16.2,61.16,68.8
15,San Francisco Bay Area,2026-06-15,22,15.3,59.54,73.5
15,San Francisco Bay Area,2026-06-16,10,19.1,66.38,55.6
15,San Francisco Bay Area,2026-06-16,11,21.1,69.98,48.3
15,San Francisco Bay Area,2026-06-16,12,22.6,72.68,44.3
15,San Francisco Bay Area,2026-06-16,13,23.8,74.84,40.5
15,San Francisco Bay Area,2026-06-16,14,24.6,76.28,38
15,San Francisco Bay Area,2026-06-16,15,24.8,76.64,37.2
15,San Francisco Bay Area,2026-06-16,16,24.4,75.92,38.6
15,San Francisco Bay Area,2026-06-16,17,23.4,74.12,42.9
15,San Francisco Bay Area,2026-06-16,18,22,71.6,47.8
15,San Francisco Bay Area,2026-06-16,19,20.4,68.72,53.5
15,San Francisco Bay Area,2026-06-16,20,18.7,65.66,60.1
15,San Francisco Bay Area,2026-06-16,21,17.2,62.96,66.7
15,San Francisco Bay Area,2026-06-16,22,16.3,61.34,71.1
15,San Francisco Bay Area,2026-06-17,10,19.8,67.64,54.4
15,San Francisco Bay Area,2026-06-17,11,22.2,71.96,46.5
15,San Francisco Bay Area,2026-06-17,12,23.6,74.48,42
15,San Francisco Bay Area,2026-06-17,13,24.8,76.64,38.6
15,San Francisco Bay Area,2026-06-17,14,25.6,78.08,36.2
15,San Francisco Bay Area,2026-06-17,15,26,78.8,35.1
15,San Francisco Bay Area,2026-06-17,16,25.8,78.44,35.9
15,San Francisco Bay Area,2026-06-17,17,24.7,76.46,39.4
15,San Francisco Bay Area,2026-06-17,18,23.7,74.66,42.9
15,San Francisco Bay Area,2026-06-17,19,22.1,71.78,47.7
15,San Francisco Bay Area,2026-06-17,20,20.3,68.54,54.1
15,San Francisco Bay Area,2026-06-17,21,18.7,65.66,60.5
15,San Francisco Bay Area,2026-06-17,22,17.6,63.68,66
15,San Francisco Bay Area,2026-06-18,10,20.7,69.26,50.1
15,San Francisco Bay Area,2026-06-18,11,22.9,73.22,42.6
15,San Francisco Bay Area,2026-06-18,12,24.7,76.46,37.8
15,San Francisco Bay Area,2026-06-18,13,25.8,78.44,35
15,San Francisco Bay Area,2026-06-18,14,26.5,79.7,33.7
15,San Francisco Bay Area,2026-06-18,15,26.5,79.7,33.8
15,San Francisco Bay Area,2026-06-18,16,25.9,78.62,34.6
15,San Francisco Bay Area,2026-06-18,17,25,77,37.9
15,San Francisco Bay Area,2026-06-18,18,23.6,74.48,41.2
15,San Francisco Bay Area,2026-06-18,19,21.9,71.42,46
15,San Francisco Bay Area,2026-06-18,20,20,68,52.5
15,San Francisco Bay Area,2026-06-18,21,18.3,64.94,59.3
15,San Francisco Bay Area,2026-06-18,22,17.2,62.96,64.5
15,San Francisco Bay Area,2026-06-19,10,19.8,67.64,52.4
15,San Francisco Bay Area,2026-06-19,11,22.1,71.78,44.9
15,San Francisco Bay Area,2026-06-19,12,23.8,74.84,40
15,San Francisco Bay Area,2026-06-19,13,25.2,77.36,36.6
15,San Francisco Bay Area,2026-06-19,14,26,78.8,34.8
15,San Francisco Bay Area,2026-06-19,15,26.2,79.16,34.4
15,San Francisco Bay Area,2026-06-19,16,25.7,78.26,35.6
15,San Francisco Bay Area,2026-06-19,17,24.6,76.28,39.7
15,San Francisco Bay Area,2026-06-19,18,23.2,73.76,44
15,San Francisco Bay Area,2026-06-19,19,21.3,70.34,49.9
15,San Francisco Bay Area,2026-06-19,20,19.4,66.92,57.1
15,San Francisco Bay Area,2026-06-19,21,17.8,64.04,64.2
15,San Francisco Bay Area,2026-06-19,22,16.8,62.24,69.5
15,San Francisco Bay Area,2026-06-20,10,20.5,68.9,52.5
15,San Francisco Bay Area,2026-06-20,11,23,73.4,44.1
15,San Francisco Bay Area,2026-06-20,12,24.7,76.46,39.1
15,San Francisco Bay Area,2026-06-20,13,26.2,79.16,35.5
15,San Francisco Bay Area,2026-06-20,14,27,80.6,33.8
15,San Francisco Bay Area,2026-06-20,15,27.1,80.78,33.5
15,San Francisco Bay Area,2026-06-20,16,26.5,79.7,34.5
15,San Francisco Bay Area,2026-06-20,17,25.2,77.36,38.6
15,San Francisco Bay Area,2026-06-20,18,23.6,74.48,42.8
15,San Francisco Bay Area,2026-06-20,19,21.9,71.42,48.2
15,San Francisco Bay Area,2026-06-20,20,19.9,67.82,55.7
15,San Francisco Bay Area,2026-06-20,21,18.2,64.76,63.5
15,San Francisco Bay Area,2026-06-20,22,17.1,62.78,68.7
15,San Francisco Bay Area,2026-06-21,10,21.1,69.98,51
15,San Francisco Bay Area,2026-06-21,11,23.4,74.12,43.8
15,San Francisco Bay Area,2026-06-21,12,24.9,76.82,39.6
15,San Francisco Bay Area,2026-06-21,13,26.3,79.34,35.6
15,San Francisco Bay Area,2026-06-21,14,27.1,80.78,33.4
15,San Francisco Bay Area,2026-06-21,15,27.3,81.14,33.1
15,San Francisco Bay Area,2026-06-21,16,26.8,80.24,34.3
15,San Francisco Bay Area,2026-06-21,17,25.6,78.08,38
15,San Francisco Bay Area,2026-06-21,18,24.4,75.92,41.4
15,San Francisco Bay Area,2026-06-21,19,22.6,72.68,46.8
15,San Francisco Bay Area,2026-06-21,20,20.7,69.26,53.6
15,San Francisco Bay Area,2026-06-21,21,19,66.2,60.3
15,San Francisco Bay Area,2026-06-21,22,18,64.4,65.4
15,San Francisco Bay Area,2026-06-22,10,21,69.8,52.8
15,San Francisco Bay Area,2026-06-22,11,23.3,73.94,44.2
15,San Francisco Bay Area,2026-06-22,12,25.1,77.18,38.6
15,San Francisco Bay Area,2026-06-22,13,26.7,80.06,34.4
15,San Francisco Bay Area,2026-06-22,14,27.7,81.86,32.1
15,San Francisco Bay Area,2026-06-22,15,27.9,82.22,31.9
15,San Francisco Bay Area,2026-06-22,16,27.4,81.32,33.5
15,San Francisco Bay Area,2026-06-22,17,25.7,78.26,38.3
15,San Francisco Bay Area,2026-06-22,18,24.3,75.74,42.4
15,San Francisco Bay Area,2026-06-22,19,22.7,72.86,46.6
15,San Francisco Bay Area,2026-06-22,20,20.9,69.62,53.3
15,San Francisco Bay Area,2026-06-22,21,19.1,66.38,60.8
15,San Francisco Bay Area,2026-06-22,22,18.1,64.58,66
15,San Francisco Bay Area,2026-06-23,10,20,68,54.5
15,San Francisco Bay Area,2026-06-23,11,22.2,71.96,46.7
15,San Francisco Bay Area,2026-06-23,12,23.9,75.02,42.6
15,San Francisco Bay Area,2026-06-23,13,25.2,77.36,39.2
15,San Francisco Bay Area,2026-06-23,14,25.9,78.62,37.7
15,San Francisco Bay Area,2026-06-23,15,26,78.8,37.6
15,San Francisco Bay Area,2026-06-23,16,25.3,77.54,39.6
15,San Francisco Bay Area,2026-06-23,17,24.4,75.92,42.4
15,San Francisco Bay Area,2026-06-23,18,23.2,73.76,46.1
15,San Francisco Bay Area,2026-06-23,19,21.5,70.7,51.5
15,San Francisco Bay Area,2026-06-23,20,19.6,67.28,58.6
15,San Francisco Bay Area,2026-06-23,21,17.9,64.22,66.1
15,San Francisco Bay Area,2026-06-23,22,16.9,62.42,71.2
15,San Francisco Bay Area,2026-06-24,10,19.1,66.38,59.5
15,San Francisco Bay Area,2026-06-24,11,21.1,69.98,51.9
15,San Francisco Bay Area,2026-06-24,12,22.8,73.04,46.2
15,San Francisco Bay Area,2026-06-24,13,24.2,75.56,42.5
15,San Francisco Bay Area,2026-06-24,14,25.1,77.18,40.5
15,San Francisco Bay Area,2026-06-24,15,25.4,77.72,39.6
15,San Francisco Bay Area,2026-06-24,16,25.1,77.18,40.1
15,San Francisco Bay Area,2026-06-24,17,23.7,74.66,44.9
15,San Francisco Bay Area,2026-06-24,18,22.5,72.5,48.4
15,San Francisco Bay Area,2026-06-24,19,20.8,69.44,54
15,San Francisco Bay Area,2026-06-24,20,18.9,66.02,60.9
15,San Francisco Bay Area,2026-06-24,21,17.4,63.32,68
15,San Francisco Bay Area,2026-06-24,22,16.4,61.52,72.7
15,San Francisco Bay Area,2026-06-25,10,19,66.2,61
15,San Francisco Bay Area,2026-06-25,11,21.2,70.16,52.8
15,San Francisco Bay Area,2026-06-25,12,22.7,72.86,48
15,San Francisco Bay Area,2026-06-25,13,24.1,75.38,44.4
15,San Francisco Bay Area,2026-06-25,14,25.1,77.18,42
15,San Francisco Bay Area,2026-06-25,15,25.4,77.72,41
15,San Francisco Bay Area,2026-06-25,16,25.1,77.18,41.9
15,San Francisco Bay Area,2026-06-25,17,24,75.2,44.9
15,San Francisco Bay Area,2026-06-25,18,22.9,73.22,47.9
15,San Francisco Bay Area,2026-06-25,19,21.1,69.98,53.6
15,San Francisco Bay Area,2026-06-25,20,19.3,66.74,60.6
15,San Francisco Bay Area,2026-06-25,21,17.7,63.86,67.7
15,San Francisco Bay Area,2026-06-25,22,16.8,62.24,72.2
15,San Francisco Bay Area,2026-06-26,10,19.4,66.92,59.4
15,San Francisco Bay Area,2026-06-26,11,21.6,70.88,51.2
15,San Francisco Bay Area,2026-06-26,12,23.2,73.76,46.3
15,San Francisco Bay Area,2026-06-26,13,24.6,76.28,42.5
15,San Francisco Bay Area,2026-06-26,14,25.5,77.9,40.5
15,San Francisco Bay Area,2026-06-26,15,25.8,78.44,39.8
15,San Francisco Bay Area,2026-06-26,16,25.4,77.72,40.6
15,San Francisco Bay Area,2026-06-26,17,24.6,76.28,43.4
15,San Francisco Bay Area,2026-06-26,18,23.4,74.12,47.2
15,San Francisco Bay Area,2026-06-26,19,21.7,71.06,52.8
15,San Francisco Bay Area,2026-06-26,20,19.9,67.82,60.1
15,San Francisco Bay Area,2026-06-26,21,18.2,64.76,67.7
15,San Francisco Bay Area,2026-06-26,22,17.1,62.78,73.3
15,San Francisco Bay Area,2026-06-27,10,20.4,68.72,56.1
15,San Francisco Bay Area,2026-06-27,11,22.6,72.68,48.5
15,San Francisco Bay Area,2026-06-27,12,24.2,75.56,44
15,San Francisco Bay Area,2026-06-27,13,25.6,78.08,40.5
15,San Francisco Bay Area,2026-06-27,14,26.5,79.7,38.1
15,San Francisco Bay Area,2026-06-27,15,26.6,79.88,38.1
15,San Francisco Bay Area,2026-06-27,16,26.1,78.98,39.4
15,San Francisco Bay Area,2026-06-27,17,24.9,76.82,43.2
15,San Francisco Bay Area,2026-06-27,18,23.4,74.12,48.1
15,San Francisco Bay Area,2026-06-27,19,21.7,71.06,53.9
15,San Francisco Bay Area,2026-06-27,20,19.9,67.82,61.1
15,San Francisco Bay Area,2026-06-27,21,18.2,64.76,68.5
15,San Francisco Bay Area,2026-06-27,22,17.1,62.78,73
16,Seattle,2026-06-11,10,15,59,71.3
16,Seattle,2026-06-11,11,15.9,60.62,67.7
16,Seattle,2026-06-11,12,16.5,61.7,64
16,Seattle,2026-06-11,13,17.3,63.14,61
16,Seattle,2026-06-11,14,17.9,64.22,58.4
16,Seattle,2026-06-11,15,18.4,65.12,56.5
16,Seattle,2026-06-11,16,18.7,65.66,55.8
16,Seattle,2026-06-11,17,18.6,65.48,56.3
16,Seattle,2026-06-11,18,18.2,64.76,58.5
16,Seattle,2026-06-11,19,17.7,63.86,61
16,Seattle,2026-06-11,20,16.7,62.06,66.8
16,Seattle,2026-06-11,21,15.5,59.9,70.9
16,Seattle,2026-06-11,22,14.5,58.1,75
16,Seattle,2026-06-12,10,15.4,59.72,70.6
16,Seattle,2026-06-12,11,16.3,61.34,66.9
16,Seattle,2026-06-12,12,17,62.6,64.2
16,Seattle,2026-06-12,13,17.6,63.68,61.5
16,Seattle,2026-06-12,14,18.2,64.76,59.5
16,Seattle,2026-06-12,15,18.7,65.66,57.1
16,Seattle,2026-06-12,16,19.1,66.38,55.7
16,Seattle,2026-06-12,17,19.1,66.38,55.2
16,Seattle,2026-06-12,18,18.8,65.84,57.3
16,Seattle,2026-06-12,19,18.1,64.58,61
16,Seattle,2026-06-12,20,17.3,63.14,65.8
16,Seattle,2026-06-12,21,16.1,60.98,69.1
16,Seattle,2026-06-12,22,15.1,59.18,73.2
16,Seattle,2026-06-13,10,15,59,73.7
16,Seattle,2026-06-13,11,15.8,60.44,68.9
16,Seattle,2026-06-13,12,16.5,61.7,66.3
16,Seattle,2026-06-13,13,17.2,62.96,63.1
16,Seattle,2026-06-13,14,17.8,64.04,59.6
16,Seattle,2026-06-13,15,18.2,64.76,57.8
16,Seattle,2026-06-13,16,18.1,64.58,59.1
16,Seattle,2026-06-13,17,17.7,63.86,59.5
16,Seattle,2026-06-13,18,17.3,63.14,60.5
16,Seattle,2026-06-13,19,16.6,61.88,64.2
16,Seattle,2026-06-13,20,15.8,60.44,67.5
16,Seattle,2026-06-13,21,14.7,58.46,72.5
16,Seattle,2026-06-13,22,13.8,56.84,76.1
16,Seattle,2026-06-14,10,13.9,57.02,69.7
16,Seattle,2026-06-14,11,14.8,58.64,65.6
16,Seattle,2026-06-14,12,15.3,59.54,62.7
16,Seattle,2026-06-14,13,16.1,60.98,59.5
16,Seattle,2026-06-14,14,16.8,62.24,57.1
16,Seattle,2026-06-14,15,17.2,62.96,56
16,Seattle,2026-06-14,16,17.4,63.32,55.7
16,Seattle,2026-06-14,17,17.1,62.78,57.5
16,Seattle,2026-06-14,18,16.8,62.24,58.9
16,Seattle,2026-06-14,19,16.4,61.52,60.4
16,Seattle,2026-06-14,20,15.7,60.26,64.7
16,Seattle,2026-06-14,21,14.7,58.46,69.7
16,Seattle,2026-06-14,22,13.9,57.02,73.8
16,Seattle,2026-06-15,10,14.4,57.92,73.8
16,Seattle,2026-06-15,11,15.2,59.36,69.3
16,Seattle,2026-06-15,12,16.1,60.98,66.3
16,Seattle,2026-06-15,13,16.9,62.42,63.2
16,Seattle,2026-06-15,14,17.6,63.68,60.2
16,Seattle,2026-06-15,15,18.1,64.58,58.3
16,Seattle,2026-06-15,16,18.2,64.76,57.7
16,Seattle,2026-06-15,17,18.3,64.94,57
16,Seattle,2026-06-15,18,18,64.4,58
16,Seattle,2026-06-15,19,17.5,63.5,59.8
16,Seattle,2026-06-15,20,16.6,61.88,65
16,Seattle,2026-06-15,21,15.4,59.72,70
16,Seattle,2026-06-15,22,14.3,57.74,75.2
16,Seattle,2026-06-16,10,15.3,59.54,72.7
16,Seattle,2026-06-16,11,16.2,61.16,68.4
16,Seattle,2026-06-16,12,17.1,62.78,63.5
16,Seattle,2026-06-16,13,18,64.4,60.1
16,Seattle,2026-06-16,14,18.6,65.48,57.1
16,Seattle,2026-06-16,15,19.1,66.38,54.5
16,Seattle,2026-06-16,16,19.5,67.1,52.6
16,Seattle,2026-06-16,17,19.3,66.74,53.2
16,Seattle,2026-06-16,18,18.9,66.02,55.5
16,Seattle,2026-06-16,19,18.2,64.76,59.5
16,Seattle,2026-06-16,20,17.2,62.96,65.4
16,Seattle,2026-06-16,21,15.8,60.44,71.2
16,Seattle,2026-06-16,22,14.8,58.64,74.6
16,Seattle,2026-06-17,10,15,59,71.3
16,Seattle,2026-06-17,11,15.9,60.62,66.9
16,Seattle,2026-06-17,12,16.7,62.06,64.2
16,Seattle,2026-06-17,13,17.6,63.68,60.9
16,Seattle,2026-06-17,14,18.2,64.76,58.8
16,Seattle,2026-06-17,15,18.6,65.48,57.2
16,Seattle,2026-06-17,16,18.9,66.02,56.2
16,Seattle,2026-06-17,17,18.7,65.66,57.1
16,Seattle,2026-06-17,18,18.5,65.3,57.6
16,Seattle,2026-06-17,19,17.9,64.22,60.1
16,Seattle,2026-06-17,20,17,62.6,65
16,Seattle,2026-06-17,21,15.8,60.44,69.3
16,Seattle,2026-06-17,22,14.8,58.64,72.8
16,Seattle,2026-06-18,10,15,59,72.6
16,Seattle,2026-06-18,11,15.8,60.44,67.8
16,Seattle,2026-06-18,12,16.6,61.88,65.2
16,Seattle,2026-06-18,13,17.2,62.96,63
16,Seattle,2026-06-18,14,17.9,64.22,60.5
16,Seattle,2026-06-18,15,18.4,65.12,58.8
16,Seattle,2026-06-18,16,18.7,65.66,57.4
16,Seattle,2026-06-18,17,18.5,65.3,59.2
16,Seattle,2026-06-18,18,18.2,64.76,59.7
16,Seattle,2026-06-18,19,17.7,63.86,62.1
16,Seattle,2026-06-18,20,16.8,62.24,66.5
16,Seattle,2026-06-18,21,15.5,59.9,71.8
16,Seattle,2026-06-18,22,14.5,58.1,75.5
16,Seattle,2026-06-19,10,15.5,59.9,71.2
16,Seattle,2026-06-19,11,16.5,61.7,66.8
16,Seattle,2026-06-19,12,17.4,63.32,64.7
16,Seattle,2026-06-19,13,18.3,64.94,60.8
16,Seattle,2026-06-19,14,19.1,66.38,57.9
16,Seattle,2026-06-19,15,19.7,67.46,55.3
16,Seattle,2026-06-19,16,20,68,54.2
16,Seattle,2026-06-19,17,19.9,67.82,54.6
16,Seattle,2026-06-19,18,19.6,67.28,55.2
16,Seattle,2026-06-19,19,18.9,66.02,58.4
16,Seattle,2026-06-19,20,17.8,64.04,64.5
16,Seattle,2026-06-19,21,16.4,61.52,69.1
16,Seattle,2026-06-19,22,15.1,59.18,74.7
16,Seattle,2026-06-20,10,16.1,60.98,70.8
16,Seattle,2026-06-20,11,17.2,62.96,66.5
16,Seattle,2026-06-20,12,18,64.4,63.5
16,Seattle,2026-06-20,13,18.8,65.84,60.4
16,Seattle,2026-06-20,14,19.3,66.74,59.4
16,Seattle,2026-06-20,15,19.7,67.46,58.5
16,Seattle,2026-06-20,16,20,68,57.5
16,Seattle,2026-06-20,17,20,68,57.1
16,Seattle,2026-06-20,18,19.8,67.64,57.8
16,Seattle,2026-06-20,19,19.2,66.56,60.1
16,Seattle,2026-06-20,20,18.2,64.76,64.3
16,Seattle,2026-06-20,21,16.9,62.42,68.7
16,Seattle,2026-06-20,22,15.8,60.44,72.3
16,Seattle,2026-06-21,10,16.6,61.88,68.8
16,Seattle,2026-06-21,11,17.6,63.68,65.7
16,Seattle,2026-06-21,12,18.5,65.3,62
16,Seattle,2026-06-21,13,19.3,66.74,58.9
16,Seattle,2026-06-21,14,20.2,68.36,55.9
16,Seattle,2026-06-21,15,20.7,69.26,54
16,Seattle,2026-06-21,16,21,69.8,53
16,Seattle,2026-06-21,17,20.9,69.62,53.3
16,Seattle,2026-06-21,18,20.6,69.08,54.1
16,Seattle,2026-06-21,19,20,68,56.8
16,Seattle,2026-06-21,20,18.8,65.84,61.8
16,Seattle,2026-06-21,21,17.2,62.96,67.2
16,Seattle,2026-06-21,22,15.9,60.62,73.1
16,Seattle,2026-06-22,10,16.2,61.16,68.7
16,Seattle,2026-06-22,11,17.1,62.78,65
16,Seattle,2026-06-22,12,17.8,64.04,63.6
16,Seattle,2026-06-22,13,18.6,65.48,60.2
16,Seattle,2026-06-22,14,19.3,66.74,57.8
16,Seattle,2026-06-22,15,19.9,67.82,55
16,Seattle,2026-06-22,16,20.4,68.72,53.2
16,Seattle,2026-06-22,17,20.1,68.18,55.1
16,Seattle,2026-06-22,18,20.1,68.18,55.7
16,Seattle,2026-06-22,19,19.3,66.74,58.8
16,Seattle,2026-06-22,20,18.1,64.58,64
16,Seattle,2026-06-22,21,16.7,62.06,67.7
16,Seattle,2026-06-22,22,15.6,60.08,72.7
16,Seattle,2026-06-23,10,16.7,62.06,67.4
16,Seattle,2026-06-23,11,17.8,64.04,63.3
16,Seattle,2026-06-23,12,18.3,64.94,62
16,Seattle,2026-06-23,13,19.1,66.38,58.6
16,Seattle,2026-06-23,14,19.9,67.82,55.9
16,Seattle,2026-06-23,15,20.5,68.9,53.7
16,Seattle,2026-06-23,16,20.7,69.26,52.6
16,Seattle,2026-06-23,17,20.4,68.72,53
16,Seattle,2026-06-23,18,20,68,54.5
16,Seattle,2026-06-23,19,19.2,66.56,57.4
16,Seattle,2026-06-23,20,18.2,64.76,61.8
16,Seattle,2026-06-23,21,16.9,62.42,67.2
16,Seattle,2026-06-23,22,15.6,60.08,74
16,Seattle,2026-06-24,10,16.8,62.24,70.5
16,Seattle,2026-06-24,11,17.8,64.04,66.3
16,Seattle,2026-06-24,12,18.8,65.84,62.3
16,Seattle,2026-06-24,13,19.6,67.28,59.3
16,Seattle,2026-06-24,14,20.3,68.54,56.6
16,Seattle,2026-06-24,15,20.8,69.44,55.1
16,Seattle,2026-06-24,16,21,69.8,54
16,Seattle,2026-06-24,17,20.9,69.62,54.5
16,Seattle,2026-06-24,18,20.3,68.54,56.5
16,Seattle,2026-06-24,19,19.4,66.92,60
16,Seattle,2026-06-24,20,18.4,65.12,63.6
16,Seattle,2026-06-24,21,17,62.6,68.7
16,Seattle,2026-06-24,22,15.9,60.62,73
16,Seattle,2026-06-25,10,17.7,63.86,69.2
16,Seattle,2026-06-25,11,18.7,65.66,65.1
16,Seattle,2026-06-25,12,19.6,67.28,60.9
16,Seattle,2026-06-25,13,20.6,69.08,57
16,Seattle,2026-06-25,14,21.4,70.52,53.6
16,Seattle,2026-06-25,15,22.1,71.78,51.1
16,Seattle,2026-06-25,16,22.5,72.5,49.1
16,Seattle,2026-06-25,17,22.5,72.5,49.9
16,Seattle,2026-06-25,18,22,71.6,51.4
16,Seattle,2026-06-25,19,21.2,70.16,54.5
16,Seattle,2026-06-25,20,20,68,59.4
16,Seattle,2026-06-25,21,18.4,65.12,64.8
16,Seattle,2026-06-25,22,17.1,62.78,69.2
16,Seattle,2026-06-26,10,17.9,64.22,67.8
16,Seattle,2026-06-26,11,19.3,66.74,62.7
16,Seattle,2026-06-26,12,20.2,68.36,59.6
16,Seattle,2026-06-26,13,21.2,70.16,55.8
16,Seattle,2026-06-26,14,22,71.6,53.2
16,Seattle,2026-06-26,15,22.5,72.5,52.2
16,Seattle,2026-06-26,16,22.7,72.86,51.5
16,Seattle,2026-06-26,17,22.1,71.78,54.5
16,Seattle,2026-06-26,18,21.6,70.88,55.9
16,Seattle,2026-06-26,19,20.9,69.62,59
16,Seattle,2026-06-26,20,19.9,67.82,63.1
16,Seattle,2026-06-26,21,18.5,65.3,67.8
16,Seattle,2026-06-26,22,17.4,63.32,70.8
16,Seattle,2026-06-27,10,17.9,64.22,70.3
16,Seattle,2026-06-27,11,18.9,66.02,66.1
16,Seattle,2026-06-27,12,19.8,67.64,62.9
16,Seattle,2026-06-27,13,20.7,69.26,60.3
16,Seattle,2026-06-27,14,21.5,70.7,58.5
16,Seattle,2026-06-27,15,22.2,71.96,55.7
16,Seattle,2026-06-27,16,22.7,72.86,53.5
16,Seattle,2026-06-27,17,22.5,72.5,53.9
16,Seattle,2026-06-27,18,22.1,71.78,55.6
16,Seattle,2026-06-27,19,21.5,70.7,57.8
16,Seattle,2026-06-27,20,20.4,68.72,61
16,Seattle,2026-06-27,21,19,66.2,67.6
16,Seattle,2026-06-27,22,17.8,64.04,71.7