venue_id,city,date,hour_local,base_temperature_c,humidity_pct,source_id
1,Toronto,2026-06-11,10,18.1,72.0,open-meteo-20yr-avg
1,Toronto,2026-06-11,11,18.8,70.4,open-meteo-20yr-avg
1,Toronto,2026-06-11,12,19.3,68.5,open-meteo-20yr-avg
1,Toronto,2026-06-11,13,19.9,66.5,open-meteo-20yr-avg
1,Toronto,2026-06-11,14,20.1,65.9,open-meteo-20yr-avg
1,Toronto,2026-06-11,15,20.3,66.0,open-meteo-20yr-avg
1,Toronto,2026-06-11,16,20.2,66.8,open-meteo-20yr-avg
1,Toronto,2026-06-11,17,20.0,68.0,open-meteo-20yr-avg
1,Toronto,2026-06-11,18,19.9,68.7,open-meteo-20yr-avg
1,Toronto,2026-06-11,19,19.6,70.0,open-meteo-20yr-avg
1,Toronto,2026-06-11,20,19.1,72.8,open-meteo-20yr-avg
1,Toronto,2026-06-11,21,18.1,75.7,open-meteo-20yr-avg
1,Toronto,2026-06-11,22,17.7,76.8,open-meteo-20yr-avg
1,Toronto,2026-06-12,10,17.9,77.3,open-meteo-20yr-avg
1,Toronto,2026-06-12,11,18.5,75.8,open-meteo-20yr-avg
1,Toronto,2026-06-12,12,19.1,73.9,open-meteo-20yr-avg
1,Toronto,2026-06-12,13,19.5,72.3,open-meteo-20yr-avg
1,Toronto,2026-06-12,14,19.9,70.1,open-meteo-20yr-avg
1,Toronto,2026-06-12,15,19.9,69.6,open-meteo-20yr-avg
1,Toronto,2026-06-12,16,19.9,69.6,open-meteo-20yr-avg
1,Toronto,2026-06-12,17,19.6,70.3,open-meteo-20yr-avg
1,Toronto,2026-06-12,18,19.5,70.3,open-meteo-20yr-avg
1,Toronto,2026-06-12,19,19.2,70.3,open-meteo-20yr-avg
1,Toronto,2026-06-12,20,18.5,72.0,open-meteo-20yr-avg
1,Toronto,2026-06-12,21,17.6,73.3,open-meteo-20yr-avg
1,Toronto,2026-06-12,22,17.2,74.3,open-meteo-20yr-avg
1,Toronto,2026-06-13,10,17.8,75.2,open-meteo-20yr-avg
1,Toronto,2026-06-13,11,18.6,72.8,open-meteo-20yr-avg
1,Toronto,2026-06-13,12,19.2,70.4,open-meteo-20yr-avg
1,Toronto,2026-06-13,13,19.7,68.5,open-meteo-20yr-avg
1,Toronto,2026-06-13,14,19.9,67.6,open-meteo-20yr-avg
1,Toronto,2026-06-13,15,19.9,66.6,open-meteo-20yr-avg
1,Toronto,2026-06-13,16,19.8,67.7,open-meteo-20yr-avg
1,Toronto,2026-06-13,17,19.7,67.8,open-meteo-20yr-avg
1,Toronto,2026-06-13,18,19.6,66.2,open-meteo-20yr-avg
1,Toronto,2026-06-13,19,19.4,67.0,open-meteo-20yr-avg
1,Toronto,2026-06-13,20,18.7,70.8,open-meteo-20yr-avg
1,Toronto,2026-06-13,21,18.0,73.5,open-meteo-20yr-avg
1,Toronto,2026-06-13,22,17.4,76.0,open-meteo-20yr-avg
1,Toronto,2026-06-14,10,17.5,69.6,open-meteo-20yr-avg
1,Toronto,2026-06-14,11,18.2,66.7,open-meteo-20yr-avg
1,Toronto,2026-06-14,12,18.7,65.1,open-meteo-20yr-avg
1,Toronto,2026-06-14,13,19.0,64.3,open-meteo-20yr-avg
1,Toronto,2026-06-14,14,19.4,62.8,open-meteo-20yr-avg
1,Toronto,2026-06-14,15,19.7,61.4,open-meteo-20yr-avg
1,Toronto,2026-06-14,16,19.7,60.1,open-meteo-20yr-avg
1,Toronto,2026-06-14,17,19.7,60.8,open-meteo-20yr-avg
1,Toronto,2026-06-14,18,19.5,60.6,open-meteo-20yr-avg
1,Toronto,2026-06-14,19,19.2,62.2,open-meteo-20yr-avg
1,Toronto,2026-06-14,20,18.6,66.2,open-meteo-20yr-avg
1,Toronto,2026-06-14,21,17.8,68.3,open-meteo-20yr-avg
1,Toronto,2026-06-14,22,17.2,69.8,open-meteo-20yr-avg
1,Toronto,2026-06-15,10,18.2,68.1,open-meteo-20yr-avg
1,Toronto,2026-06-15,11,18.6,66.4,open-meteo-20yr-avg
1,Toronto,2026-06-15,12,19.0,64.2,open-meteo-20yr-avg
1,Toronto,2026-06-15,13,19.4,63.2,open-meteo-20yr-avg
1,Toronto,2026-06-15,14,19.9,62.2,open-meteo-20yr-avg
1,Toronto,2026-06-15,15,20.1,62.7,open-meteo-20yr-avg
1,Toronto,2026-06-15,16,20.3,62.1,open-meteo-20yr-avg
1,Toronto,2026-06-15,17,20.2,63.1,open-meteo-20yr-avg
1,Toronto,2026-06-15,18,19.9,65.0,open-meteo-20yr-avg
1,Toronto,2026-06-15,19,19.6,67.3,open-meteo-20yr-avg
1,Toronto,2026-06-15,20,19.0,69.8,open-meteo-20yr-avg
1,Toronto,2026-06-15,21,18.2,70.5,open-meteo-20yr-avg
1,Toronto,2026-06-15,22,17.6,72.8,open-meteo-20yr-avg
1,Toronto,2026-06-16,10,18.8,75.5,open-meteo-20yr-avg
1,Toronto,2026-06-16,11,19.6,72.7,open-meteo-20yr-avg
1,Toronto,2026-06-16,12,20.2,71.0,open-meteo-20yr-avg
1,Toronto,2026-06-16,13,20.7,69.1,open-meteo-20yr-avg
1,Toronto,2026-06-16,14,20.9,67.4,open-meteo-20yr-avg
1,Toronto,2026-06-16,15,21.1,65.3,open-meteo-20yr-avg
1,Toronto,2026-06-16,16,21.4,63.0,open-meteo-20yr-avg
1,Toronto,2026-06-16,17,21.4,62.1,open-meteo-20yr-avg
1,Toronto,2026-06-16,18,21.1,63.8,open-meteo-20yr-avg
1,Toronto,2026-06-16,19,20.7,65.8,open-meteo-20yr-avg
1,Toronto,2026-06-16,20,19.9,67.5,open-meteo-20yr-avg
1,Toronto,2026-06-16,21,18.8,69.9,open-meteo-20yr-avg
1,Toronto,2026-06-16,22,18.3,70.6,open-meteo-20yr-avg
1,Toronto,2026-06-17,10,19.4,70.7,open-meteo-20yr-avg
1,Toronto,2026-06-17,11,20.2,67.0,open-meteo-20yr-avg
1,Toronto,2026-06-17,12,20.9,65.2,open-meteo-20yr-avg
1,Toronto,2026-06-17,13,21.4,63.7,open-meteo-20yr-avg
1,Toronto,2026-06-17,14,21.8,61.5,open-meteo-20yr-avg
1,Toronto,2026-06-17,15,22.0,61.2,open-meteo-20yr-avg
1,Toronto,2026-06-17,16,22.1,61.4,open-meteo-20yr-avg
1,Toronto,2026-06-17,17,21.9,62.9,open-meteo-20yr-avg
1,Toronto,2026-06-17,18,21.7,63.8,open-meteo-20yr-avg
1,Toronto,2026-06-17,19,21.1,65.5,open-meteo-20yr-avg
1,Toronto,2026-06-17,20,20.3,68.8,open-meteo-20yr-avg
1,Toronto,2026-06-17,21,19.5,70.3,open-meteo-20yr-avg
1,Toronto,2026-06-17,22,18.9,72.3,open-meteo-20yr-avg
1,Toronto,2026-06-18,10,19.4,73.5,open-meteo-20yr-avg
1,Toronto,2026-06-18,11,20.1,71.7,open-meteo-20yr-avg
1,Toronto,2026-06-18,12,20.4,71.0,open-meteo-20yr-avg
1,Toronto,2026-06-18,13,20.8,69.6,open-meteo-20yr-avg
1,Toronto,2026-06-18,14,21.2,68.0,open-meteo-20yr-avg
1,Toronto,2026-06-18,15,21.6,67.0,open-meteo-20yr-avg
1,Toronto,2026-06-18,16,21.8,67.0,open-meteo-20yr-avg
1,Toronto,2026-06-18,17,21.7,68.5,open-meteo-20yr-avg
1,Toronto,2026-06-18,18,21.5,69.7,open-meteo-20yr-avg
1,Toronto,2026-06-18,19,21.1,72.0,open-meteo-20yr-avg
1,Toronto,2026-06-18,20,20.6,73.6,open-meteo-20yr-avg
1,Toronto,2026-06-18,21,19.7,75.0,open-meteo-20yr-avg
1,Toronto,2026-06-18,22,19.3,75.8,open-meteo-20yr-avg
1,Toronto,2026-06-19,10,19.9,70.8,open-meteo-20yr-avg
1,Toronto,2026-06-19,11,20.5,68.6,open-meteo-20yr-avg
1,Toronto,2026-06-19,12,21.0,67.2,open-meteo-20yr-avg
1,Toronto,2026-06-19,13,21.4,65.7,open-meteo-20yr-avg
1,Toronto,2026-06-19,14,21.7,64.5,open-meteo-20yr-avg
1,Toronto,2026-06-19,15,21.9,63.6,open-meteo-20yr-avg
1,Toronto,2026-06-19,16,22.0,63.1,open-meteo-20yr-avg
1,Toronto,2026-06-19,17,22.0,62.4,open-meteo-20yr-avg
1,Toronto,2026-06-19,18,21.7,64.1,open-meteo-20yr-avg
1,Toronto,2026-06-19,19,21.0,67.2,open-meteo-20yr-avg
1,Toronto,2026-06-19,20,20.4,69.0,open-meteo-20yr-avg
1,Toronto,2026-06-19,21,19.5,71.7,open-meteo-20yr-avg
1,Toronto,2026-06-19,22,19.1,73.2,open-meteo-20yr-avg
1,Toronto,2026-06-20,10,19.5,71.0,open-meteo-20yr-avg
1,Toronto,2026-06-20,11,19.9,69.8,open-meteo-20yr-avg
1,Toronto,2026-06-20,12,20.7,68.0,open-meteo-20yr-avg
1,Toronto,2026-06-20,13,21.1,66.0,open-meteo-20yr-avg
1,Toronto,2026-06-20,14,21.5,65.0,open-meteo-20yr-avg
1,Toronto,2026-06-20,15,21.5,65.1,open-meteo-20yr-avg
1,Toronto,2026-06-20,16,21.5,66.3,open-meteo-20yr-avg
1,Toronto,2026-06-20,17,21.5,66.2,open-meteo-20yr-avg
1,Toronto,2026-06-20,18,21.2,67.5,open-meteo-20yr-avg
1,Toronto,2026-06-20,19,20.8,69.8,open-meteo-20yr-avg
1,Toronto,2026-06-20,20,20.1,72.2,open-meteo-20yr-avg
1,Toronto,2026-06-20,21,19.2,75.5,open-meteo-20yr-avg
1,Toronto,2026-06-20,22,18.8,75.7,open-meteo-20yr-avg
1,Toronto,2026-06-21,10,20.1,73.5,open-meteo-20yr-avg
1,Toronto,2026-06-21,11,20.9,70.5,open-meteo-20yr-avg
1,Toronto,2026-06-21,12,21.5,68.5,open-meteo-20yr-avg
1,Toronto,2026-06-21,13,21.9,67.1,open-meteo-20yr-avg
1,Toronto,2026-06-21,14,22.3,65.2,open-meteo-20yr-avg
1,Toronto,2026-06-21,15,22.5,64.3,open-meteo-20yr-avg
1,Toronto,2026-06-21,16,22.6,63.1,open-meteo-20yr-avg
1,Toronto,2026-06-21,17,22.5,62.6,open-meteo-20yr-avg
1,Toronto,2026-06-21,18,22.1,63.2,open-meteo-20yr-avg
1,Toronto,2026-06-21,19,21.6,65.1,open-meteo-20yr-avg
1,Toronto,2026-06-21,20,20.9,68.3,open-meteo-20yr-avg
1,Toronto,2026-06-21,21,20.0,70.8,open-meteo-20yr-avg
1,Toronto,2026-06-21,22,19.4,72.2,open-meteo-20yr-avg
1,Toronto,2026-06-22,10,19.9,72.2,open-meteo-20yr-avg
1,Toronto,2026-06-22,11,20.4,69.3,open-meteo-20yr-avg
1,Toronto,2026-06-22,12,20.7,68.5,open-meteo-20yr-avg
1,Toronto,2026-06-22,13,21.1,67.2,open-meteo-20yr-avg
1,Toronto,2026-06-22,14,21.3,66.7,open-meteo-20yr-avg
1,Toronto,2026-06-22,15,21.8,64.2,open-meteo-20yr-avg
1,Toronto,2026-06-22,16,21.7,64.8,open-meteo-20yr-avg
1,Toronto,2026-06-22,17,21.6,64.5,open-meteo-20yr-avg
1,Toronto,2026-06-22,18,21.7,64.5,open-meteo-20yr-avg
1,Toronto,2026-06-22,19,21.2,67.0,open-meteo-20yr-avg
1,Toronto,2026-06-22,20,20.8,68.5,open-meteo-20yr-avg
1,Toronto,2026-06-22,21,19.8,71.7,open-meteo-20yr-avg
1,Toronto,2026-06-22,22,19.1,74.0,open-meteo-20yr-avg
1,Toronto,2026-06-23,10,19.8,76.3,open-meteo-20yr-avg
1,Toronto,2026-06-23,11,20.4,74.0,open-meteo-20yr-avg
1,Toronto,2026-06-23,12,20.8,72.5,open-meteo-20yr-avg
1,Toronto,2026-06-23,13,21.2,70.4,open-meteo-20yr-avg
1,Toronto,2026-06-23,14,21.5,68.6,open-meteo-20yr-avg
1,Toronto,2026-06-23,15,21.9,67.5,open-meteo-20yr-avg
1,Toronto,2026-06-23,16,21.9,67.1,open-meteo-20yr-avg
1,Toronto,2026-06-23,17,21.7,68.6,open-meteo-20yr-avg
1,Toronto,2026-06-23,18,21.5,70.0,open-meteo-20yr-avg
1,Toronto,2026-06-23,19,21.2,70.8,open-meteo-20yr-avg
1,Toronto,2026-06-23,20,20.8,73.3,open-meteo-20yr-avg
1,Toronto,2026-06-23,21,20.1,75.0,open-meteo-20yr-avg
1,Toronto,2026-06-23,22,19.8,75.8,open-meteo-20yr-avg
1,Toronto,2026-06-24,10,20.2,73.1,open-meteo-20yr-avg
1,Toronto,2026-06-24,11,21.0,69.5,open-meteo-20yr-avg
1,Toronto,2026-06-24,12,21.6,66.9,open-meteo-20yr-avg
1,Toronto,2026-06-24,13,22.1,64.5,open-meteo-20yr-avg
1,Toronto,2026-06-24,14,22.5,62.6,open-meteo-20yr-avg
1,Toronto,2026-06-24,15,23.0,61.5,open-meteo-20yr-avg
1,Toronto,2026-06-24,16,22.9,61.8,open-meteo-20yr-avg
1,Toronto,2026-06-24,17,22.7,62.6,open-meteo-20yr-avg
1,Toronto,2026-06-24,18,22.6,63.8,open-meteo-20yr-avg
1,Toronto,2026-06-24,19,22.4,65.5,open-meteo-20yr-avg
1,Toronto,2026-06-24,20,21.7,68.4,open-meteo-20yr-avg
1,Toronto,2026-06-24,21,20.8,70.2,open-meteo-20yr-avg
1,Toronto,2026-06-24,22,20.1,72.7,open-meteo-20yr-avg
1,Toronto,2026-06-25,10,20.6,72.2,open-meteo-20yr-avg
1,Toronto,2026-06-25,11,21.1,70.5,open-meteo-20yr-avg
1,Toronto,2026-06-25,12,21.8,67.3,open-meteo-20yr-avg
1,Toronto,2026-06-25,13,22.2,65.4,open-meteo-20yr-avg
1,Toronto,2026-06-25,14,22.7,63.2,open-meteo-20yr-avg
1,Toronto,2026-06-25,15,22.7,63.7,open-meteo-20yr-avg
1,Toronto,2026-06-25,16,22.5,66.2,open-meteo-20yr-avg
1,Toronto,2026-06-25,17,22.4,66.8,open-meteo-20yr-avg
1,Toronto,2026-06-25,18,22.2,68.0,open-meteo-20yr-avg
1,Toronto,2026-06-25,19,21.7,71.5,open-meteo-20yr-avg
1,Toronto,2026-06-25,20,21.0,74.6,open-meteo-20yr-avg
1,Toronto,2026-06-25,21,20.3,75.3,open-meteo-20yr-avg
1,Toronto,2026-06-25,22,19.8,76.2,open-meteo-20yr-avg
1,Toronto,2026-06-26,10,21.1,73.6,open-meteo-20yr-avg
1,Toronto,2026-06-26,11,21.9,70.1,open-meteo-20yr-avg
1,Toronto,2026-06-26,12,22.5,67.5,open-meteo-20yr-avg
1,Toronto,2026-06-26,13,22.9,65.7,open-meteo-20yr-avg
1,Toronto,2026-06-26,14,23.2,64.5,open-meteo-20yr-avg
1,Toronto,2026-06-26,15,23.2,64.8,open-meteo-20yr-avg
1,Toronto,2026-06-26,16,23.2,65.7,open-meteo-20yr-avg
1,Toronto,2026-06-26,17,23.1,66.5,open-meteo-20yr-avg
1,Toronto,2026-06-26,18,22.7,67.8,open-meteo-20yr-avg
1,Toronto,2026-06-26,19,22.4,69.6,open-meteo-20yr-avg
1,Toronto,2026-06-26,20,21.9,72.3,open-meteo-20yr-avg
1,Toronto,2026-06-26,21,21.1,74.2,open-meteo-20yr-avg
1,Toronto,2026-06-26,22,20.4,77.3,open-meteo-20yr-avg
1,Toronto,2026-06-27,10,20.8,75.2,open-meteo-20yr-avg
1,Toronto,2026-06-27,11,21.4,72.6,open-meteo-20yr-avg
1,Toronto,2026-06-27,12,22.1,70.0,open-meteo-20yr-avg
1,Toronto,2026-06-27,13,22.3,69.0,open-meteo-20yr-avg
1,Toronto,2026-06-27,14,22.7,67.5,open-meteo-20yr-avg
1,Toronto,2026-06-27,15,22.8,67.5,open-meteo-20yr-avg
1,Toronto,2026-06-27,16,23.0,66.5,open-meteo-20yr-avg
1,Toronto,2026-06-27,17,22.8,67.3,open-meteo-20yr-avg
1,Toronto,2026-06-27,18,22.6,67.8,open-meteo-20yr-avg
1,Toronto,2026-06-27,19,22.1,69.8,open-meteo-20yr-avg
1,Toronto,2026-06-27,20,21.5,71.0,open-meteo-20yr-avg
1,Toronto,2026-06-27,21,20.6,72.8,open-meteo-20yr-avg
1,Toronto,2026-06-27,22,20.0,75.2,open-meteo-20yr-avg
2,Vancouver,2026-06-11,10,14.9,75.5,open-meteo-20yr-avg
2,Vancouver,2026-06-11,11,15.3,74.8,open-meteo-20yr-avg
2,Vancouver,2026-06-11,12,15.9,73.2,open-meteo-20yr-avg
2,Vancouver,2026-06-11,13,16.3,70.7,open-meteo-20yr-avg
2,Vancouver,2026-06-11,14,16.9,67.8,open-meteo-20yr-avg
2,Vancouver,2026-06-11,15,17.1,66.3,open-meteo-20yr-avg
2,Vancouver,2026-06-11,16,17.3,65.0,open-meteo-20yr-avg
2,Vancouver,2026-06-11,17,17.3,63.9,open-meteo-20yr-avg
2,Vancouver,2026-06-11,18,17.3,64.3,open-meteo-20yr-avg
2,Vancouver,2026-06-11,19,16.8,66.2,open-meteo-20yr-avg
2,Vancouver,2026-06-11,20,16.2,69.3,open-meteo-20yr-avg
2,Vancouver,2026-06-11,21,15.3,75.4,open-meteo-20yr-avg
2,Vancouver,2026-06-11,22,14.6,79.0,open-meteo-20yr-avg
2,Vancouver,2026-06-12,10,15.3,73.3,open-meteo-20yr-avg
2,Vancouver,2026-06-12,11,15.8,72.0,open-meteo-20yr-avg
2,Vancouver,2026-06-12,12,16.4,70.5,open-meteo-20yr-avg
2,Vancouver,2026-06-12,13,16.9,67.9,open-meteo-20yr-avg
2,Vancouver,2026-06-12,14,17.5,65.5,open-meteo-20yr-avg
2,Vancouver,2026-06-12,15,17.8,64.3,open-meteo-20yr-avg
2,Vancouver,2026-06-12,16,18.0,64.2,open-meteo-20yr-avg
2,Vancouver,2026-06-12,17,18.0,63.0,open-meteo-20yr-avg
2,Vancouver,2026-06-12,18,17.7,63.5,open-meteo-20yr-avg
2,Vancouver,2026-06-12,19,17.3,65.3,open-meteo-20yr-avg
2,Vancouver,2026-06-12,20,16.6,68.5,open-meteo-20yr-avg
2,Vancouver,2026-06-12,21,15.7,73.0,open-meteo-20yr-avg
2,Vancouver,2026-06-12,22,14.8,78.0,open-meteo-20yr-avg
2,Vancouver,2026-06-13,10,14.6,79.3,open-meteo-20yr-avg
2,Vancouver,2026-06-13,11,15.2,77.5,open-meteo-20yr-avg
2,Vancouver,2026-06-13,12,15.6,75.6,open-meteo-20yr-avg
2,Vancouver,2026-06-13,13,16.1,72.8,open-meteo-20yr-avg
2,Vancouver,2026-06-13,14,16.6,69.7,open-meteo-20yr-avg
2,Vancouver,2026-06-13,15,16.9,66.6,open-meteo-20yr-avg
2,Vancouver,2026-06-13,16,17.2,63.9,open-meteo-20yr-avg
2,Vancouver,2026-06-13,17,17.1,63.9,open-meteo-20yr-avg
2,Vancouver,2026-06-13,18,16.8,63.7,open-meteo-20yr-avg
2,Vancouver,2026-06-13,19,16.4,65.7,open-meteo-20yr-avg
2,Vancouver,2026-06-13,20,15.7,69.1,open-meteo-20yr-avg
2,Vancouver,2026-06-13,21,14.9,74.7,open-meteo-20yr-avg
2,Vancouver,2026-06-13,22,14.0,78.5,open-meteo-20yr-avg
2,Vancouver,2026-06-14,10,13.8,74.5,open-meteo-20yr-avg
2,Vancouver,2026-06-14,11,14.2,72.5,open-meteo-20yr-avg
2,Vancouver,2026-06-14,12,14.8,70.2,open-meteo-20yr-avg
2,Vancouver,2026-06-14,13,15.3,67.2,open-meteo-20yr-avg
2,Vancouver,2026-06-14,14,15.8,65.4,open-meteo-20yr-avg
2,Vancouver,2026-06-14,15,16.2,64.2,open-meteo-20yr-avg
2,Vancouver,2026-06-14,16,16.4,63.4,open-meteo-20yr-avg
2,Vancouver,2026-06-14,17,16.3,63.2,open-meteo-20yr-avg
2,Vancouver,2026-06-14,18,16.0,63.8,open-meteo-20yr-avg
2,Vancouver,2026-06-14,19,15.6,66.0,open-meteo-20yr-avg
2,Vancouver,2026-06-14,20,15.0,68.6,open-meteo-20yr-avg
2,Vancouver,2026-06-14,21,14.3,74.4,open-meteo-20yr-avg
2,Vancouver,2026-06-14,22,13.5,78.5,open-meteo-20yr-avg
2,Vancouver,2026-06-15,10,14.6,75.5,open-meteo-20yr-avg
2,Vancouver,2026-06-15,11,15.2,73.8,open-meteo-20yr-avg
2,Vancouver,2026-06-15,12,15.6,72.0,open-meteo-20yr-avg
2,Vancouver,2026-06-15,13,15.8,71.2,open-meteo-20yr-avg
2,Vancouver,2026-06-15,14,16.4,67.5,open-meteo-20yr-avg
2,Vancouver,2026-06-15,15,16.8,65.2,open-meteo-20yr-avg
2,Vancouver,2026-06-15,16,17.1,64.6,open-meteo-20yr-avg
2,Vancouver,2026-06-15,17,17.0,64.9,open-meteo-20yr-avg
2,Vancouver,2026-06-15,18,16.9,65.1,open-meteo-20yr-avg
2,Vancouver,2026-06-15,19,16.5,66.2,open-meteo-20yr-avg
2,Vancouver,2026-06-15,20,15.9,70.7,open-meteo-20yr-avg
2,Vancouver,2026-06-15,21,15.3,73.4,open-meteo-20yr-avg
2,Vancouver,2026-06-15,22,14.6,77.2,open-meteo-20yr-avg
2,Vancouver,2026-06-16,10,15.1,75.1,open-meteo-20yr-avg
2,Vancouver,2026-06-16,11,15.6,73.3,open-meteo-20yr-avg
2,Vancouver,2026-06-16,12,16.3,71.5,open-meteo-20yr-avg
2,Vancouver,2026-06-16,13,16.7,70.8,open-meteo-20yr-avg
2,Vancouver,2026-06-16,14,17.0,69.8,open-meteo-20yr-avg
2,Vancouver,2026-06-16,15,17.4,68.0,open-meteo-20yr-avg
2,Vancouver,2026-06-16,16,17.6,66.0,open-meteo-20yr-avg
2,Vancouver,2026-06-16,17,17.7,64.3,open-meteo-20yr-avg
2,Vancouver,2026-06-16,18,17.5,65.0,open-meteo-20yr-avg
2,Vancouver,2026-06-16,19,17.0,67.0,open-meteo-20yr-avg
2,Vancouver,2026-06-16,20,16.4,70.0,open-meteo-20yr-avg
2,Vancouver,2026-06-16,21,15.5,75.5,open-meteo-20yr-avg
2,Vancouver,2026-06-16,22,14.6,79.3,open-meteo-20yr-avg
2,Vancouver,2026-06-17,10,15.1,72.8,open-meteo-20yr-avg
2,Vancouver,2026-06-17,11,15.8,71.3,open-meteo-20yr-avg
2,Vancouver,2026-06-17,12,16.4,69.5,open-meteo-20yr-avg
2,Vancouver,2026-06-17,13,16.9,67.8,open-meteo-20yr-avg
2,Vancouver,2026-06-17,14,17.4,65.6,open-meteo-20yr-avg
2,Vancouver,2026-06-17,15,17.7,64.8,open-meteo-20yr-avg
2,Vancouver,2026-06-17,16,17.8,64.1,open-meteo-20yr-avg
2,Vancouver,2026-06-17,17,17.7,63.9,open-meteo-20yr-avg
2,Vancouver,2026-06-17,18,17.5,64.2,open-meteo-20yr-avg
2,Vancouver,2026-06-17,19,17.1,66.0,open-meteo-20yr-avg
2,Vancouver,2026-06-17,20,16.6,68.7,open-meteo-20yr-avg
2,Vancouver,2026-06-17,21,15.8,72.7,open-meteo-20yr-avg
2,Vancouver,2026-06-17,22,14.9,77.2,open-meteo-20yr-avg
2,Vancouver,2026-06-18,10,14.8,75.9,open-meteo-20yr-avg
2,Vancouver,2026-06-18,11,15.4,73.7,open-meteo-20yr-avg
2,Vancouver,2026-06-18,12,16.0,71.2,open-meteo-20yr-avg
2,Vancouver,2026-06-18,13,16.4,69.3,open-meteo-20yr-avg
2,Vancouver,2026-06-18,14,16.9,66.8,open-meteo-20yr-avg
2,Vancouver,2026-06-18,15,17.1,66.0,open-meteo-20yr-avg
2,Vancouver,2026-06-18,16,17.2,64.8,open-meteo-20yr-avg
2,Vancouver,2026-06-18,17,17.2,63.3,open-meteo-20yr-avg
2,Vancouver,2026-06-18,18,16.9,65.0,open-meteo-20yr-avg
2,Vancouver,2026-06-18,19,16.5,66.9,open-meteo-20yr-avg
2,Vancouver,2026-06-18,20,15.9,70.5,open-meteo-20yr-avg
2,Vancouver,2026-06-18,21,15.2,76.2,open-meteo-20yr-avg
2,Vancouver,2026-06-18,22,14.6,78.2,open-meteo-20yr-avg
2,Vancouver,2026-06-19,10,15.6,73.5,open-meteo-20yr-avg
2,Vancouver,2026-06-19,11,16.0,71.8,open-meteo-20yr-avg
2,Vancouver,2026-06-19,12,16.6,70.2,open-meteo-20yr-avg
2,Vancouver,2026-06-19,13,17.1,67.5,open-meteo-20yr-avg
2,Vancouver,2026-06-19,14,17.5,64.5,open-meteo-20yr-avg
2,Vancouver,2026-06-19,15,17.9,62.7,open-meteo-20yr-avg
2,Vancouver,2026-06-19,16,18.1,62.0,open-meteo-20yr-avg
2,Vancouver,2026-06-19,17,18.0,62.1,open-meteo-20yr-avg
2,Vancouver,2026-06-19,18,18.0,62.4,open-meteo-20yr-avg
2,Vancouver,2026-06-19,19,17.6,65.3,open-meteo-20yr-avg
2,Vancouver,2026-06-19,20,16.9,69.5,open-meteo-20yr-avg
2,Vancouver,2026-06-19,21,16.0,75.0,open-meteo-20yr-avg
2,Vancouver,2026-06-19,22,15.1,80.5,open-meteo-20yr-avg
2,Vancouver,2026-06-20,10,16.5,74.8,open-meteo-20yr-avg
2,Vancouver,2026-06-20,11,17.0,72.5,open-meteo-20yr-avg
2,Vancouver,2026-06-20,12,17.5,70.5,open-meteo-20yr-avg
2,Vancouver,2026-06-20,13,18.0,68.2,open-meteo-20yr-avg
2,Vancouver,2026-06-20,14,18.6,65.0,open-meteo-20yr-avg
2,Vancouver,2026-06-20,15,19.0,63.3,open-meteo-20yr-avg
2,Vancouver,2026-06-20,16,19.1,62.4,open-meteo-20yr-avg
2,Vancouver,2026-06-20,17,18.9,63.0,open-meteo-20yr-avg
2,Vancouver,2026-06-20,18,18.7,64.3,open-meteo-20yr-avg
2,Vancouver,2026-06-20,19,18.3,66.3,open-meteo-20yr-avg
2,Vancouver,2026-06-20,20,17.8,69.7,open-meteo-20yr-avg
2,Vancouver,2026-06-20,21,16.9,73.5,open-meteo-20yr-avg
2,Vancouver,2026-06-20,22,16.1,77.0,open-meteo-20yr-avg
2,Vancouver,2026-06-21,10,16.9,70.6,open-meteo-20yr-avg
2,Vancouver,2026-06-21,11,17.6,68.9,open-meteo-20yr-avg
2,Vancouver,2026-06-21,12,18.0,67.3,open-meteo-20yr-avg
2,Vancouver,2026-06-21,13,18.7,64.5,open-meteo-20yr-avg
2,Vancouver,2026-06-21,14,19.0,62.9,open-meteo-20yr-avg
2,Vancouver,2026-06-21,15,19.3,61.8,open-meteo-20yr-avg
2,Vancouver,2026-06-21,16,19.4,61.5,open-meteo-20yr-avg
2,Vancouver,2026-06-21,17,19.3,61.4,open-meteo-20yr-avg
2,Vancouver,2026-06-21,18,19.1,61.3,open-meteo-20yr-avg
2,Vancouver,2026-06-21,19,18.7,63.2,open-meteo-20yr-avg
2,Vancouver,2026-06-21,20,18.1,67.3,open-meteo-20yr-avg
2,Vancouver,2026-06-21,21,17.3,71.5,open-meteo-20yr-avg
2,Vancouver,2026-06-21,22,16.3,74.8,open-meteo-20yr-avg
2,Vancouver,2026-06-22,10,16.3,72.7,open-meteo-20yr-avg
2,Vancouver,2026-06-22,11,16.9,70.6,open-meteo-20yr-avg
2,Vancouver,2026-06-22,12,17.6,69.3,open-meteo-20yr-avg
2,Vancouver,2026-06-22,13,18.1,66.5,open-meteo-20yr-avg
2,Vancouver,2026-06-22,14,18.6,64.1,open-meteo-20yr-avg
2,Vancouver,2026-06-22,15,18.8,62.5,open-meteo-20yr-avg
2,Vancouver,2026-06-22,16,19.0,62.0,open-meteo-20yr-avg
2,Vancouver,2026-06-22,17,18.9,61.7,open-meteo-20yr-avg
2,Vancouver,2026-06-22,18,18.5,62.2,open-meteo-20yr-avg
2,Vancouver,2026-06-22,19,18.1,63.8,open-meteo-20yr-avg
2,Vancouver,2026-06-22,20,17.5,66.9,open-meteo-20yr-avg
2,Vancouver,2026-06-22,21,16.6,72.1,open-meteo-20yr-avg
2,Vancouver,2026-06-22,22,15.6,77.3,open-meteo-20yr-avg
2,Vancouver,2026-06-23,10,16.6,68.1,open-meteo-20yr-avg
2,Vancouver,2026-06-23,11,17.3,67.3,open-meteo-20yr-avg
2,Vancouver,2026-06-23,12,17.7,67.6,open-meteo-20yr-avg
2,Vancouver,2026-06-23,13,18.2,66.2,open-meteo-20yr-avg
2,Vancouver,2026-06-23,14,18.7,63.9,open-meteo-20yr-avg
2,Vancouver,2026-06-23,15,18.9,62.6,open-meteo-20yr-avg
2,Vancouver,2026-06-23,16,19.0,61.9,open-meteo-20yr-avg
2,Vancouver,2026-06-23,17,18.9,60.5,open-meteo-20yr-avg
2,Vancouver,2026-06-23,18,18.7,61.4,open-meteo-20yr-avg
2,Vancouver,2026-06-23,19,18.2,63.9,open-meteo-20yr-avg
2,Vancouver,2026-06-23,20,17.6,67.4,open-meteo-20yr-avg
2,Vancouver,2026-06-23,21,16.8,71.8,open-meteo-20yr-avg
2,Vancouver,2026-06-23,22,15.9,76.0,open-meteo-20yr-avg
2,Vancouver,2026-06-24,10,16.3,76.2,open-meteo-20yr-avg
2,Vancouver,2026-06-24,11,16.9,75.4,open-meteo-20yr-avg
2,Vancouver,2026-06-24,12,17.4,73.2,open-meteo-20yr-avg
2,Vancouver,2026-06-24,13,17.9,71.2,open-meteo-20yr-avg
2,Vancouver,2026-06-24,14,18.5,67.9,open-meteo-20yr-avg
2,Vancouver,2026-06-24,15,19.0,65.8,open-meteo-20yr-avg
2,Vancouver,2026-06-24,16,19.1,65.2,open-meteo-20yr-avg
2,Vancouver,2026-06-24,17,18.9,65.1,open-meteo-20yr-avg
2,Vancouver,2026-06-24,18,18.7,66.0,open-meteo-20yr-avg
2,Vancouver,2026-06-24,19,18.4,68.1,open-meteo-20yr-avg
2,Vancouver,2026-06-24,20,17.8,70.9,open-meteo-20yr-avg
2,Vancouver,2026-06-24,21,17.0,74.7,open-meteo-20yr-avg
2,Vancouver,2026-06-24,22,16.1,80.2,open-meteo-20yr-avg
2,Vancouver,2026-06-25,10,17.6,73.6,open-meteo-20yr-avg
2,Vancouver,2026-06-25,11,18.3,72.3,open-meteo-20yr-avg
2,Vancouver,2026-06-25,12,18.8,69.7,open-meteo-20yr-avg
2,Vancouver,2026-06-25,13,19.5,66.3,open-meteo-20yr-avg
2,Vancouver,2026-06-25,14,19.9,64.1,open-meteo-20yr-avg
2,Vancouver,2026-06-25,15,20.4,61.0,open-meteo-20yr-avg
2,Vancouver,2026-06-25,16,20.8,59.1,open-meteo-20yr-avg
2,Vancouver,2026-06-25,17,20.7,58.5,open-meteo-20yr-avg
2,Vancouver,2026-06-25,18,20.4,59.1,open-meteo-20yr-avg
2,Vancouver,2026-06-25,19,20.0,61.4,open-meteo-20yr-avg
2,Vancouver,2026-06-25,20,19.3,65.6,open-meteo-20yr-avg
2,Vancouver,2026-06-25,21,18.3,71.8,open-meteo-20yr-avg
2,Vancouver,2026-06-25,22,17.5,75.6,open-meteo-20yr-avg
2,Vancouver,2026-06-26,10,18.2,70.2,open-meteo-20yr-avg
2,Vancouver,2026-06-26,11,19.0,67.7,open-meteo-20yr-avg
2,Vancouver,2026-06-26,12,19.5,65.7,open-meteo-20yr-avg
2,Vancouver,2026-06-26,13,19.9,64.0,open-meteo-20yr-avg
2,Vancouver,2026-06-26,14,20.3,62.4,open-meteo-20yr-avg
2,Vancouver,2026-06-26,15,20.6,61.0,open-meteo-20yr-avg
2,Vancouver,2026-06-26,16,20.6,60.8,open-meteo-20yr-avg
2,Vancouver,2026-06-26,17,20.7,59.2,open-meteo-20yr-avg
2,Vancouver,2026-06-26,18,20.5,60.5,open-meteo-20yr-avg
2,Vancouver,2026-06-26,19,20.1,62.4,open-meteo-20yr-avg
2,Vancouver,2026-06-26,20,19.4,65.9,open-meteo-20yr-avg
2,Vancouver,2026-06-26,21,18.5,70.0,open-meteo-20yr-avg
2,Vancouver,2026-06-26,22,17.5,74.8,open-meteo-20yr-avg
2,Vancouver,2026-06-27,10,18.2,70.5,open-meteo-20yr-avg
2,Vancouver,2026-06-27,11,18.9,68.7,open-meteo-20yr-avg
2,Vancouver,2026-06-27,12,19.3,67.8,open-meteo-20yr-avg
2,Vancouver,2026-06-27,13,20.0,65.5,open-meteo-20yr-avg
2,Vancouver,2026-06-27,14,20.5,62.9,open-meteo-20yr-avg
2,Vancouver,2026-06-27,15,20.9,61.7,open-meteo-20yr-avg
2,Vancouver,2026-06-27,16,21.1,59.9,open-meteo-20yr-avg
2,Vancouver,2026-06-27,17,21.0,60.5,open-meteo-20yr-avg
2,Vancouver,2026-06-27,18,20.6,62.7,open-meteo-20yr-avg
2,Vancouver,2026-06-27,19,20.0,65.6,open-meteo-20yr-avg
2,Vancouver,2026-06-27,20,19.3,67.7,open-meteo-20yr-avg
2,Vancouver,2026-06-27,21,18.6,71.2,open-meteo-20yr-avg
2,Vancouver,2026-06-27,22,17.9,74.7,open-meteo-20yr-avg
3,Mexico City,2026-06-11,10,19.6,58.8,open-meteo-20yr-avg
3,Mexico City,2026-06-11,11,21.3,51.0,open-meteo-20yr-avg
3,Mexico City,2026-06-11,12,22.6,45.9,open-meteo-20yr-avg
3,Mexico City,2026-06-11,13,23.4,43.4,open-meteo-20yr-avg
3,Mexico City,2026-06-11,14,23.8,41.0,open-meteo-20yr-avg
3,Mexico City,2026-06-11,15,23.9,39.4,open-meteo-20yr-avg
3,Mexico City,2026-06-11,16,23.3,41.2,open-meteo-20yr-avg
3,Mexico City,2026-06-11,17,22.7,42.0,open-meteo-20yr-avg
3,Mexico City,2026-06-11,18,21.7,46.6,open-meteo-20yr-avg
3,Mexico City,2026-06-11,19,20.2,54.4,open-meteo-20yr-avg
3,Mexico City,2026-06-11,20,18.5,63.5,open-meteo-20yr-avg
3,Mexico City,2026-06-11,21,17.5,67.4,open-meteo-20yr-avg
3,Mexico City,2026-06-11,22,16.7,71.0,open-meteo-20yr-avg
3,Mexico City,2026-06-12,10,19.9,57.4,open-meteo-20yr-avg
3,Mexico City,2026-06-12,11,21.6,48.8,open-meteo-20yr-avg
3,Mexico City,2026-06-12,12,23.0,43.3,open-meteo-20yr-avg
3,Mexico City,2026-06-12,13,23.8,40.5,open-meteo-20yr-avg
3,Mexico City,2026-06-12,14,24.0,40.2,open-meteo-20yr-avg
3,Mexico City,2026-06-12,15,24.2,39.8,open-meteo-20yr-avg
3,Mexico City,2026-06-12,16,24.0,39.2,open-meteo-20yr-avg
3,Mexico City,2026-06-12,17,22.9,43.0,open-meteo-20yr-avg
3,Mexico City,2026-06-12,18,21.9,46.9,open-meteo-20yr-avg
3,Mexico City,2026-06-12,19,20.2,54.9,open-meteo-20yr-avg
3,Mexico City,2026-06-12,20,18.7,62.0,open-meteo-20yr-avg
3,Mexico City,2026-06-12,21,17.4,68.8,open-meteo-20yr-avg
3,Mexico City,2026-06-12,22,16.8,71.3,open-meteo-20yr-avg
3,Mexico City,2026-06-13,10,19.3,58.0,open-meteo-20yr-avg
3,Mexico City,2026-06-13,11,21.0,50.6,open-meteo-20yr-avg
3,Mexico City,2026-06-13,12,22.4,45.4,open-meteo-20yr-avg
3,Mexico City,2026-06-13,13,23.3,42.6,open-meteo-20yr-avg
3,Mexico City,2026-06-13,14,23.7,40.6,open-meteo-20yr-avg
3,Mexico City,2026-06-13,15,23.9,39.2,open-meteo-20yr-avg
3,Mexico City,2026-06-13,16,23.9,39.9,open-meteo-20yr-avg
3,Mexico City,2026-06-13,17,23.4,41.0,open-meteo-20yr-avg
3,Mexico City,2026-06-13,18,21.8,47.2,open-meteo-20yr-avg
3,Mexico City,2026-06-13,19,19.9,55.4,open-meteo-20yr-avg
3,Mexico City,2026-06-13,20,18.4,63.1,open-meteo-20yr-avg
3,Mexico City,2026-06-13,21,17.1,68.8,open-meteo-20yr-avg
3,Mexico City,2026-06-13,22,16.4,71.2,open-meteo-20yr-avg
3,Mexico City,2026-06-14,10,19.1,61.0,open-meteo-20yr-avg
3,Mexico City,2026-06-14,11,20.7,53.5,open-meteo-20yr-avg
3,Mexico City,2026-06-14,12,21.9,48.8,open-meteo-20yr-avg
3,Mexico City,2026-06-14,13,22.8,45.1,open-meteo-20yr-avg
3,Mexico City,2026-06-14,14,23.4,42.8,open-meteo-20yr-avg
3,Mexico City,2026-06-14,15,23.6,41.4,open-meteo-20yr-avg
3,Mexico City,2026-06-14,16,23.2,43.3,open-meteo-20yr-avg
3,Mexico City,2026-06-14,17,22.1,46.8,open-meteo-20yr-avg
3,Mexico City,2026-06-14,18,21.4,48.8,open-meteo-20yr-avg
3,Mexico City,2026-06-14,19,19.3,59.4,open-meteo-20yr-avg
3,Mexico City,2026-06-14,20,18.0,64.8,open-meteo-20yr-avg
3,Mexico City,2026-06-14,21,17.1,70.2,open-meteo-20yr-avg
3,Mexico City,2026-06-14,22,16.2,74.3,open-meteo-20yr-avg
3,Mexico City,2026-06-15,10,18.9,61.0,open-meteo-20yr-avg
3,Mexico City,2026-06-15,11,20.6,53.5,open-meteo-20yr-avg
3,Mexico City,2026-06-15,12,21.9,48.7,open-meteo-20yr-avg
3,Mexico City,2026-06-15,13,22.7,46.3,open-meteo-20yr-avg
3,Mexico City,2026-06-15,14,22.9,45.0,open-meteo-20yr-avg
3,Mexico City,2026-06-15,15,22.9,44.8,open-meteo-20yr-avg
3,Mexico City,2026-06-15,16,22.6,45.4,open-meteo-20yr-avg
3,Mexico City,2026-06-15,17,22.0,47.5,open-meteo-20yr-avg
3,Mexico City,2026-06-15,18,21.0,52.0,open-meteo-20yr-avg
3,Mexico City,2026-06-15,19,19.6,59.6,open-meteo-20yr-avg
3,Mexico City,2026-06-15,20,18.0,68.9,open-meteo-20yr-avg
3,Mexico City,2026-06-15,21,16.9,75.1,open-meteo-20yr-avg
3,Mexico City,2026-06-15,22,16.3,77.9,open-meteo-20yr-avg
3,Mexico City,2026-06-16,10,19.2,61.2,open-meteo-20yr-avg
3,Mexico City,2026-06-16,11,20.8,53.5,open-meteo-20yr-avg
3,Mexico City,2026-06-16,12,22.0,49.0,open-meteo-20yr-avg
3,Mexico City,2026-06-16,13,23.1,46.6,open-meteo-20yr-avg
3,Mexico City,2026-06-16,14,23.4,44.9,open-meteo-20yr-avg
3,Mexico City,2026-06-16,15,23.6,44.7,open-meteo-20yr-avg
3,Mexico City,2026-06-16,16,23.0,45.1,open-meteo-20yr-avg
3,Mexico City,2026-06-16,17,22.2,48.5,open-meteo-20yr-avg
3,Mexico City,2026-06-16,18,21.2,53.9,open-meteo-20yr-avg
3,Mexico City,2026-06-16,19,19.4,62.8,open-meteo-20yr-avg
3,Mexico City,2026-06-16,20,17.9,71.8,open-meteo-20yr-avg
3,Mexico City,2026-06-16,21,17.1,75.9,open-meteo-20yr-avg
3,Mexico City,2026-06-16,22,16.2,78.8,open-meteo-20yr-avg
3,Mexico City,2026-06-17,10,19.4,60.9,open-meteo-20yr-avg
3,Mexico City,2026-06-17,11,20.9,53.5,open-meteo-20yr-avg
3,Mexico City,2026-06-17,12,22.1,48.9,open-meteo-20yr-avg
3,Mexico City,2026-06-17,13,23.0,47.4,open-meteo-20yr-avg
3,Mexico City,2026-06-17,14,23.4,46.0,open-meteo-20yr-avg
3,Mexico City,2026-06-17,15,23.3,45.5,open-meteo-20yr-avg
3,Mexico City,2026-06-17,16,23.2,44.7,open-meteo-20yr-avg
3,Mexico City,2026-06-17,17,22.3,46.5,open-meteo-20yr-avg
3,Mexico City,2026-06-17,18,20.9,55.1,open-meteo-20yr-avg
3,Mexico City,2026-06-17,19,19.7,60.7,open-meteo-20yr-avg
3,Mexico City,2026-06-17,20,18.3,65.9,open-meteo-20yr-avg
3,Mexico City,2026-06-17,21,17.2,72.5,open-meteo-20yr-avg
3,Mexico City,2026-06-17,22,16.3,75.6,open-meteo-20yr-avg
3,Mexico City,2026-06-18,10,19.4,60.4,open-meteo-20yr-avg
3,Mexico City,2026-06-18,11,20.8,54.2,open-meteo-20yr-avg
3,Mexico City,2026-06-18,12,22.0,50.0,open-meteo-20yr-avg
3,Mexico City,2026-06-18,13,22.9,48.9,open-meteo-20yr-avg
3,Mexico City,2026-06-18,14,23.4,46.8,open-meteo-20yr-avg
3,Mexico City,2026-06-18,15,23.4,46.4,open-meteo-20yr-avg
3,Mexico City,2026-06-18,16,23.0,46.8,open-meteo-20yr-avg
3,Mexico City,2026-06-18,17,22.1,49.9,open-meteo-20yr-avg
3,Mexico City,2026-06-18,18,21.0,53.4,open-meteo-20yr-avg
3,Mexico City,2026-06-18,19,19.1,62.7,open-meteo-20yr-avg
3,Mexico City,2026-06-18,20,17.6,69.5,open-meteo-20yr-avg
3,Mexico City,2026-06-18,21,16.7,75.0,open-meteo-20yr-avg
3,Mexico City,2026-06-18,22,16.1,77.3,open-meteo-20yr-avg
3,Mexico City,2026-06-19,10,19.3,60.4,open-meteo-20yr-avg
3,Mexico City,2026-06-19,11,20.8,53.8,open-meteo-20yr-avg
3,Mexico City,2026-06-19,12,22.0,49.4,open-meteo-20yr-avg
3,Mexico City,2026-06-19,13,22.9,46.6,open-meteo-20yr-avg
3,Mexico City,2026-06-19,14,23.4,45.1,open-meteo-20yr-avg
3,Mexico City,2026-06-19,15,23.4,45.7,open-meteo-20yr-avg
3,Mexico City,2026-06-19,16,22.8,46.8,open-meteo-20yr-avg
3,Mexico City,2026-06-19,17,21.7,50.5,open-meteo-20yr-avg
3,Mexico City,2026-06-19,18,20.3,57.2,open-meteo-20yr-avg
3,Mexico City,2026-06-19,19,18.6,65.2,open-meteo-20yr-avg
3,Mexico City,2026-06-19,20,17.5,71.0,open-meteo-20yr-avg
3,Mexico City,2026-06-19,21,16.7,73.4,open-meteo-20yr-avg
3,Mexico City,2026-06-19,22,16.1,76.3,open-meteo-20yr-avg
3,Mexico City,2026-06-20,10,18.6,65.2,open-meteo-20yr-avg
3,Mexico City,2026-06-20,11,19.9,60.6,open-meteo-20yr-avg
3,Mexico City,2026-06-20,12,21.1,57.1,open-meteo-20yr-avg
3,Mexico City,2026-06-20,13,21.9,52.5,open-meteo-20yr-avg
3,Mexico City,2026-06-20,14,22.4,50.2,open-meteo-20yr-avg
3,Mexico City,2026-06-20,15,22.2,50.5,open-meteo-20yr-avg
3,Mexico City,2026-06-20,16,21.5,52.9,open-meteo-20yr-avg
3,Mexico City,2026-06-20,17,20.6,56.9,open-meteo-20yr-avg
3,Mexico City,2026-06-20,18,19.2,64.1,open-meteo-20yr-avg
3,Mexico City,2026-06-20,19,18.0,70.6,open-meteo-20yr-avg
3,Mexico City,2026-06-20,20,16.9,75.8,open-meteo-20yr-avg
3,Mexico City,2026-06-20,21,16.0,79.5,open-meteo-20yr-avg
3,Mexico City,2026-06-20,22,15.6,80.5,open-meteo-20yr-avg
3,Mexico City,2026-06-21,10,18.9,64.3,open-meteo-20yr-avg
3,Mexico City,2026-06-21,11,20.3,59.1,open-meteo-20yr-avg
3,Mexico City,2026-06-21,12,21.1,56.2,open-meteo-20yr-avg
3,Mexico City,2026-06-21,13,21.6,54.9,open-meteo-20yr-avg
3,Mexico City,2026-06-21,14,21.9,53.5,open-meteo-20yr-avg
3,Mexico City,2026-06-21,15,21.9,53.0,open-meteo-20yr-avg
3,Mexico City,2026-06-21,16,21.4,55.2,open-meteo-20yr-avg
3,Mexico City,2026-06-21,17,20.5,58.9,open-meteo-20yr-avg
3,Mexico City,2026-06-21,18,19.3,65.3,open-meteo-20yr-avg
3,Mexico City,2026-06-21,19,17.9,73.0,open-meteo-20yr-avg
3,Mexico City,2026-06-21,20,16.7,78.0,open-meteo-20yr-avg
3,Mexico City,2026-06-21,21,15.9,81.5,open-meteo-20yr-avg
3,Mexico City,2026-06-21,22,15.3,83.8,open-meteo-20yr-avg
3,Mexico City,2026-06-22,10,18.4,68.2,open-meteo-20yr-avg
3,Mexico City,2026-06-22,11,19.5,63.4,open-meteo-20yr-avg
3,Mexico City,2026-06-22,12,20.6,58.6,open-meteo-20yr-avg
3,Mexico City,2026-06-22,13,21.4,57.6,open-meteo-20yr-avg
3,Mexico City,2026-06-22,14,21.9,55.2,open-meteo-20yr-avg
3,Mexico City,2026-06-22,15,21.5,55.5,open-meteo-20yr-avg
3,Mexico City,2026-06-22,16,20.6,59.7,open-meteo-20yr-avg
3,Mexico City,2026-06-22,17,19.2,66.7,open-meteo-20yr-avg
3,Mexico City,2026-06-22,18,18.6,70.4,open-meteo-20yr-avg
3,Mexico City,2026-06-22,19,17.5,75.5,open-meteo-20yr-avg
3,Mexico City,2026-06-22,20,16.5,80.5,open-meteo-20yr-avg
3,Mexico City,2026-06-22,21,15.8,84.6,open-meteo-20yr-avg
3,Mexico City,2026-06-22,22,15.4,85.7,open-meteo-20yr-avg
3,Mexico City,2026-06-23,10,18.7,67.4,open-meteo-20yr-avg
3,Mexico City,2026-06-23,11,20.0,61.6,open-meteo-20yr-avg
3,Mexico City,2026-06-23,12,21.3,56.9,open-meteo-20yr-avg
3,Mexico City,2026-06-23,13,21.8,54.9,open-meteo-20yr-avg
3,Mexico City,2026-06-23,14,21.6,55.5,open-meteo-20yr-avg
3,Mexico City,2026-06-23,15,21.5,55.2,open-meteo-20yr-avg
3,Mexico City,2026-06-23,16,21.1,56.5,open-meteo-20yr-avg
3,Mexico City,2026-06-23,17,20.1,61.2,open-meteo-20yr-avg
3,Mexico City,2026-06-23,18,19.2,65.5,open-meteo-20yr-avg
3,Mexico City,2026-06-23,19,17.8,73.1,open-meteo-20yr-avg
3,Mexico City,2026-06-23,20,16.6,78.3,open-meteo-20yr-avg
3,Mexico City,2026-06-23,21,16.0,81.8,open-meteo-20yr-avg
3,Mexico City,2026-06-23,22,15.4,85.0,open-meteo-20yr-avg
3,Mexico City,2026-06-24,10,18.3,69.1,open-meteo-20yr-avg
3,Mexico City,2026-06-24,11,19.8,63.6,open-meteo-20yr-avg
3,Mexico City,2026-06-24,12,20.6,60.9,open-meteo-20yr-avg
3,Mexico City,2026-06-24,13,21.3,58.8,open-meteo-20yr-avg
3,Mexico City,2026-06-24,14,21.7,56.6,open-meteo-20yr-avg
3,Mexico City,2026-06-24,15,21.5,57.4,open-meteo-20yr-avg
3,Mexico City,2026-06-24,16,20.0,62.1,open-meteo-20yr-avg
3,Mexico City,2026-06-24,17,19.2,65.5,open-meteo-20yr-avg
3,Mexico City,2026-06-24,18,18.5,68.3,open-meteo-20yr-avg
3,Mexico City,2026-06-24,19,17.5,74.7,open-meteo-20yr-avg
3,Mexico City,2026-06-24,20,16.6,79.3,open-meteo-20yr-avg
3,Mexico City,2026-06-24,21,15.4,85.4,open-meteo-20yr-avg
3,Mexico City,2026-06-24,22,14.9,87.1,open-meteo-20yr-avg
3,Mexico City,2026-06-25,10,17.7,75.0,open-meteo-20yr-avg
3,Mexico City,2026-06-25,11,19.2,68.2,open-meteo-20yr-avg
3,Mexico City,2026-06-25,12,20.2,64.0,open-meteo-20yr-avg
3,Mexico City,2026-06-25,13,20.8,59.1,open-meteo-20yr-avg
3,Mexico City,2026-06-25,14,21.2,58.2,open-meteo-20yr-avg
3,Mexico City,2026-06-25,15,21.1,58.6,open-meteo-20yr-avg
3,Mexico City,2026-06-25,16,20.3,60.7,open-meteo-20yr-avg
3,Mexico City,2026-06-25,17,19.3,64.3,open-meteo-20yr-avg
3,Mexico City,2026-06-25,18,18.5,67.2,open-meteo-20yr-avg
3,Mexico City,2026-06-25,19,17.2,74.1,open-meteo-20yr-avg
3,Mexico City,2026-06-25,20,16.0,80.7,open-meteo-20yr-avg
3,Mexico City,2026-06-25,21,15.3,84.6,open-meteo-20yr-avg
3,Mexico City,2026-06-25,22,14.9,87.5,open-meteo-20yr-avg
3,Mexico City,2026-06-26,10,18.3,71.8,open-meteo-20yr-avg
3,Mexico City,2026-06-26,11,19.7,64.9,open-meteo-20yr-avg
3,Mexico City,2026-06-26,12,20.7,61.1,open-meteo-20yr-avg
3,Mexico City,2026-06-26,13,21.0,60.5,open-meteo-20yr-avg
3,Mexico City,2026-06-26,14,21.0,59.4,open-meteo-20yr-avg
3,Mexico City,2026-06-26,15,20.8,60.1,open-meteo-20yr-avg
3,Mexico City,2026-06-26,16,19.9,61.9,open-meteo-20yr-avg
3,Mexico City,2026-06-26,17,18.9,66.5,open-meteo-20yr-avg
3,Mexico City,2026-06-26,18,18.0,70.6,open-meteo-20yr-avg
3,Mexico City,2026-06-26,19,17.0,75.5,open-meteo-20yr-avg
3,Mexico City,2026-06-26,20,16.1,80.2,open-meteo-20yr-avg
3,Mexico City,2026-06-26,21,15.2,83.5,open-meteo-20yr-avg
3,Mexico City,2026-06-26,22,14.8,85.3,open-meteo-20yr-avg
3,Mexico City,2026-06-27,10,17.8,69.4,open-meteo-20yr-avg
3,Mexico City,2026-06-27,11,19.2,63.1,open-meteo-20yr-avg
3,Mexico City,2026-06-27,12,20.3,58.0,open-meteo-20yr-avg
3,Mexico City,2026-06-27,13,21.1,56.0,open-meteo-20yr-avg
3,Mexico City,2026-06-27,14,21.5,55.0,open-meteo-20yr-avg
3,Mexico City,2026-06-27,15,21.5,54.2,open-meteo-20yr-avg
3,Mexico City,2026-06-27,16,20.8,56.7,open-meteo-20yr-avg
3,Mexico City,2026-06-27,17,19.9,59.6,open-meteo-20yr-avg
3,Mexico City,2026-06-27,18,18.9,65.8,open-meteo-20yr-avg
3,Mexico City,2026-06-27,19,17.7,72.5,open-meteo-20yr-avg
3,Mexico City,2026-06-27,20,16.1,80.3,open-meteo-20yr-avg
3,Mexico City,2026-06-27,21,15.5,82.6,open-meteo-20yr-avg
3,Mexico City,2026-06-27,22,15.1,84.1,open-meteo-20yr-avg
4,Guadalajara,2026-06-11,10,23.3,53.8,open-meteo-20yr-avg
4,Guadalajara,2026-06-11,11,25.5,45.3,open-meteo-20yr-avg
4,Guadalajara,2026-06-11,12,27.2,39.5,open-meteo-20yr-avg
4,Guadalajara,2026-06-11,13,28.6,34.9,open-meteo-20yr-avg
4,Guadalajara,2026-06-11,14,29.5,32.7,open-meteo-20yr-avg
4,Guadalajara,2026-06-11,15,29.9,30.9,open-meteo-20yr-avg
4,Guadalajara,2026-06-11,16,29.4,32.0,open-meteo-20yr-avg
4,Guadalajara,2026-06-11,17,28.8,34.2,open-meteo-20yr-avg
4,Guadalajara,2026-06-11,18,26.8,41.1,open-meteo-20yr-avg
4,Guadalajara,2026-06-11,19,25.2,46.6,open-meteo-20yr-avg
4,Guadalajara,2026-06-11,20,23.4,53.5,open-meteo-20yr-avg
4,Guadalajara,2026-06-11,21,22.1,60.0,open-meteo-20yr-avg
4,Guadalajara,2026-06-11,22,21.1,66.5,open-meteo-20yr-avg
4,Guadalajara,2026-06-12,10,23.3,55.4,open-meteo-20yr-avg
4,Guadalajara,2026-06-12,11,25.3,47.6,open-meteo-20yr-avg
4,Guadalajara,2026-06-12,12,27.1,41.1,open-meteo-20yr-avg
4,Guadalajara,2026-06-12,13,28.3,37.4,open-meteo-20yr-avg
4,Guadalajara,2026-06-12,14,29.2,34.0,open-meteo-20yr-avg
4,Guadalajara,2026-06-12,15,29.8,31.4,open-meteo-20yr-avg
4,Guadalajara,2026-06-12,16,29.5,31.5,open-meteo-20yr-avg
4,Guadalajara,2026-06-12,17,28.1,37.4,open-meteo-20yr-avg
4,Guadalajara,2026-06-12,18,26.6,42.5,open-meteo-20yr-avg
4,Guadalajara,2026-06-12,19,24.8,49.7,open-meteo-20yr-avg
4,Guadalajara,2026-06-12,20,23.1,57.4,open-meteo-20yr-avg
4,Guadalajara,2026-06-12,21,21.7,64.8,open-meteo-20yr-avg
4,Guadalajara,2026-06-12,22,20.6,71.2,open-meteo-20yr-avg
4,Guadalajara,2026-06-13,10,23.0,56.5,open-meteo-20yr-avg
4,Guadalajara,2026-06-13,11,25.0,47.8,open-meteo-20yr-avg
4,Guadalajara,2026-06-13,12,26.7,41.6,open-meteo-20yr-avg
4,Guadalajara,2026-06-13,13,27.7,38.7,open-meteo-20yr-avg
4,Guadalajara,2026-06-13,14,28.6,35.9,open-meteo-20yr-avg
4,Guadalajara,2026-06-13,15,29.4,32.7,open-meteo-20yr-avg
4,Guadalajara,2026-06-13,16,29.6,31.1,open-meteo-20yr-avg
4,Guadalajara,2026-06-13,17,29.2,31.6,open-meteo-20yr-avg
4,Guadalajara,2026-06-13,18,27.8,36.2,open-meteo-20yr-avg
4,Guadalajara,2026-06-13,19,25.7,44.5,open-meteo-20yr-avg
4,Guadalajara,2026-06-13,20,23.1,55.0,open-meteo-20yr-avg
4,Guadalajara,2026-06-13,21,21.5,67.7,open-meteo-20yr-avg
4,Guadalajara,2026-06-13,22,20.5,74.5,open-meteo-20yr-avg
4,Guadalajara,2026-06-14,10,22.7,59.4,open-meteo-20yr-avg
4,Guadalajara,2026-06-14,11,24.5,52.1,open-meteo-20yr-avg
4,Guadalajara,2026-06-14,12,26.4,44.5,open-meteo-20yr-avg
4,Guadalajara,2026-06-14,13,27.7,39.6,open-meteo-20yr-avg
4,Guadalajara,2026-06-14,14,28.7,36.1,open-meteo-20yr-avg
4,Guadalajara,2026-06-14,15,29.3,33.5,open-meteo-20yr-avg
4,Guadalajara,2026-06-14,16,29.2,33.5,open-meteo-20yr-avg
4,Guadalajara,2026-06-14,17,28.3,36.5,open-meteo-20yr-avg
4,Guadalajara,2026-06-14,18,26.9,39.9,open-meteo-20yr-avg
4,Guadalajara,2026-06-14,19,24.9,48.6,open-meteo-20yr-avg
4,Guadalajara,2026-06-14,20,22.8,58.0,open-meteo-20yr-avg
4,Guadalajara,2026-06-14,21,21.6,65.5,open-meteo-20yr-avg
4,Guadalajara,2026-06-14,22,20.6,71.8,open-meteo-20yr-avg
4,Guadalajara,2026-06-15,10,22.3,62.2,open-meteo-20yr-avg
4,Guadalajara,2026-06-15,11,24.2,53.9,open-meteo-20yr-avg
4,Guadalajara,2026-06-15,12,26.1,46.4,open-meteo-20yr-avg
4,Guadalajara,2026-06-15,13,27.5,41.2,open-meteo-20yr-avg
4,Guadalajara,2026-06-15,14,28.5,37.2,open-meteo-20yr-avg
4,Guadalajara,2026-06-15,15,29.2,34.3,open-meteo-20yr-avg
4,Guadalajara,2026-06-15,16,29.3,32.9,open-meteo-20yr-avg
4,Guadalajara,2026-06-15,17,28.1,37.0,open-meteo-20yr-avg
4,Guadalajara,2026-06-15,18,26.1,43.9,open-meteo-20yr-avg
4,Guadalajara,2026-06-15,19,24.1,53.6,open-meteo-20yr-avg
4,Guadalajara,2026-06-15,20,22.2,62.1,open-meteo-20yr-avg
4,Guadalajara,2026-06-15,21,21.2,68.2,open-meteo-20yr-avg
4,Guadalajara,2026-06-15,22,20.3,73.9,open-meteo-20yr-avg
4,Guadalajara,2026-06-16,10,22.6,59.9,open-meteo-20yr-avg
4,Guadalajara,2026-06-16,11,24.5,51.8,open-meteo-20yr-avg
4,Guadalajara,2026-06-16,12,26.2,45.7,open-meteo-20yr-avg
4,Guadalajara,2026-06-16,13,27.5,40.6,open-meteo-20yr-avg
4,Guadalajara,2026-06-16,14,28.5,37.4,open-meteo-20yr-avg
4,Guadalajara,2026-06-16,15,28.8,36.1,open-meteo-20yr-avg
4,Guadalajara,2026-06-16,16,29.0,34.6,open-meteo-20yr-avg
4,Guadalajara,2026-06-16,17,27.7,39.3,open-meteo-20yr-avg
4,Guadalajara,2026-06-16,18,26.2,44.0,open-meteo-20yr-avg
4,Guadalajara,2026-06-16,19,24.2,52.8,open-meteo-20yr-avg
4,Guadalajara,2026-06-16,20,22.2,62.1,open-meteo-20yr-avg
4,Guadalajara,2026-06-16,21,21.3,67.5,open-meteo-20yr-avg
4,Guadalajara,2026-06-16,22,20.5,72.3,open-meteo-20yr-avg
4,Guadalajara,2026-06-17,10,22.7,59.8,open-meteo-20yr-avg
4,Guadalajara,2026-06-17,11,24.6,52.1,open-meteo-20yr-avg
4,Guadalajara,2026-06-17,12,26.4,46.4,open-meteo-20yr-avg
4,Guadalajara,2026-06-17,13,27.7,41.5,open-meteo-20yr-avg
4,Guadalajara,2026-06-17,14,28.5,38.4,open-meteo-20yr-avg
4,Guadalajara,2026-06-17,15,28.8,36.8,open-meteo-20yr-avg
4,Guadalajara,2026-06-17,16,27.9,39.1,open-meteo-20yr-avg
4,Guadalajara,2026-06-17,17,26.9,42.0,open-meteo-20yr-avg
4,Guadalajara,2026-06-17,18,25.5,47.0,open-meteo-20yr-avg
4,Guadalajara,2026-06-17,19,23.9,54.5,open-meteo-20yr-avg
4,Guadalajara,2026-06-17,20,22.3,61.6,open-meteo-20yr-avg
4,Guadalajara,2026-06-17,21,21.3,68.0,open-meteo-20yr-avg
4,Guadalajara,2026-06-17,22,20.4,73.7,open-meteo-20yr-avg
4,Guadalajara,2026-06-18,10,22.7,61.4,open-meteo-20yr-avg
4,Guadalajara,2026-06-18,11,24.5,54.1,open-meteo-20yr-avg
4,Guadalajara,2026-06-18,12,26.1,49.0,open-meteo-20yr-avg
4,Guadalajara,2026-06-18,13,27.5,43.5,open-meteo-20yr-avg
4,Guadalajara,2026-06-18,14,28.4,39.4,open-meteo-20yr-avg
4,Guadalajara,2026-06-18,15,29.0,36.7,open-meteo-20yr-avg
4,Guadalajara,2026-06-18,16,28.3,38.6,open-meteo-20yr-avg
4,Guadalajara,2026-06-18,17,27.3,41.6,open-meteo-20yr-avg
4,Guadalajara,2026-06-18,18,25.8,45.8,open-meteo-20yr-avg
4,Guadalajara,2026-06-18,19,23.9,54.8,open-meteo-20yr-avg
4,Guadalajara,2026-06-18,20,22.4,60.7,open-meteo-20yr-avg
4,Guadalajara,2026-06-18,21,21.2,66.5,open-meteo-20yr-avg
4,Guadalajara,2026-06-18,22,20.3,73.0,open-meteo-20yr-avg
4,Guadalajara,2026-06-19,10,21.9,64.8,open-meteo-20yr-avg
4,Guadalajara,2026-06-19,11,23.8,56.5,open-meteo-20yr-avg
4,Guadalajara,2026-06-19,12,25.4,50.2,open-meteo-20yr-avg
4,Guadalajara,2026-06-19,13,26.5,45.9,open-meteo-20yr-avg
4,Guadalajara,2026-06-19,14,27.3,43.0,open-meteo-20yr-avg
4,Guadalajara,2026-06-19,15,27.8,41.4,open-meteo-20yr-avg
4,Guadalajara,2026-06-19,16,27.4,42.9,open-meteo-20yr-avg
4,Guadalajara,2026-06-19,17,26.1,48.7,open-meteo-20yr-avg
4,Guadalajara,2026-06-19,18,25.0,52.5,open-meteo-20yr-avg
4,Guadalajara,2026-06-19,19,23.6,58.0,open-meteo-20yr-avg
4,Guadalajara,2026-06-19,20,21.9,64.8,open-meteo-20yr-avg
4,Guadalajara,2026-06-19,21,20.6,71.3,open-meteo-20yr-avg
4,Guadalajara,2026-06-19,22,19.8,75.5,open-meteo-20yr-avg
4,Guadalajara,2026-06-20,10,21.5,66.6,open-meteo-20yr-avg
4,Guadalajara,2026-06-20,11,23.2,59.4,open-meteo-20yr-avg
4,Guadalajara,2026-06-20,12,24.6,54.5,open-meteo-20yr-avg
4,Guadalajara,2026-06-20,13,26.2,48.8,open-meteo-20yr-avg
4,Guadalajara,2026-06-20,14,26.9,46.5,open-meteo-20yr-avg
4,Guadalajara,2026-06-20,15,27.3,43.8,open-meteo-20yr-avg
4,Guadalajara,2026-06-20,16,26.9,44.8,open-meteo-20yr-avg
4,Guadalajara,2026-06-20,17,26.0,48.1,open-meteo-20yr-avg
4,Guadalajara,2026-06-20,18,24.8,52.1,open-meteo-20yr-avg
4,Guadalajara,2026-06-20,19,23.1,59.6,open-meteo-20yr-avg
4,Guadalajara,2026-06-20,20,21.5,66.2,open-meteo-20yr-avg
4,Guadalajara,2026-06-20,21,20.4,72.2,open-meteo-20yr-avg
4,Guadalajara,2026-06-20,22,19.8,76.1,open-meteo-20yr-avg
4,Guadalajara,2026-06-21,10,21.8,64.9,open-meteo-20yr-avg
4,Guadalajara,2026-06-21,11,23.6,58.0,open-meteo-20yr-avg
4,Guadalajara,2026-06-21,12,24.9,52.8,open-meteo-20yr-avg
4,Guadalajara,2026-06-21,13,26.0,47.4,open-meteo-20yr-avg
4,Guadalajara,2026-06-21,14,26.8,44.5,open-meteo-20yr-avg
4,Guadalajara,2026-06-21,15,26.9,45.0,open-meteo-20yr-avg
4,Guadalajara,2026-06-21,16,26.8,45.2,open-meteo-20yr-avg
4,Guadalajara,2026-06-21,17,25.4,49.6,open-meteo-20yr-avg
4,Guadalajara,2026-06-21,18,23.7,58.1,open-meteo-20yr-avg
4,Guadalajara,2026-06-21,19,22.3,66.0,open-meteo-20yr-avg
4,Guadalajara,2026-06-21,20,20.8,72.1,open-meteo-20yr-avg
4,Guadalajara,2026-06-21,21,20.1,75.5,open-meteo-20yr-avg
4,Guadalajara,2026-06-21,22,19.4,79.8,open-meteo-20yr-avg
4,Guadalajara,2026-06-22,10,22.0,61.8,open-meteo-20yr-avg
4,Guadalajara,2026-06-22,11,23.6,54.2,open-meteo-20yr-avg
4,Guadalajara,2026-06-22,12,25.0,49.4,open-meteo-20yr-avg
4,Guadalajara,2026-06-22,13,25.6,48.4,open-meteo-20yr-avg
4,Guadalajara,2026-06-22,14,26.2,46.5,open-meteo-20yr-avg
4,Guadalajara,2026-06-22,15,26.3,45.8,open-meteo-20yr-avg
4,Guadalajara,2026-06-22,16,26.5,44.5,open-meteo-20yr-avg
4,Guadalajara,2026-06-22,17,25.7,47.5,open-meteo-20yr-avg
4,Guadalajara,2026-06-22,18,23.8,57.4,open-meteo-20yr-avg
4,Guadalajara,2026-06-22,19,22.6,63.8,open-meteo-20yr-avg
4,Guadalajara,2026-06-22,20,21.1,70.2,open-meteo-20yr-avg
4,Guadalajara,2026-06-22,21,20.0,76.1,open-meteo-20yr-avg
4,Guadalajara,2026-06-22,22,19.2,80.8,open-meteo-20yr-avg
4,Guadalajara,2026-06-23,10,21.4,65.9,open-meteo-20yr-avg
4,Guadalajara,2026-06-23,11,23.3,57.9,open-meteo-20yr-avg
4,Guadalajara,2026-06-23,12,24.7,52.7,open-meteo-20yr-avg
4,Guadalajara,2026-06-23,13,26.0,48.0,open-meteo-20yr-avg
4,Guadalajara,2026-06-23,14,26.6,45.5,open-meteo-20yr-avg
4,Guadalajara,2026-06-23,15,26.7,45.1,open-meteo-20yr-avg
4,Guadalajara,2026-06-23,16,26.0,48.1,open-meteo-20yr-avg
4,Guadalajara,2026-06-23,17,24.9,52.4,open-meteo-20yr-avg
4,Guadalajara,2026-06-23,18,23.7,57.6,open-meteo-20yr-avg
4,Guadalajara,2026-06-23,19,22.5,64.7,open-meteo-20yr-avg
4,Guadalajara,2026-06-23,20,21.1,69.0,open-meteo-20yr-avg
4,Guadalajara,2026-06-23,21,19.9,75.0,open-meteo-20yr-avg
4,Guadalajara,2026-06-23,22,19.2,79.1,open-meteo-20yr-avg
4,Guadalajara,2026-06-24,10,21.4,66.8,open-meteo-20yr-avg
4,Guadalajara,2026-06-24,11,23.0,60.0,open-meteo-20yr-avg
4,Guadalajara,2026-06-24,12,24.3,55.0,open-meteo-20yr-avg
4,Guadalajara,2026-06-24,13,25.4,50.4,open-meteo-20yr-avg
4,Guadalajara,2026-06-24,14,26.2,47.9,open-meteo-20yr-avg
4,Guadalajara,2026-06-24,15,26.5,46.5,open-meteo-20yr-avg
4,Guadalajara,2026-06-24,16,26.2,46.9,open-meteo-20yr-avg
4,Guadalajara,2026-06-24,17,25.0,51.8,open-meteo-20yr-avg
4,Guadalajara,2026-06-24,18,23.7,56.9,open-meteo-20yr-avg
4,Guadalajara,2026-06-24,19,22.4,63.9,open-meteo-20yr-avg
4,Guadalajara,2026-06-24,20,20.9,71.0,open-meteo-20yr-avg
4,Guadalajara,2026-06-24,21,19.6,77.1,open-meteo-20yr-avg
4,Guadalajara,2026-06-24,22,18.9,82.2,open-meteo-20yr-avg
4,Guadalajara,2026-06-25,10,21.1,68.3,open-meteo-20yr-avg
4,Guadalajara,2026-06-25,11,22.8,61.7,open-meteo-20yr-avg
4,Guadalajara,2026-06-25,12,24.1,56.5,open-meteo-20yr-avg
4,Guadalajara,2026-06-25,13,25.2,51.6,open-meteo-20yr-avg
4,Guadalajara,2026-06-25,14,26.0,48.3,open-meteo-20yr-avg
4,Guadalajara,2026-06-25,15,26.3,47.1,open-meteo-20yr-avg
4,Guadalajara,2026-06-25,16,25.9,48.2,open-meteo-20yr-avg
4,Guadalajara,2026-06-25,17,25.0,52.1,open-meteo-20yr-avg
4,Guadalajara,2026-06-25,18,23.6,58.2,open-meteo-20yr-avg
4,Guadalajara,2026-06-25,19,22.2,65.7,open-meteo-20yr-avg
4,Guadalajara,2026-06-25,20,20.8,72.6,open-meteo-20yr-avg
4,Guadalajara,2026-06-25,21,19.7,78.5,open-meteo-20yr-avg
4,Guadalajara,2026-06-25,22,18.7,84.7,open-meteo-20yr-avg
4,Guadalajara,2026-06-26,10,21.0,70.0,open-meteo-20yr-avg
4,Guadalajara,2026-06-26,11,22.7,62.0,open-meteo-20yr-avg
4,Guadalajara,2026-06-26,12,24.2,55.8,open-meteo-20yr-avg
4,Guadalajara,2026-06-26,13,25.1,51.1,open-meteo-20yr-avg
4,Guadalajara,2026-06-26,14,25.9,48.5,open-meteo-20yr-avg
4,Guadalajara,2026-06-26,15,26.2,47.0,open-meteo-20yr-avg
4,Guadalajara,2026-06-26,16,26.0,48.0,open-meteo-20yr-avg
4,Guadalajara,2026-06-26,17,24.7,53.0,open-meteo-20yr-avg
4,Guadalajara,2026-06-26,18,23.2,60.3,open-meteo-20yr-avg
4,Guadalajara,2026-06-26,19,21.9,66.5,open-meteo-20yr-avg
4,Guadalajara,2026-06-26,20,20.6,70.9,open-meteo-20yr-avg
4,Guadalajara,2026-06-26,21,19.6,76.8,open-meteo-20yr-avg
4,Guadalajara,2026-06-26,22,18.8,82.3,open-meteo-20yr-avg
4,Guadalajara,2026-06-27,10,20.8,70.2,open-meteo-20yr-avg
4,Guadalajara,2026-06-27,11,22.4,63.3,open-meteo-20yr-avg
4,Guadalajara,2026-06-27,12,23.9,57.9,open-meteo-20yr-avg
4,Guadalajara,2026-06-27,13,24.8,54.3,open-meteo-20yr-avg
4,Guadalajara,2026-06-27,14,25.6,51.4,open-meteo-20yr-avg
4,Guadalajara,2026-06-27,15,26.1,48.8,open-meteo-20yr-avg
4,Guadalajara,2026-06-27,16,26.0,48.6,open-meteo-20yr-avg
4,Guadalajara,2026-06-27,17,24.4,55.3,open-meteo-20yr-avg
4,Guadalajara,2026-06-27,18,23.2,60.5,open-meteo-20yr-avg
4,Guadalajara,2026-06-27,19,21.7,68.0,open-meteo-20yr-avg
4,Guadalajara,2026-06-27,20,20.2,75.5,open-meteo-20yr-avg
4,Guadalajara,2026-06-27,21,19.4,79.9,open-meteo-20yr-avg
4,Guadalajara,2026-06-27,22,18.7,85.2,open-meteo-20yr-avg
5,Monterrey,2026-06-11,10,27.6,63.7,open-meteo-20yr-avg
5,Monterrey,2026-06-11,11,29.5,55.6,open-meteo-20yr-avg
5,Monterrey,2026-06-11,12,31.2,49.2,open-meteo-20yr-avg
5,Monterrey,2026-06-11,13,32.5,44.6,open-meteo-20yr-avg
5,Monterrey,2026-06-11,14,33.2,41.8,open-meteo-20yr-avg
5,Monterrey,2026-06-11,15,33.6,39.9,open-meteo-20yr-avg
5,Monterrey,2026-06-11,16,33.5,39.5,open-meteo-20yr-avg
5,Monterrey,2026-06-11,17,33.2,40.1,open-meteo-20yr-avg
5,Monterrey,2026-06-11,18,32.2,43.0,open-meteo-20yr-avg
5,Monterrey,2026-06-11,19,31.0,47.0,open-meteo-20yr-avg
5,Monterrey,2026-06-11,20,29.6,51.3,open-meteo-20yr-avg
5,Monterrey,2026-06-11,21,28.5,56.1,open-meteo-20yr-avg
5,Monterrey,2026-06-11,22,27.3,60.8,open-meteo-20yr-avg
5,Monterrey,2026-06-12,10,28.0,61.6,open-meteo-20yr-avg
5,Monterrey,2026-06-12,11,29.8,53.9,open-meteo-20yr-avg
5,Monterrey,2026-06-12,12,31.4,47.3,open-meteo-20yr-avg
5,Monterrey,2026-06-12,13,32.6,43.3,open-meteo-20yr-avg
5,Monterrey,2026-06-12,14,33.4,40.1,open-meteo-20yr-avg
5,Monterrey,2026-06-12,15,33.7,38.5,open-meteo-20yr-avg
5,Monterrey,2026-06-12,16,33.7,37.8,open-meteo-20yr-avg
5,Monterrey,2026-06-12,17,33.4,38.0,open-meteo-20yr-avg
5,Monterrey,2026-06-12,18,32.6,39.4,open-meteo-20yr-avg
5,Monterrey,2026-06-12,19,31.3,44.1,open-meteo-20yr-avg
5,Monterrey,2026-06-12,20,29.8,49.5,open-meteo-20yr-avg
5,Monterrey,2026-06-12,21,28.7,54.0,open-meteo-20yr-avg
5,Monterrey,2026-06-12,22,27.5,59.2,open-meteo-20yr-avg
5,Monterrey,2026-06-13,10,28.1,60.1,open-meteo-20yr-avg
5,Monterrey,2026-06-13,11,30.0,52.2,open-meteo-20yr-avg
5,Monterrey,2026-06-13,12,31.6,46.0,open-meteo-20yr-avg
5,Monterrey,2026-06-13,13,32.8,41.2,open-meteo-20yr-avg
5,Monterrey,2026-06-13,14,33.5,38.2,open-meteo-20yr-avg
5,Monterrey,2026-06-13,15,34.0,36.2,open-meteo-20yr-avg
5,Monterrey,2026-06-13,16,34.0,34.8,open-meteo-20yr-avg
5,Monterrey,2026-06-13,17,33.5,35.6,open-meteo-20yr-avg
5,Monterrey,2026-06-13,18,32.7,37.3,open-meteo-20yr-avg
5,Monterrey,2026-06-13,19,31.5,40.6,open-meteo-20yr-avg
5,Monterrey,2026-06-13,20,29.8,46.0,open-meteo-20yr-avg
5,Monterrey,2026-06-13,21,28.6,51.4,open-meteo-20yr-avg
5,Monterrey,2026-06-13,22,27.4,57.6,open-meteo-20yr-avg
5,Monterrey,2026-06-14,10,28.3,57.9,open-meteo-20yr-avg
5,Monterrey,2026-06-14,11,30.2,49.9,open-meteo-20yr-avg
5,Monterrey,2026-06-14,12,31.8,43.6,open-meteo-20yr-avg
5,Monterrey,2026-06-14,13,33.1,38.5,open-meteo-20yr-avg
5,Monterrey,2026-06-14,14,33.8,34.9,open-meteo-20yr-avg
5,Monterrey,2026-06-14,15,34.3,32.8,open-meteo-20yr-avg
5,Monterrey,2026-06-14,16,34.4,32.1,open-meteo-20yr-avg
5,Monterrey,2026-06-14,17,33.9,33.0,open-meteo-20yr-avg
5,Monterrey,2026-06-14,18,33.0,34.8,open-meteo-20yr-avg
5,Monterrey,2026-06-14,19,31.7,38.7,open-meteo-20yr-avg
5,Monterrey,2026-06-14,20,30.1,44.5,open-meteo-20yr-avg
5,Monterrey,2026-06-14,21,29.0,48.6,open-meteo-20yr-avg
5,Monterrey,2026-06-14,22,27.9,53.4,open-meteo-20yr-avg
5,Monterrey,2026-06-15,10,28.2,58.1,open-meteo-20yr-avg
5,Monterrey,2026-06-15,11,30.0,50.4,open-meteo-20yr-avg
5,Monterrey,2026-06-15,12,31.8,43.5,open-meteo-20yr-avg
5,Monterrey,2026-06-15,13,33.2,38.7,open-meteo-20yr-avg
5,Monterrey,2026-06-15,14,33.9,35.4,open-meteo-20yr-avg
5,Monterrey,2026-06-15,15,34.3,33.5,open-meteo-20yr-avg
5,Monterrey,2026-06-15,16,34.4,33.0,open-meteo-20yr-avg
5,Monterrey,2026-06-15,17,33.9,33.1,open-meteo-20yr-avg
5,Monterrey,2026-06-15,18,32.8,36.1,open-meteo-20yr-avg
5,Monterrey,2026-06-15,19,31.6,40.6,open-meteo-20yr-avg
5,Monterrey,2026-06-15,20,30.1,45.3,open-meteo-20yr-avg
5,Monterrey,2026-06-15,21,28.9,50.0,open-meteo-20yr-avg
5,Monterrey,2026-06-15,22,27.8,56.1,open-meteo-20yr-avg
5,Monterrey,2026-06-16,10,28.4,58.4,open-meteo-20yr-avg
5,Monterrey,2026-06-16,11,30.2,50.6,open-meteo-20yr-avg
5,Monterrey,2026-06-16,12,31.8,44.0,open-meteo-20yr-avg
5,Monterrey,2026-06-16,13,33.2,39.5,open-meteo-20yr-avg
5,Monterrey,2026-06-16,14,33.9,37.0,open-meteo-20yr-avg
5,Monterrey,2026-06-16,15,34.1,35.9,open-meteo-20yr-avg
5,Monterrey,2026-06-16,16,34.1,35.2,open-meteo-20yr-avg
5,Monterrey,2026-06-16,17,33.7,35.8,open-meteo-20yr-avg
5,Monterrey,2026-06-16,18,33.0,37.9,open-meteo-20yr-avg
5,Monterrey,2026-06-16,19,31.6,42.6,open-meteo-20yr-avg
5,Monterrey,2026-06-16,20,29.9,48.6,open-meteo-20yr-avg
5,Monterrey,2026-06-16,21,28.7,53.6,open-meteo-20yr-avg
5,Monterrey,2026-06-16,22,27.5,60.1,open-meteo-20yr-avg
5,Monterrey,2026-06-17,10,28.2,60.7,open-meteo-20yr-avg
5,Monterrey,2026-06-17,11,30.0,53.6,open-meteo-20yr-avg
5,Monterrey,2026-06-17,12,31.6,47.1,open-meteo-20yr-avg
5,Monterrey,2026-06-17,13,33.1,41.4,open-meteo-20yr-avg
5,Monterrey,2026-06-17,14,34.0,38.0,open-meteo-20yr-avg
5,Monterrey,2026-06-17,15,34.3,36.6,open-meteo-20yr-avg
5,Monterrey,2026-06-17,16,34.1,36.8,open-meteo-20yr-avg
5,Monterrey,2026-06-17,17,33.9,37.0,open-meteo-20yr-avg
5,Monterrey,2026-06-17,18,32.8,39.8,open-meteo-20yr-avg
5,Monterrey,2026-06-17,19,31.8,42.5,open-meteo-20yr-avg
5,Monterrey,2026-06-17,20,30.4,47.3,open-meteo-20yr-avg
5,Monterrey,2026-06-17,21,29.2,51.8,open-meteo-20yr-avg
5,Monterrey,2026-06-17,22,28.0,56.6,open-meteo-20yr-avg
5,Monterrey,2026-06-18,10,28.8,58.5,open-meteo-20yr-avg
5,Monterrey,2026-06-18,11,30.7,50.5,open-meteo-20yr-avg
5,Monterrey,2026-06-18,12,32.4,43.4,open-meteo-20yr-avg
5,Monterrey,2026-06-18,13,33.3,40.2,open-meteo-20yr-avg
5,Monterrey,2026-06-18,14,34.1,37.0,open-meteo-20yr-avg
5,Monterrey,2026-06-18,15,34.3,35.9,open-meteo-20yr-avg
5,Monterrey,2026-06-18,16,34.1,36.0,open-meteo-20yr-avg
5,Monterrey,2026-06-18,17,33.7,36.4,open-meteo-20yr-avg
5,Monterrey,2026-06-18,18,32.7,39.6,open-meteo-20yr-avg
5,Monterrey,2026-06-18,19,31.6,42.7,open-meteo-20yr-avg
5,Monterrey,2026-06-18,20,30.1,47.2,open-meteo-20yr-avg
5,Monterrey,2026-06-18,21,29.1,52.0,open-meteo-20yr-avg
5,Monterrey,2026-06-18,22,27.9,57.9,open-meteo-20yr-avg
5,Monterrey,2026-06-19,10,28.7,59.0,open-meteo-20yr-avg
5,Monterrey,2026-06-19,11,30.5,51.5,open-meteo-20yr-avg
5,Monterrey,2026-06-19,12,31.9,46.0,open-meteo-20yr-avg
5,Monterrey,2026-06-19,13,32.8,42.2,open-meteo-20yr-avg
5,Monterrey,2026-06-19,14,33.5,39.2,open-meteo-20yr-avg
5,Monterrey,2026-06-19,15,33.9,36.9,open-meteo-20yr-avg
5,Monterrey,2026-06-19,16,33.3,39.0,open-meteo-20yr-avg
5,Monterrey,2026-06-19,17,32.6,41.2,open-meteo-20yr-avg
5,Monterrey,2026-06-19,18,31.5,44.8,open-meteo-20yr-avg
5,Monterrey,2026-06-19,19,30.4,48.5,open-meteo-20yr-avg
5,Monterrey,2026-06-19,20,29.2,52.5,open-meteo-20yr-avg
5,Monterrey,2026-06-19,21,28.2,56.5,open-meteo-20yr-avg
5,Monterrey,2026-06-19,22,27.2,60.8,open-meteo-20yr-avg
5,Monterrey,2026-06-20,10,27.8,62.0,open-meteo-20yr-avg
5,Monterrey,2026-06-20,11,29.4,54.8,open-meteo-20yr-avg
5,Monterrey,2026-06-20,12,30.9,49.1,open-meteo-20yr-avg
5,Monterrey,2026-06-20,13,32.0,44.6,open-meteo-20yr-avg
5,Monterrey,2026-06-20,14,32.8,41.8,open-meteo-20yr-avg
5,Monterrey,2026-06-20,15,32.8,41.6,open-meteo-20yr-avg
5,Monterrey,2026-06-20,16,32.7,41.5,open-meteo-20yr-avg
5,Monterrey,2026-06-20,17,32.0,43.0,open-meteo-20yr-avg
5,Monterrey,2026-06-20,18,31.5,43.4,open-meteo-20yr-avg
5,Monterrey,2026-06-20,19,30.4,47.4,open-meteo-20yr-avg
5,Monterrey,2026-06-20,20,29.1,52.1,open-meteo-20yr-avg
5,Monterrey,2026-06-20,21,28.1,56.0,open-meteo-20yr-avg
5,Monterrey,2026-06-20,22,27.2,60.9,open-meteo-20yr-avg
5,Monterrey,2026-06-21,10,27.8,62.0,open-meteo-20yr-avg
5,Monterrey,2026-06-21,11,29.3,55.3,open-meteo-20yr-avg
5,Monterrey,2026-06-21,12,30.7,49.5,open-meteo-20yr-avg
5,Monterrey,2026-06-21,13,31.8,45.8,open-meteo-20yr-avg
5,Monterrey,2026-06-21,14,32.5,43.4,open-meteo-20yr-avg
5,Monterrey,2026-06-21,15,32.8,42.0,open-meteo-20yr-avg
5,Monterrey,2026-06-21,16,32.5,42.3,open-meteo-20yr-avg
5,Monterrey,2026-06-21,17,32.0,43.5,open-meteo-20yr-avg
5,Monterrey,2026-06-21,18,30.9,47.0,open-meteo-20yr-avg
5,Monterrey,2026-06-21,19,29.6,52.1,open-meteo-20yr-avg
5,Monterrey,2026-06-21,20,28.5,56.0,open-meteo-20yr-avg
5,Monterrey,2026-06-21,21,27.5,61.4,open-meteo-20yr-avg
5,Monterrey,2026-06-21,22,26.6,65.0,open-meteo-20yr-avg
5,Monterrey,2026-06-22,10,27.3,64.9,open-meteo-20yr-avg
5,Monterrey,2026-06-22,11,28.8,57.9,open-meteo-20yr-avg
5,Monterrey,2026-06-22,12,30.2,51.6,open-meteo-20yr-avg
5,Monterrey,2026-06-22,13,31.1,48.5,open-meteo-20yr-avg
5,Monterrey,2026-06-22,14,31.9,45.6,open-meteo-20yr-avg
5,Monterrey,2026-06-22,15,32.1,44.3,open-meteo-20yr-avg
5,Monterrey,2026-06-22,16,31.8,45.0,open-meteo-20yr-avg
5,Monterrey,2026-06-22,17,31.2,47.1,open-meteo-20yr-avg
5,Monterrey,2026-06-22,18,30.6,48.2,open-meteo-20yr-avg
5,Monterrey,2026-06-22,19,29.6,52.0,open-meteo-20yr-avg
5,Monterrey,2026-06-22,20,28.4,57.1,open-meteo-20yr-avg
5,Monterrey,2026-06-22,21,27.4,61.2,open-meteo-20yr-avg
5,Monterrey,2026-06-22,22,26.6,64.8,open-meteo-20yr-avg
5,Monterrey,2026-06-23,10,27.6,62.5,open-meteo-20yr-avg
5,Monterrey,2026-06-23,11,29.2,55.5,open-meteo-20yr-avg
5,Monterrey,2026-06-23,12,30.5,50.9,open-meteo-20yr-avg
5,Monterrey,2026-06-23,13,31.5,47.9,open-meteo-20yr-avg
5,Monterrey,2026-06-23,14,32.1,44.9,open-meteo-20yr-avg
5,Monterrey,2026-06-23,15,32.5,42.9,open-meteo-20yr-avg
5,Monterrey,2026-06-23,16,32.6,42.0,open-meteo-20yr-avg
5,Monterrey,2026-06-23,17,31.8,44.1,open-meteo-20yr-avg
5,Monterrey,2026-06-23,18,30.8,47.1,open-meteo-20yr-avg
5,Monterrey,2026-06-23,19,29.8,51.1,open-meteo-20yr-avg
5,Monterrey,2026-06-23,20,28.4,56.1,open-meteo-20yr-avg
5,Monterrey,2026-06-23,21,27.4,61.2,open-meteo-20yr-avg
5,Monterrey,2026-06-23,22,26.5,65.5,open-meteo-20yr-avg
5,Monterrey,2026-06-24,10,27.5,64.0,open-meteo-20yr-avg
5,Monterrey,2026-06-24,11,29.1,57.0,open-meteo-20yr-avg
5,Monterrey,2026-06-24,12,30.5,51.5,open-meteo-20yr-avg
5,Monterrey,2026-06-24,13,31.4,48.9,open-meteo-20yr-avg
5,Monterrey,2026-06-24,14,32.0,46.4,open-meteo-20yr-avg
5,Monterrey,2026-06-24,15,32.4,44.3,open-meteo-20yr-avg
5,Monterrey,2026-06-24,16,32.4,43.3,open-meteo-20yr-avg
5,Monterrey,2026-06-24,17,31.6,45.0,open-meteo-20yr-avg
5,Monterrey,2026-06-24,18,30.4,50.1,open-meteo-20yr-avg
5,Monterrey,2026-06-24,19,28.9,56.5,open-meteo-20yr-avg
5,Monterrey,2026-06-24,20,27.5,62.0,open-meteo-20yr-avg
5,Monterrey,2026-06-24,21,26.5,66.9,open-meteo-20yr-avg
5,Monterrey,2026-06-24,22,25.6,72.0,open-meteo-20yr-avg
5,Monterrey,2026-06-25,10,27.1,65.0,open-meteo-20yr-avg
5,Monterrey,2026-06-25,11,28.7,58.3,open-meteo-20yr-avg
5,Monterrey,2026-06-25,12,29.9,53.7,open-meteo-20yr-avg
5,Monterrey,2026-06-25,13,31.1,49.7,open-meteo-20yr-avg
5,Monterrey,2026-06-25,14,31.9,46.0,open-meteo-20yr-avg
5,Monterrey,2026-06-25,15,32.3,44.5,open-meteo-20yr-avg
5,Monterrey,2026-06-25,16,32.2,44.2,open-meteo-20yr-avg
5,Monterrey,2026-06-25,17,31.5,46.1,open-meteo-20yr-avg
5,Monterrey,2026-06-25,18,30.7,48.3,open-meteo-20yr-avg
5,Monterrey,2026-06-25,19,29.5,53.5,open-meteo-20yr-avg
5,Monterrey,2026-06-25,20,28.0,60.0,open-meteo-20yr-avg
5,Monterrey,2026-06-25,21,27.0,64.7,open-meteo-20yr-avg
5,Monterrey,2026-06-25,22,26.1,68.5,open-meteo-20yr-avg
5,Monterrey,2026-06-26,10,27.4,64.5,open-meteo-20yr-avg
5,Monterrey,2026-06-26,11,29.0,58.9,open-meteo-20yr-avg
5,Monterrey,2026-06-26,12,30.2,53.5,open-meteo-20yr-avg
5,Monterrey,2026-06-26,13,31.4,48.8,open-meteo-20yr-avg
5,Monterrey,2026-06-26,14,32.2,45.6,open-meteo-20yr-avg
5,Monterrey,2026-06-26,15,32.2,44.9,open-meteo-20yr-avg
5,Monterrey,2026-06-26,16,32.2,44.6,open-meteo-20yr-avg
5,Monterrey,2026-06-26,17,31.9,44.7,open-meteo-20yr-avg
5,Monterrey,2026-06-26,18,30.9,46.9,open-meteo-20yr-avg
5,Monterrey,2026-06-26,19,29.6,51.5,open-meteo-20yr-avg
5,Monterrey,2026-06-26,20,28.3,57.1,open-meteo-20yr-avg
5,Monterrey,2026-06-26,21,27.2,61.9,open-meteo-20yr-avg
5,Monterrey,2026-06-26,22,26.4,64.5,open-meteo-20yr-avg
5,Monterrey,2026-06-27,10,27.5,64.2,open-meteo-20yr-avg
5,Monterrey,2026-06-27,11,29.1,57.3,open-meteo-20yr-avg
5,Monterrey,2026-06-27,12,30.7,50.8,open-meteo-20yr-avg
5,Monterrey,2026-06-27,13,31.7,46.0,open-meteo-20yr-avg
5,Monterrey,2026-06-27,14,32.4,42.8,open-meteo-20yr-avg
5,Monterrey,2026-06-27,15,32.7,41.5,open-meteo-20yr-avg
5,Monterrey,2026-06-27,16,32.5,41.4,open-meteo-20yr-avg
5,Monterrey,2026-06-27,17,31.9,42.6,open-meteo-20yr-avg
5,Monterrey,2026-06-27,18,31.3,44.0,open-meteo-20yr-avg
5,Monterrey,2026-06-27,19,29.9,49.9,open-meteo-20yr-avg
5,Monterrey,2026-06-27,20,28.3,56.6,open-meteo-20yr-avg
5,Monterrey,2026-06-27,21,27.3,61.4,open-meteo-20yr-avg
5,Monterrey,2026-06-27,22,26.5,65.5,open-meteo-20yr-avg
6,Atlanta,2026-06-11,10,24.7,72.5,open-meteo-20yr-avg
6,Atlanta,2026-06-11,11,26.1,66.8,open-meteo-20yr-avg
6,Atlanta,2026-06-11,12,27.2,63.0,open-meteo-20yr-avg
6,Atlanta,2026-06-11,13,27.9,60.5,open-meteo-20yr-avg
6,Atlanta,2026-06-11,14,28.5,58.2,open-meteo-20yr-avg
6,Atlanta,2026-06-11,15,28.9,56.4,open-meteo-20yr-avg
6,Atlanta,2026-06-11,16,28.9,56.9,open-meteo-20yr-avg
6,Atlanta,2026-06-11,17,28.1,59.6,open-meteo-20yr-avg
6,Atlanta,2026-06-11,18,27.7,61.9,open-meteo-20yr-avg
6,Atlanta,2026-06-11,19,27.2,64.0,open-meteo-20yr-avg
6,Atlanta,2026-06-11,20,25.9,71.9,open-meteo-20yr-avg
6,Atlanta,2026-06-11,21,24.7,75.7,open-meteo-20yr-avg
6,Atlanta,2026-06-11,22,23.8,79.0,open-meteo-20yr-avg
6,Atlanta,2026-06-12,10,24.6,77.2,open-meteo-20yr-avg
6,Atlanta,2026-06-12,11,25.9,70.8,open-meteo-20yr-avg
6,Atlanta,2026-06-12,12,27.0,65.9,open-meteo-20yr-avg
6,Atlanta,2026-06-12,13,27.9,62.4,open-meteo-20yr-avg
6,Atlanta,2026-06-12,14,28.3,60.8,open-meteo-20yr-avg
6,Atlanta,2026-06-12,15,28.6,59.3,open-meteo-20yr-avg
6,Atlanta,2026-06-12,16,28.7,58.3,open-meteo-20yr-avg
6,Atlanta,2026-06-12,17,28.9,57.2,open-meteo-20yr-avg
6,Atlanta,2026-06-12,18,28.4,58.3,open-meteo-20yr-avg
6,Atlanta,2026-06-12,19,27.7,61.6,open-meteo-20yr-avg
6,Atlanta,2026-06-12,20,26.4,69.7,open-meteo-20yr-avg
6,Atlanta,2026-06-12,21,25.0,73.5,open-meteo-20yr-avg
6,Atlanta,2026-06-12,22,24.0,78.5,open-meteo-20yr-avg
6,Atlanta,2026-06-13,10,25.0,71.1,open-meteo-20yr-avg
6,Atlanta,2026-06-13,11,26.2,65.5,open-meteo-20yr-avg
6,Atlanta,2026-06-13,12,27.2,60.4,open-meteo-20yr-avg
6,Atlanta,2026-06-13,13,28.1,56.5,open-meteo-20yr-avg
6,Atlanta,2026-06-13,14,28.9,53.7,open-meteo-20yr-avg
6,Atlanta,2026-06-13,15,29.1,52.8,open-meteo-20yr-avg
6,Atlanta,2026-06-13,16,29.5,50.6,open-meteo-20yr-avg
6,Atlanta,2026-06-13,17,29.4,50.6,open-meteo-20yr-avg
6,Atlanta,2026-06-13,18,28.9,52.3,open-meteo-20yr-avg
6,Atlanta,2026-06-13,19,28.0,56.5,open-meteo-20yr-avg
6,Atlanta,2026-06-13,20,26.8,64.2,open-meteo-20yr-avg
6,Atlanta,2026-06-13,21,25.2,68.5,open-meteo-20yr-avg
6,Atlanta,2026-06-13,22,24.2,73.2,open-meteo-20yr-avg
6,Atlanta,2026-06-14,10,25.3,69.5,open-meteo-20yr-avg
6,Atlanta,2026-06-14,11,26.6,63.6,open-meteo-20yr-avg
6,Atlanta,2026-06-14,12,27.7,58.8,open-meteo-20yr-avg
6,Atlanta,2026-06-14,13,28.6,55.6,open-meteo-20yr-avg
6,Atlanta,2026-06-14,14,29.0,54.1,open-meteo-20yr-avg
6,Atlanta,2026-06-14,15,28.9,53.6,open-meteo-20yr-avg
6,Atlanta,2026-06-14,16,29.0,52.8,open-meteo-20yr-avg
6,Atlanta,2026-06-14,17,29.1,52.0,open-meteo-20yr-avg
6,Atlanta,2026-06-14,18,29.1,51.3,open-meteo-20yr-avg
6,Atlanta,2026-06-14,19,28.6,53.6,open-meteo-20yr-avg
6,Atlanta,2026-06-14,20,27.2,63.9,open-meteo-20yr-avg
6,Atlanta,2026-06-14,21,25.6,69.0,open-meteo-20yr-avg
6,Atlanta,2026-06-14,22,24.4,74.0,open-meteo-20yr-avg
6,Atlanta,2026-06-15,10,25.3,69.6,open-meteo-20yr-avg
6,Atlanta,2026-06-15,11,26.9,63.2,open-meteo-20yr-avg
6,Atlanta,2026-06-15,12,28.2,57.6,open-meteo-20yr-avg
6,Atlanta,2026-06-15,13,29.2,52.7,open-meteo-20yr-avg
6,Atlanta,2026-06-15,14,29.7,51.1,open-meteo-20yr-avg
6,Atlanta,2026-06-15,15,29.9,50.1,open-meteo-20yr-avg
6,Atlanta,2026-06-15,16,30.0,49.0,open-meteo-20yr-avg
6,Atlanta,2026-06-15,17,29.5,51.5,open-meteo-20yr-avg
6,Atlanta,2026-06-15,18,28.6,54.5,open-meteo-20yr-avg
6,Atlanta,2026-06-15,19,27.8,58.0,open-meteo-20yr-avg
6,Atlanta,2026-06-15,20,26.2,66.2,open-meteo-20yr-avg
6,Atlanta,2026-06-15,21,24.8,70.2,open-meteo-20yr-avg
6,Atlanta,2026-06-15,22,23.8,73.9,open-meteo-20yr-avg
6,Atlanta,2026-06-16,10,25.0,68.9,open-meteo-20yr-avg
6,Atlanta,2026-06-16,11,26.5,62.8,open-meteo-20yr-avg
6,Atlanta,2026-06-16,12,27.7,57.9,open-meteo-20yr-avg
6,Atlanta,2026-06-16,13,28.5,54.5,open-meteo-20yr-avg
6,Atlanta,2026-06-16,14,29.3,51.5,open-meteo-20yr-avg
6,Atlanta,2026-06-16,15,29.7,49.9,open-meteo-20yr-avg
6,Atlanta,2026-06-16,16,30.1,47.5,open-meteo-20yr-avg
6,Atlanta,2026-06-16,17,30.2,46.7,open-meteo-20yr-avg
6,Atlanta,2026-06-16,18,29.8,47.4,open-meteo-20yr-avg
6,Atlanta,2026-06-16,19,29.1,50.1,open-meteo-20yr-avg
6,Atlanta,2026-06-16,20,27.5,58.9,open-meteo-20yr-avg
6,Atlanta,2026-06-16,21,26.2,62.4,open-meteo-20yr-avg
6,Atlanta,2026-06-16,22,24.9,66.5,open-meteo-20yr-avg
6,Atlanta,2026-06-17,10,25.8,66.0,open-meteo-20yr-avg
6,Atlanta,2026-06-17,11,27.4,59.5,open-meteo-20yr-avg
6,Atlanta,2026-06-17,12,28.6,54.1,open-meteo-20yr-avg
6,Atlanta,2026-06-17,13,29.6,49.9,open-meteo-20yr-avg
6,Atlanta,2026-06-17,14,30.3,47.8,open-meteo-20yr-avg
6,Atlanta,2026-06-17,15,30.5,47.5,open-meteo-20yr-avg
6,Atlanta,2026-06-17,16,30.4,48.0,open-meteo-20yr-avg
6,Atlanta,2026-06-17,17,30.0,48.5,open-meteo-20yr-avg
6,Atlanta,2026-06-17,18,29.6,49.1,open-meteo-20yr-avg
6,Atlanta,2026-06-17,19,28.8,52.5,open-meteo-20yr-avg
6,Atlanta,2026-06-17,20,27.4,60.9,open-meteo-20yr-avg
6,Atlanta,2026-06-17,21,25.8,65.7,open-meteo-20yr-avg
6,Atlanta,2026-06-17,22,24.7,70.2,open-meteo-20yr-avg
6,Atlanta,2026-06-18,10,25.4,64.3,open-meteo-20yr-avg
6,Atlanta,2026-06-18,11,27.0,58.5,open-meteo-20yr-avg
6,Atlanta,2026-06-18,12,28.3,53.6,open-meteo-20yr-avg
6,Atlanta,2026-06-18,13,29.1,50.8,open-meteo-20yr-avg
6,Atlanta,2026-06-18,14,29.6,48.5,open-meteo-20yr-avg
6,Atlanta,2026-06-18,15,29.6,48.6,open-meteo-20yr-avg
6,Atlanta,2026-06-18,16,29.8,48.0,open-meteo-20yr-avg
6,Atlanta,2026-06-18,17,29.7,47.5,open-meteo-20yr-avg
6,Atlanta,2026-06-18,18,29.2,49.5,open-meteo-20yr-avg
6,Atlanta,2026-06-18,19,28.6,51.5,open-meteo-20yr-avg
6,Atlanta,2026-06-18,20,27.2,59.2,open-meteo-20yr-avg
6,Atlanta,2026-06-18,21,25.8,63.6,open-meteo-20yr-avg
6,Atlanta,2026-06-18,22,24.8,67.5,open-meteo-20yr-avg
6,Atlanta,2026-06-19,10,25.2,66.0,open-meteo-20yr-avg
6,Atlanta,2026-06-19,11,26.4,61.0,open-meteo-20yr-avg
6,Atlanta,2026-06-19,12,27.3,58.3,open-meteo-20yr-avg
6,Atlanta,2026-06-19,13,28.1,56.0,open-meteo-20yr-avg
6,Atlanta,2026-06-19,14,28.8,53.4,open-meteo-20yr-avg
6,Atlanta,2026-06-19,15,29.2,52.3,open-meteo-20yr-avg
6,Atlanta,2026-06-19,16,29.2,52.0,open-meteo-20yr-avg
6,Atlanta,2026-06-19,17,29.2,51.4,open-meteo-20yr-avg
6,Atlanta,2026-06-19,18,29.0,51.8,open-meteo-20yr-avg
6,Atlanta,2026-06-19,19,28.3,54.8,open-meteo-20yr-avg
6,Atlanta,2026-06-19,20,26.9,62.7,open-meteo-20yr-avg
6,Atlanta,2026-06-19,21,25.4,66.6,open-meteo-20yr-avg
6,Atlanta,2026-06-19,22,24.4,69.5,open-meteo-20yr-avg
6,Atlanta,2026-06-20,10,25.6,68.1,open-meteo-20yr-avg
6,Atlanta,2026-06-20,11,27.1,61.4,open-meteo-20yr-avg
6,Atlanta,2026-06-20,12,28.2,55.9,open-meteo-20yr-avg
6,Atlanta,2026-06-20,13,29.2,51.3,open-meteo-20yr-avg
6,Atlanta,2026-06-20,14,29.9,48.5,open-meteo-20yr-avg
6,Atlanta,2026-06-20,15,29.6,51.4,open-meteo-20yr-avg
6,Atlanta,2026-06-20,16,29.9,49.2,open-meteo-20yr-avg
6,Atlanta,2026-06-20,17,30.0,48.1,open-meteo-20yr-avg
6,Atlanta,2026-06-20,18,29.5,49.4,open-meteo-20yr-avg
6,Atlanta,2026-06-20,19,29.0,51.1,open-meteo-20yr-avg
6,Atlanta,2026-06-20,20,27.9,58.4,open-meteo-20yr-avg
6,Atlanta,2026-06-20,21,26.3,62.2,open-meteo-20yr-avg
6,Atlanta,2026-06-20,22,25.2,65.0,open-meteo-20yr-avg
6,Atlanta,2026-06-21,10,25.9,66.3,open-meteo-20yr-avg
6,Atlanta,2026-06-21,11,27.3,60.5,open-meteo-20yr-avg
6,Atlanta,2026-06-21,12,28.4,55.5,open-meteo-20yr-avg
6,Atlanta,2026-06-21,13,29.4,51.7,open-meteo-20yr-avg
6,Atlanta,2026-06-21,14,30.1,49.2,open-meteo-20yr-avg
6,Atlanta,2026-06-21,15,30.5,48.5,open-meteo-20yr-avg
6,Atlanta,2026-06-21,16,30.5,47.6,open-meteo-20yr-avg
6,Atlanta,2026-06-21,17,30.5,47.5,open-meteo-20yr-avg
6,Atlanta,2026-06-21,18,30.1,48.8,open-meteo-20yr-avg
6,Atlanta,2026-06-21,19,29.2,53.0,open-meteo-20yr-avg
6,Atlanta,2026-06-21,20,27.9,59.0,open-meteo-20yr-avg
6,Atlanta,2026-06-21,21,26.5,62.6,open-meteo-20yr-avg
6,Atlanta,2026-06-21,22,25.3,67.4,open-meteo-20yr-avg
6,Atlanta,2026-06-22,10,26.2,66.9,open-meteo-20yr-avg
6,Atlanta,2026-06-22,11,27.6,62.0,open-meteo-20yr-avg
6,Atlanta,2026-06-22,12,28.8,57.6,open-meteo-20yr-avg
6,Atlanta,2026-06-22,13,29.5,54.1,open-meteo-20yr-avg
6,Atlanta,2026-06-22,14,30.3,50.6,open-meteo-20yr-avg
6,Atlanta,2026-06-22,15,30.3,51.0,open-meteo-20yr-avg
6,Atlanta,2026-06-22,16,30.5,49.3,open-meteo-20yr-avg
6,Atlanta,2026-06-22,17,30.0,51.9,open-meteo-20yr-avg
6,Atlanta,2026-06-22,18,29.4,54.1,open-meteo-20yr-avg
6,Atlanta,2026-06-22,19,28.9,56.4,open-meteo-20yr-avg
6,Atlanta,2026-06-22,20,27.7,62.0,open-meteo-20yr-avg
6,Atlanta,2026-06-22,21,26.3,65.7,open-meteo-20yr-avg
6,Atlanta,2026-06-22,22,25.3,69.0,open-meteo-20yr-avg
6,Atlanta,2026-06-23,10,26.1,68.2,open-meteo-20yr-avg
6,Atlanta,2026-06-23,11,27.4,62.9,open-meteo-20yr-avg
6,Atlanta,2026-06-23,12,28.5,59.4,open-meteo-20yr-avg
6,Atlanta,2026-06-23,13,29.5,55.6,open-meteo-20yr-avg
6,Atlanta,2026-06-23,14,30.4,51.5,open-meteo-20yr-avg
6,Atlanta,2026-06-23,15,30.5,50.5,open-meteo-20yr-avg
6,Atlanta,2026-06-23,16,30.8,48.9,open-meteo-20yr-avg
6,Atlanta,2026-06-23,17,30.8,48.4,open-meteo-20yr-avg
6,Atlanta,2026-06-23,18,30.2,50.1,open-meteo-20yr-avg
6,Atlanta,2026-06-23,19,29.5,52.6,open-meteo-20yr-avg
6,Atlanta,2026-06-23,20,28.3,60.4,open-meteo-20yr-avg
6,Atlanta,2026-06-23,21,26.8,63.8,open-meteo-20yr-avg
6,Atlanta,2026-06-23,22,25.5,68.0,open-meteo-20yr-avg
6,Atlanta,2026-06-24,10,26.1,70.2,open-meteo-20yr-avg
6,Atlanta,2026-06-24,11,27.5,64.4,open-meteo-20yr-avg
6,Atlanta,2026-06-24,12,28.8,58.8,open-meteo-20yr-avg
6,Atlanta,2026-06-24,13,29.8,54.2,open-meteo-20yr-avg
6,Atlanta,2026-06-24,14,30.6,51.2,open-meteo-20yr-avg
6,Atlanta,2026-06-24,15,30.3,52.6,open-meteo-20yr-avg
6,Atlanta,2026-06-24,16,30.4,51.9,open-meteo-20yr-avg
6,Atlanta,2026-06-24,17,30.3,51.9,open-meteo-20yr-avg
6,Atlanta,2026-06-24,18,29.6,54.5,open-meteo-20yr-avg
6,Atlanta,2026-06-24,19,28.8,57.7,open-meteo-20yr-avg
6,Atlanta,2026-06-24,20,27.6,65.1,open-meteo-20yr-avg
6,Atlanta,2026-06-24,21,26.3,68.6,open-meteo-20yr-avg
6,Atlanta,2026-06-24,22,25.4,71.6,open-meteo-20yr-avg
6,Atlanta,2026-06-25,10,26.2,67.0,open-meteo-20yr-avg
6,Atlanta,2026-06-25,11,27.6,61.0,open-meteo-20yr-avg
6,Atlanta,2026-06-25,12,28.5,56.5,open-meteo-20yr-avg
6,Atlanta,2026-06-25,13,29.6,52.1,open-meteo-20yr-avg
6,Atlanta,2026-06-25,14,30.5,48.7,open-meteo-20yr-avg
6,Atlanta,2026-06-25,15,30.5,49.4,open-meteo-20yr-avg
6,Atlanta,2026-06-25,16,30.8,47.6,open-meteo-20yr-avg
6,Atlanta,2026-06-25,17,30.8,46.9,open-meteo-20yr-avg
6,Atlanta,2026-06-25,18,30.3,48.5,open-meteo-20yr-avg
6,Atlanta,2026-06-25,19,29.6,52.4,open-meteo-20yr-avg
6,Atlanta,2026-06-25,20,27.6,62.5,open-meteo-20yr-avg
6,Atlanta,2026-06-25,21,26.3,66.0,open-meteo-20yr-avg
6,Atlanta,2026-06-25,22,25.3,70.0,open-meteo-20yr-avg
6,Atlanta,2026-06-26,10,25.8,69.0,open-meteo-20yr-avg
6,Atlanta,2026-06-26,11,27.3,63.0,open-meteo-20yr-avg
6,Atlanta,2026-06-26,12,28.5,58.5,open-meteo-20yr-avg
6,Atlanta,2026-06-26,13,29.5,54.5,open-meteo-20yr-avg
6,Atlanta,2026-06-26,14,30.2,51.7,open-meteo-20yr-avg
6,Atlanta,2026-06-26,15,29.9,52.8,open-meteo-20yr-avg
6,Atlanta,2026-06-26,16,29.9,53.1,open-meteo-20yr-avg
6,Atlanta,2026-06-26,17,30.0,52.0,open-meteo-20yr-avg
6,Atlanta,2026-06-26,18,29.7,53.3,open-meteo-20yr-avg
6,Atlanta,2026-06-26,19,28.8,57.5,open-meteo-20yr-avg
6,Atlanta,2026-06-26,20,27.4,65.2,open-meteo-20yr-avg
6,Atlanta,2026-06-26,21,26.0,70.0,open-meteo-20yr-avg
6,Atlanta,2026-06-26,22,24.8,74.8,open-meteo-20yr-avg
6,Atlanta,2026-06-27,10,25.7,70.2,open-meteo-20yr-avg
6,Atlanta,2026-06-27,11,27.0,64.4,open-meteo-20yr-avg
6,Atlanta,2026-06-27,12,28.1,60.8,open-meteo-20yr-avg
6,Atlanta,2026-06-27,13,29.0,57.1,open-meteo-20yr-avg
6,Atlanta,2026-06-27,14,29.8,54.4,open-meteo-20yr-avg
6,Atlanta,2026-06-27,15,30.1,53.9,open-meteo-20yr-avg
6,Atlanta,2026-06-27,16,30.2,52.5,open-meteo-20yr-avg
6,Atlanta,2026-06-27,17,29.9,53.2,open-meteo-20yr-avg
6,Atlanta,2026-06-27,18,29.2,56.0,open-meteo-20yr-avg
6,Atlanta,2026-06-27,19,28.4,59.5,open-meteo-20yr-avg
6,Atlanta,2026-06-27,20,27.1,66.5,open-meteo-20yr-avg
6,Atlanta,2026-06-27,21,25.7,71.2,open-meteo-20yr-avg
6,Atlanta,2026-06-27,22,24.8,75.4,open-meteo-20yr-avg
7,Boston,2026-06-11,10,19.9,67.0,open-meteo-20yr-avg
7,Boston,2026-06-11,11,21.0,62.9,open-meteo-20yr-avg
7,Boston,2026-06-11,12,21.8,59.9,open-meteo-20yr-avg
7,Boston,2026-06-11,13,22.4,57.4,open-meteo-20yr-avg
7,Boston,2026-06-11,14,22.8,56.3,open-meteo-20yr-avg
7,Boston,2026-06-11,15,22.5,57.7,open-meteo-20yr-avg
7,Boston,2026-06-11,16,22.2,60.5,open-meteo-20yr-avg
7,Boston,2026-06-11,17,21.7,63.1,open-meteo-20yr-avg
7,Boston,2026-06-11,18,21.0,67.2,open-meteo-20yr-avg
7,Boston,2026-06-11,19,19.9,72.8,open-meteo-20yr-avg
7,Boston,2026-06-11,20,18.8,77.0,open-meteo-20yr-avg
7,Boston,2026-06-11,21,17.8,79.5,open-meteo-20yr-avg
7,Boston,2026-06-11,22,17.1,81.5,open-meteo-20yr-avg
7,Boston,2026-06-12,10,20.7,68.1,open-meteo-20yr-avg
7,Boston,2026-06-12,11,21.9,62.4,open-meteo-20yr-avg
7,Boston,2026-06-12,12,22.7,58.8,open-meteo-20yr-avg
7,Boston,2026-06-12,13,23.2,57.0,open-meteo-20yr-avg
7,Boston,2026-06-12,14,23.5,55.9,open-meteo-20yr-avg
7,Boston,2026-06-12,15,23.2,57.3,open-meteo-20yr-avg
7,Boston,2026-06-12,16,22.8,59.7,open-meteo-20yr-avg
7,Boston,2026-06-12,17,22.1,63.4,open-meteo-20yr-avg
7,Boston,2026-06-12,18,21.4,67.2,open-meteo-20yr-avg
7,Boston,2026-06-12,19,20.4,71.7,open-meteo-20yr-avg
7,Boston,2026-06-12,20,19.2,76.0,open-meteo-20yr-avg
7,Boston,2026-06-12,21,18.1,79.5,open-meteo-20yr-avg
7,Boston,2026-06-12,22,17.4,81.2,open-meteo-20yr-avg
7,Boston,2026-06-13,10,19.7,72.5,open-meteo-20yr-avg
7,Boston,2026-06-13,11,20.7,68.0,open-meteo-20yr-avg
7,Boston,2026-06-13,12,21.5,64.8,open-meteo-20yr-avg
7,Boston,2026-06-13,13,22.1,62.5,open-meteo-20yr-avg
7,Boston,2026-06-13,14,22.5,62.0,open-meteo-20yr-avg
7,Boston,2026-06-13,15,22.4,63.9,open-meteo-20yr-avg
7,Boston,2026-06-13,16,22.3,64.2,open-meteo-20yr-avg
7,Boston,2026-06-13,17,22.1,64.8,open-meteo-20yr-avg
7,Boston,2026-06-13,18,21.4,68.8,open-meteo-20yr-avg
7,Boston,2026-06-13,19,20.2,73.8,open-meteo-20yr-avg
7,Boston,2026-06-13,20,19.1,77.2,open-meteo-20yr-avg
7,Boston,2026-06-13,21,18.0,80.6,open-meteo-20yr-avg
7,Boston,2026-06-13,22,17.4,82.5,open-meteo-20yr-avg
7,Boston,2026-06-14,10,19.9,67.5,open-meteo-20yr-avg
7,Boston,2026-06-14,11,21.0,62.8,open-meteo-20yr-avg
7,Boston,2026-06-14,12,21.8,59.0,open-meteo-20yr-avg
7,Boston,2026-06-14,13,22.4,56.0,open-meteo-20yr-avg
7,Boston,2026-06-14,14,22.6,55.4,open-meteo-20yr-avg
7,Boston,2026-06-14,15,22.3,56.4,open-meteo-20yr-avg
7,Boston,2026-06-14,16,22.1,57.3,open-meteo-20yr-avg
7,Boston,2026-06-14,17,21.5,60.6,open-meteo-20yr-avg
7,Boston,2026-06-14,18,20.6,66.5,open-meteo-20yr-avg
7,Boston,2026-06-14,19,19.5,71.5,open-meteo-20yr-avg
7,Boston,2026-06-14,20,18.2,75.4,open-meteo-20yr-avg
7,Boston,2026-06-14,21,17.0,78.2,open-meteo-20yr-avg
7,Boston,2026-06-14,22,16.3,79.7,open-meteo-20yr-avg
7,Boston,2026-06-15,10,18.4,68.3,open-meteo-20yr-avg
7,Boston,2026-06-15,11,19.4,63.2,open-meteo-20yr-avg
7,Boston,2026-06-15,12,20.2,58.9,open-meteo-20yr-avg
7,Boston,2026-06-15,13,20.9,55.9,open-meteo-20yr-avg
7,Boston,2026-06-15,14,21.2,54.2,open-meteo-20yr-avg
7,Boston,2026-06-15,15,21.3,54.0,open-meteo-20yr-avg
7,Boston,2026-06-15,16,21.1,54.3,open-meteo-20yr-avg
7,Boston,2026-06-15,17,20.8,56.0,open-meteo-20yr-avg
7,Boston,2026-06-15,18,20.1,60.2,open-meteo-20yr-avg
7,Boston,2026-06-15,19,19.0,66.8,open-meteo-20yr-avg
7,Boston,2026-06-15,20,17.7,72.9,open-meteo-20yr-avg
7,Boston,2026-06-15,21,16.6,76.5,open-meteo-20yr-avg
7,Boston,2026-06-15,22,15.8,78.8,open-meteo-20yr-avg
7,Boston,2026-06-16,10,20.4,60.5,open-meteo-20yr-avg
7,Boston,2026-06-16,11,21.6,55.2,open-meteo-20yr-avg
7,Boston,2026-06-16,12,22.7,51.0,open-meteo-20yr-avg
7,Boston,2026-06-16,13,23.1,49.8,open-meteo-20yr-avg
7,Boston,2026-06-16,14,23.5,48.5,open-meteo-20yr-avg
7,Boston,2026-06-16,15,23.4,49.6,open-meteo-20yr-avg
7,Boston,2026-06-16,16,23.1,51.1,open-meteo-20yr-avg
7,Boston,2026-06-16,17,22.5,54.0,open-meteo-20yr-avg
7,Boston,2026-06-16,18,21.4,60.9,open-meteo-20yr-avg
7,Boston,2026-06-16,19,20.0,69.7,open-meteo-20yr-avg
7,Boston,2026-06-16,20,18.6,76.0,open-meteo-20yr-avg
7,Boston,2026-06-16,21,17.6,78.3,open-meteo-20yr-avg
7,Boston,2026-06-16,22,16.9,81.0,open-meteo-20yr-avg
7,Boston,2026-06-17,10,21.0,65.0,open-meteo-20yr-avg
7,Boston,2026-06-17,11,22.1,59.8,open-meteo-20yr-avg
7,Boston,2026-06-17,12,23.0,57.0,open-meteo-20yr-avg
7,Boston,2026-06-17,13,23.9,53.6,open-meteo-20yr-avg
7,Boston,2026-06-17,14,24.0,53.6,open-meteo-20yr-avg
7,Boston,2026-06-17,15,24.0,53.6,open-meteo-20yr-avg
7,Boston,2026-06-17,16,23.6,55.9,open-meteo-20yr-avg
7,Boston,2026-06-17,17,23.2,58.2,open-meteo-20yr-avg
7,Boston,2026-06-17,18,22.2,63.4,open-meteo-20yr-avg
7,Boston,2026-06-17,19,21.0,69.8,open-meteo-20yr-avg
7,Boston,2026-06-17,20,19.6,75.0,open-meteo-20yr-avg
7,Boston,2026-06-17,21,18.5,78.2,open-meteo-20yr-avg
7,Boston,2026-06-17,22,17.7,80.5,open-meteo-20yr-avg
7,Boston,2026-06-18,10,21.5,64.7,open-meteo-20yr-avg
7,Boston,2026-06-18,11,23.0,58.4,open-meteo-20yr-avg
7,Boston,2026-06-18,12,23.8,56.0,open-meteo-20yr-avg
7,Boston,2026-06-18,13,24.4,54.5,open-meteo-20yr-avg
7,Boston,2026-06-18,14,24.8,54.0,open-meteo-20yr-avg
7,Boston,2026-06-18,15,24.8,54.7,open-meteo-20yr-avg
7,Boston,2026-06-18,16,24.4,56.5,open-meteo-20yr-avg
7,Boston,2026-06-18,17,23.7,59.5,open-meteo-20yr-avg
7,Boston,2026-06-18,18,22.7,64.0,open-meteo-20yr-avg
7,Boston,2026-06-18,19,21.4,70.2,open-meteo-20yr-avg
7,Boston,2026-06-18,20,20.1,75.0,open-meteo-20yr-avg
7,Boston,2026-06-18,21,18.9,79.0,open-meteo-20yr-avg
7,Boston,2026-06-18,22,18.1,81.4,open-meteo-20yr-avg
7,Boston,2026-06-19,10,21.7,66.5,open-meteo-20yr-avg
7,Boston,2026-06-19,11,22.9,61.1,open-meteo-20yr-avg
7,Boston,2026-06-19,12,24.0,56.8,open-meteo-20yr-avg
7,Boston,2026-06-19,13,24.7,53.3,open-meteo-20yr-avg
7,Boston,2026-06-19,14,25.2,51.0,open-meteo-20yr-avg
7,Boston,2026-06-19,15,25.3,51.2,open-meteo-20yr-avg
7,Boston,2026-06-19,16,24.9,52.1,open-meteo-20yr-avg
7,Boston,2026-06-19,17,24.3,54.4,open-meteo-20yr-avg
7,Boston,2026-06-19,18,23.3,58.8,open-meteo-20yr-avg
7,Boston,2026-06-19,19,22.0,64.7,open-meteo-20yr-avg
7,Boston,2026-06-19,20,20.5,70.8,open-meteo-20yr-avg
7,Boston,2026-06-19,21,19.3,74.2,open-meteo-20yr-avg
7,Boston,2026-06-19,22,18.4,76.7,open-meteo-20yr-avg
7,Boston,2026-06-20,10,22.5,62.1,open-meteo-20yr-avg
7,Boston,2026-06-20,11,23.9,56.9,open-meteo-20yr-avg
7,Boston,2026-06-20,12,25.1,53.2,open-meteo-20yr-avg
7,Boston,2026-06-20,13,25.7,51.1,open-meteo-20yr-avg
7,Boston,2026-06-20,14,26.4,49.1,open-meteo-20yr-avg
7,Boston,2026-06-20,15,26.1,50.8,open-meteo-20yr-avg
7,Boston,2026-06-20,16,25.7,52.5,open-meteo-20yr-avg
7,Boston,2026-06-20,17,24.9,55.7,open-meteo-20yr-avg
7,Boston,2026-06-20,18,24.1,60.5,open-meteo-20yr-avg
7,Boston,2026-06-20,19,23.0,67.1,open-meteo-20yr-avg
7,Boston,2026-06-20,20,21.5,73.4,open-meteo-20yr-avg
7,Boston,2026-06-20,21,20.2,77.1,open-meteo-20yr-avg
7,Boston,2026-06-20,22,19.3,79.5,open-meteo-20yr-avg
7,Boston,2026-06-21,10,22.9,64.0,open-meteo-20yr-avg
7,Boston,2026-06-21,11,24.0,58.5,open-meteo-20yr-avg
7,Boston,2026-06-21,12,24.7,56.5,open-meteo-20yr-avg
7,Boston,2026-06-21,13,25.3,53.5,open-meteo-20yr-avg
7,Boston,2026-06-21,14,25.8,51.5,open-meteo-20yr-avg
7,Boston,2026-06-21,15,25.8,50.9,open-meteo-20yr-avg
7,Boston,2026-06-21,16,25.6,51.2,open-meteo-20yr-avg
7,Boston,2026-06-21,17,25.1,54.5,open-meteo-20yr-avg
7,Boston,2026-06-21,18,24.3,59.0,open-meteo-20yr-avg
7,Boston,2026-06-21,19,23.1,66.0,open-meteo-20yr-avg
7,Boston,2026-06-21,20,21.6,72.5,open-meteo-20yr-avg
7,Boston,2026-06-21,21,20.2,77.8,open-meteo-20yr-avg
7,Boston,2026-06-21,22,19.2,81.1,open-meteo-20yr-avg
7,Boston,2026-06-22,10,22.5,62.6,open-meteo-20yr-avg
7,Boston,2026-06-22,11,23.6,58.2,open-meteo-20yr-avg
7,Boston,2026-06-22,12,24.3,55.6,open-meteo-20yr-avg
7,Boston,2026-06-22,13,24.8,53.9,open-meteo-20yr-avg
7,Boston,2026-06-22,14,24.7,54.6,open-meteo-20yr-avg
7,Boston,2026-06-22,15,24.4,55.6,open-meteo-20yr-avg
7,Boston,2026-06-22,16,23.9,58.0,open-meteo-20yr-avg
7,Boston,2026-06-22,17,23.4,60.8,open-meteo-20yr-avg
7,Boston,2026-06-22,18,22.6,65.1,open-meteo-20yr-avg
7,Boston,2026-06-22,19,21.5,70.5,open-meteo-20yr-avg
7,Boston,2026-06-22,20,20.3,75.2,open-meteo-20yr-avg
7,Boston,2026-06-22,21,19.1,78.7,open-meteo-20yr-avg
7,Boston,2026-06-22,22,18.4,81.0,open-meteo-20yr-avg
7,Boston,2026-06-23,10,21.8,68.2,open-meteo-20yr-avg
7,Boston,2026-06-23,11,23.0,63.3,open-meteo-20yr-avg
7,Boston,2026-06-23,12,24.4,58.6,open-meteo-20yr-avg
7,Boston,2026-06-23,13,25.2,55.7,open-meteo-20yr-avg
7,Boston,2026-06-23,14,25.3,55.5,open-meteo-20yr-avg
7,Boston,2026-06-23,15,25.0,57.1,open-meteo-20yr-avg
7,Boston,2026-06-23,16,24.6,58.9,open-meteo-20yr-avg
7,Boston,2026-06-23,17,24.1,61.9,open-meteo-20yr-avg
7,Boston,2026-06-23,18,23.1,66.7,open-meteo-20yr-avg
7,Boston,2026-06-23,19,21.9,72.7,open-meteo-20yr-avg
7,Boston,2026-06-23,20,20.7,76.5,open-meteo-20yr-avg
7,Boston,2026-06-23,21,19.8,80.5,open-meteo-20yr-avg
7,Boston,2026-06-23,22,19.2,83.2,open-meteo-20yr-avg
7,Boston,2026-06-24,10,22.7,65.4,open-meteo-20yr-avg
7,Boston,2026-06-24,11,23.8,61.2,open-meteo-20yr-avg
7,Boston,2026-06-24,12,24.8,57.8,open-meteo-20yr-avg
7,Boston,2026-06-24,13,25.6,55.4,open-meteo-20yr-avg
7,Boston,2026-06-24,14,26.1,53.4,open-meteo-20yr-avg
7,Boston,2026-06-24,15,25.7,54.2,open-meteo-20yr-avg
7,Boston,2026-06-24,16,25.3,56.4,open-meteo-20yr-avg
7,Boston,2026-06-24,17,24.9,58.1,open-meteo-20yr-avg
7,Boston,2026-06-24,18,23.8,63.0,open-meteo-20yr-avg
7,Boston,2026-06-24,19,22.7,69.0,open-meteo-20yr-avg
7,Boston,2026-06-24,20,21.2,74.8,open-meteo-20yr-avg
7,Boston,2026-06-24,21,20.1,77.7,open-meteo-20yr-avg
7,Boston,2026-06-24,22,19.3,79.3,open-meteo-20yr-avg
7,Boston,2026-06-25,10,23.0,65.8,open-meteo-20yr-avg
7,Boston,2026-06-25,11,24.1,60.0,open-meteo-20yr-avg
7,Boston,2026-06-25,12,25.0,56.9,open-meteo-20yr-avg
7,Boston,2026-06-25,13,25.5,56.4,open-meteo-20yr-avg
7,Boston,2026-06-25,14,25.7,55.9,open-meteo-20yr-avg
7,Boston,2026-06-25,15,25.6,56.7,open-meteo-20yr-avg
7,Boston,2026-06-25,16,25.8,55.8,open-meteo-20yr-avg
7,Boston,2026-06-25,17,25.6,56.6,open-meteo-20yr-avg
7,Boston,2026-06-25,18,24.7,61.9,open-meteo-20yr-avg
7,Boston,2026-06-25,19,23.4,68.1,open-meteo-20yr-avg
7,Boston,2026-06-25,20,22.0,73.5,open-meteo-20yr-avg
7,Boston,2026-06-25,21,20.7,77.8,open-meteo-20yr-avg
7,Boston,2026-06-25,22,19.9,80.7,open-meteo-20yr-avg
7,Boston,2026-06-26,10,24.4,61.7,open-meteo-20yr-avg
7,Boston,2026-06-26,11,25.7,57.0,open-meteo-20yr-avg
7,Boston,2026-06-26,12,26.4,54.5,open-meteo-20yr-avg
7,Boston,2026-06-26,13,26.8,53.2,open-meteo-20yr-avg
7,Boston,2026-06-26,14,27.3,51.6,open-meteo-20yr-avg
7,Boston,2026-06-26,15,26.5,55.8,open-meteo-20yr-avg
7,Boston,2026-06-26,16,26.3,55.9,open-meteo-20yr-avg
7,Boston,2026-06-26,17,25.5,59.2,open-meteo-20yr-avg
7,Boston,2026-06-26,18,24.7,64.0,open-meteo-20yr-avg
7,Boston,2026-06-26,19,23.5,69.6,open-meteo-20yr-avg
7,Boston,2026-06-26,20,22.3,74.7,open-meteo-20yr-avg
7,Boston,2026-06-26,21,21.2,78.7,open-meteo-20yr-avg
7,Boston,2026-06-26,22,20.4,81.6,open-meteo-20yr-avg
7,Boston,2026-06-27,10,23.9,63.8,open-meteo-20yr-avg
7,Boston,2026-06-27,11,25.1,58.5,open-meteo-20yr-avg
7,Boston,2026-06-27,12,26.0,54.9,open-meteo-20yr-avg
7,Boston,2026-06-27,13,26.5,53.2,open-meteo-20yr-avg
7,Boston,2026-06-27,14,26.4,54.6,open-meteo-20yr-avg
7,Boston,2026-06-27,15,25.5,58.6,open-meteo-20yr-avg
7,Boston,2026-06-27,16,25.2,61.6,open-meteo-20yr-avg
7,Boston,2026-06-27,17,24.6,65.5,open-meteo-20yr-avg
7,Boston,2026-06-27,18,23.8,70.8,open-meteo-20yr-avg
7,Boston,2026-06-27,19,22.6,77.3,open-meteo-20yr-avg
7,Boston,2026-06-27,20,21.7,80.3,open-meteo-20yr-avg
7,Boston,2026-06-27,21,20.8,83.2,open-meteo-20yr-avg
7,Boston,2026-06-27,22,20.2,84.5,open-meteo-20yr-avg
8,Dallas,2026-06-11,10,27.5,65.7,open-meteo-20yr-avg
8,Dallas,2026-06-11,11,28.9,59.9,open-meteo-20yr-avg
8,Dallas,2026-06-11,12,30.3,54.6,open-meteo-20yr-avg
8,Dallas,2026-06-11,13,31.4,50.5,open-meteo-20yr-avg
8,Dallas,2026-06-11,14,31.6,50.4,open-meteo-20yr-avg
8,Dallas,2026-06-11,15,32.1,48.5,open-meteo-20yr-avg
8,Dallas,2026-06-11,16,32.4,47.1,open-meteo-20yr-avg
8,Dallas,2026-06-11,17,32.5,46.2,open-meteo-20yr-avg
8,Dallas,2026-06-11,18,31.9,48.0,open-meteo-20yr-avg
8,Dallas,2026-06-11,19,31.2,53.0,open-meteo-20yr-avg
8,Dallas,2026-06-11,20,30.0,56.4,open-meteo-20yr-avg
8,Dallas,2026-06-11,21,28.6,59.2,open-meteo-20yr-avg
8,Dallas,2026-06-11,22,27.7,62.1,open-meteo-20yr-avg
8,Dallas,2026-06-12,10,27.5,67.7,open-meteo-20yr-avg
8,Dallas,2026-06-12,11,28.8,62.5,open-meteo-20yr-avg
8,Dallas,2026-06-12,12,30.0,57.7,open-meteo-20yr-avg
8,Dallas,2026-06-12,13,31.4,52.6,open-meteo-20yr-avg
8,Dallas,2026-06-12,14,31.8,50.3,open-meteo-20yr-avg
8,Dallas,2026-06-12,15,32.4,48.4,open-meteo-20yr-avg
8,Dallas,2026-06-12,16,32.8,46.8,open-meteo-20yr-avg
8,Dallas,2026-06-12,17,32.5,47.8,open-meteo-20yr-avg
8,Dallas,2026-06-12,18,32.0,49.0,open-meteo-20yr-avg
8,Dallas,2026-06-12,19,31.0,52.8,open-meteo-20yr-avg
8,Dallas,2026-06-12,20,29.7,58.0,open-meteo-20yr-avg
8,Dallas,2026-06-12,21,28.4,61.5,open-meteo-20yr-avg
8,Dallas,2026-06-12,22,27.6,64.2,open-meteo-20yr-avg
8,Dallas,2026-06-13,10,27.7,67.4,open-meteo-20yr-avg
8,Dallas,2026-06-13,11,29.1,61.5,open-meteo-20yr-avg
8,Dallas,2026-06-13,12,30.5,55.9,open-meteo-20yr-avg
8,Dallas,2026-06-13,13,31.4,52.0,open-meteo-20yr-avg
8,Dallas,2026-06-13,14,32.1,50.2,open-meteo-20yr-avg
8,Dallas,2026-06-13,15,32.5,48.8,open-meteo-20yr-avg
8,Dallas,2026-06-13,16,32.9,47.5,open-meteo-20yr-avg
8,Dallas,2026-06-13,17,32.9,47.5,open-meteo-20yr-avg
8,Dallas,2026-06-13,18,32.6,47.5,open-meteo-20yr-avg
8,Dallas,2026-06-13,19,31.8,51.1,open-meteo-20yr-avg
8,Dallas,2026-06-13,20,30.6,57.3,open-meteo-20yr-avg
8,Dallas,2026-06-13,21,29.0,61.2,open-meteo-20yr-avg
8,Dallas,2026-06-13,22,28.2,64.8,open-meteo-20yr-avg
8,Dallas,2026-06-14,10,27.8,65.8,open-meteo-20yr-avg
8,Dallas,2026-06-14,11,29.2,61.0,open-meteo-20yr-avg
8,Dallas,2026-06-14,12,30.4,56.4,open-meteo-20yr-avg
8,Dallas,2026-06-14,13,31.3,53.0,open-meteo-20yr-avg
8,Dallas,2026-06-14,14,31.8,51.5,open-meteo-20yr-avg
8,Dallas,2026-06-14,15,32.4,49.2,open-meteo-20yr-avg
8,Dallas,2026-06-14,16,32.6,48.7,open-meteo-20yr-avg
8,Dallas,2026-06-14,17,32.6,47.8,open-meteo-20yr-avg
8,Dallas,2026-06-14,18,32.5,47.9,open-meteo-20yr-avg
8,Dallas,2026-06-14,19,31.6,51.4,open-meteo-20yr-avg
8,Dallas,2026-06-14,20,30.2,56.0,open-meteo-20yr-avg
8,Dallas,2026-06-14,21,28.9,59.9,open-meteo-20yr-avg
8,Dallas,2026-06-14,22,28.1,62.4,open-meteo-20yr-avg
8,Dallas,2026-06-15,10,28.3,65.2,open-meteo-20yr-avg
8,Dallas,2026-06-15,11,29.6,59.7,open-meteo-20yr-avg
8,Dallas,2026-06-15,12,30.8,55.6,open-meteo-20yr-avg
8,Dallas,2026-06-15,13,31.8,51.9,open-meteo-20yr-avg
8,Dallas,2026-06-15,14,32.4,51.3,open-meteo-20yr-avg
8,Dallas,2026-06-15,15,33.0,48.8,open-meteo-20yr-avg
8,Dallas,2026-06-15,16,33.2,47.6,open-meteo-20yr-avg
8,Dallas,2026-06-15,17,33.4,46.2,open-meteo-20yr-avg
8,Dallas,2026-06-15,18,32.7,47.1,open-meteo-20yr-avg
8,Dallas,2026-06-15,19,32.0,50.4,open-meteo-20yr-avg
8,Dallas,2026-06-15,20,30.4,55.9,open-meteo-20yr-avg
8,Dallas,2026-06-15,21,29.2,59.1,open-meteo-20yr-avg
8,Dallas,2026-06-15,22,28.4,62.0,open-meteo-20yr-avg
8,Dallas,2026-06-16,10,28.1,67.1,open-meteo-20yr-avg
8,Dallas,2026-06-16,11,29.5,61.0,open-meteo-20yr-avg
8,Dallas,2026-06-16,12,30.7,56.5,open-meteo-20yr-avg
8,Dallas,2026-06-16,13,31.9,51.6,open-meteo-20yr-avg
8,Dallas,2026-06-16,14,32.6,50.0,open-meteo-20yr-avg
8,Dallas,2026-06-16,15,33.1,48.1,open-meteo-20yr-avg
8,Dallas,2026-06-16,16,33.4,46.5,open-meteo-20yr-avg
8,Dallas,2026-06-16,17,33.5,46.2,open-meteo-20yr-avg
8,Dallas,2026-06-16,18,32.6,48.8,open-meteo-20yr-avg
8,Dallas,2026-06-16,19,31.8,51.9,open-meteo-20yr-avg
8,Dallas,2026-06-16,20,30.7,55.5,open-meteo-20yr-avg
8,Dallas,2026-06-16,21,29.3,58.9,open-meteo-20yr-avg
8,Dallas,2026-06-16,22,28.4,61.4,open-meteo-20yr-avg
8,Dallas,2026-06-17,10,28.0,67.8,open-meteo-20yr-avg
8,Dallas,2026-06-17,11,29.4,62.3,open-meteo-20yr-avg
8,Dallas,2026-06-17,12,30.4,58.5,open-meteo-20yr-avg
8,Dallas,2026-06-17,13,31.3,55.5,open-meteo-20yr-avg
8,Dallas,2026-06-17,14,31.7,54.5,open-meteo-20yr-avg
8,Dallas,2026-06-17,15,32.4,51.6,open-meteo-20yr-avg
8,Dallas,2026-06-17,16,32.7,50.1,open-meteo-20yr-avg
8,Dallas,2026-06-17,17,32.4,51.2,open-meteo-20yr-avg
8,Dallas,2026-06-17,18,32.0,51.9,open-meteo-20yr-avg
8,Dallas,2026-06-17,19,31.4,53.6,open-meteo-20yr-avg
8,Dallas,2026-06-17,20,30.3,57.8,open-meteo-20yr-avg
8,Dallas,2026-06-17,21,29.0,62.4,open-meteo-20yr-avg
8,Dallas,2026-06-17,22,28.1,66.6,open-meteo-20yr-avg
8,Dallas,2026-06-18,10,27.3,70.3,open-meteo-20yr-avg
8,Dallas,2026-06-18,11,28.5,65.8,open-meteo-20yr-avg
8,Dallas,2026-06-18,12,29.9,60.8,open-meteo-20yr-avg
8,Dallas,2026-06-18,13,31.1,56.2,open-meteo-20yr-avg
8,Dallas,2026-06-18,14,32.0,52.0,open-meteo-20yr-avg
8,Dallas,2026-06-18,15,32.9,49.1,open-meteo-20yr-avg
8,Dallas,2026-06-18,16,33.1,48.0,open-meteo-20yr-avg
8,Dallas,2026-06-18,17,33.1,48.0,open-meteo-20yr-avg
8,Dallas,2026-06-18,18,32.8,48.4,open-meteo-20yr-avg
8,Dallas,2026-06-18,19,32.1,50.9,open-meteo-20yr-avg
8,Dallas,2026-06-18,20,30.8,56.9,open-meteo-20yr-avg
8,Dallas,2026-06-18,21,29.3,61.9,open-meteo-20yr-avg
8,Dallas,2026-06-18,22,28.5,65.6,open-meteo-20yr-avg
8,Dallas,2026-06-19,10,27.4,70.5,open-meteo-20yr-avg
8,Dallas,2026-06-19,11,28.9,64.3,open-meteo-20yr-avg
8,Dallas,2026-06-19,12,30.2,59.3,open-meteo-20yr-avg
8,Dallas,2026-06-19,13,31.3,55.3,open-meteo-20yr-avg
8,Dallas,2026-06-19,14,32.0,51.9,open-meteo-20yr-avg
8,Dallas,2026-06-19,15,32.9,48.6,open-meteo-20yr-avg
8,Dallas,2026-06-19,16,33.2,46.8,open-meteo-20yr-avg
8,Dallas,2026-06-19,17,33.0,47.3,open-meteo-20yr-avg
8,Dallas,2026-06-19,18,32.6,48.5,open-meteo-20yr-avg
8,Dallas,2026-06-19,19,31.4,53.8,open-meteo-20yr-avg
8,Dallas,2026-06-19,20,30.3,57.6,open-meteo-20yr-avg
8,Dallas,2026-06-19,21,29.1,62.8,open-meteo-20yr-avg
8,Dallas,2026-06-19,22,28.4,64.7,open-meteo-20yr-avg
8,Dallas,2026-06-20,10,27.5,68.6,open-meteo-20yr-avg
8,Dallas,2026-06-20,11,28.8,63.4,open-meteo-20yr-avg
8,Dallas,2026-06-20,12,30.1,57.9,open-meteo-20yr-avg
8,Dallas,2026-06-20,13,31.3,53.8,open-meteo-20yr-avg
8,Dallas,2026-06-20,14,32.1,49.9,open-meteo-20yr-avg
8,Dallas,2026-06-20,15,32.8,47.1,open-meteo-20yr-avg
8,Dallas,2026-06-20,16,33.2,45.5,open-meteo-20yr-avg
8,Dallas,2026-06-20,17,33.3,44.6,open-meteo-20yr-avg
8,Dallas,2026-06-20,18,33.0,45.0,open-meteo-20yr-avg
8,Dallas,2026-06-20,19,32.1,49.6,open-meteo-20yr-avg
8,Dallas,2026-06-20,20,31.0,54.3,open-meteo-20yr-avg
8,Dallas,2026-06-20,21,29.6,59.1,open-meteo-20yr-avg
8,Dallas,2026-06-20,22,28.6,63.4,open-meteo-20yr-avg
8,Dallas,2026-06-21,10,28.4,66.9,open-meteo-20yr-avg
8,Dallas,2026-06-21,11,29.5,61.7,open-meteo-20yr-avg
8,Dallas,2026-06-21,12,30.6,56.8,open-meteo-20yr-avg
8,Dallas,2026-06-21,13,31.1,54.2,open-meteo-20yr-avg
8,Dallas,2026-06-21,14,31.7,52.2,open-meteo-20yr-avg
8,Dallas,2026-06-21,15,32.3,49.9,open-meteo-20yr-avg
8,Dallas,2026-06-21,16,32.5,48.8,open-meteo-20yr-avg
8,Dallas,2026-06-21,17,32.4,48.5,open-meteo-20yr-avg
8,Dallas,2026-06-21,18,32.1,49.1,open-meteo-20yr-avg
8,Dallas,2026-06-21,19,31.3,51.5,open-meteo-20yr-avg
8,Dallas,2026-06-21,20,30.2,56.0,open-meteo-20yr-avg
8,Dallas,2026-06-21,21,28.9,60.4,open-meteo-20yr-avg
8,Dallas,2026-06-21,22,28.1,63.0,open-meteo-20yr-avg
8,Dallas,2026-06-22,10,28.2,65.2,open-meteo-20yr-avg
8,Dallas,2026-06-22,11,29.6,59.6,open-meteo-20yr-avg
8,Dallas,2026-06-22,12,30.6,55.9,open-meteo-20yr-avg
8,Dallas,2026-06-22,13,31.4,53.0,open-meteo-20yr-avg
8,Dallas,2026-06-22,14,32.1,49.6,open-meteo-20yr-avg
8,Dallas,2026-06-22,15,32.6,48.4,open-meteo-20yr-avg
8,Dallas,2026-06-22,16,32.9,47.2,open-meteo-20yr-avg
8,Dallas,2026-06-22,17,32.9,46.8,open-meteo-20yr-avg
8,Dallas,2026-06-22,18,32.7,47.2,open-meteo-20yr-avg
8,Dallas,2026-06-22,19,31.8,51.6,open-meteo-20yr-avg
8,Dallas,2026-06-22,20,30.5,57.3,open-meteo-20yr-avg
8,Dallas,2026-06-22,21,29.1,61.5,open-meteo-20yr-avg
8,Dallas,2026-06-22,22,28.4,64.3,open-meteo-20yr-avg
8,Dallas,2026-06-23,10,28.4,65.3,open-meteo-20yr-avg
8,Dallas,2026-06-23,11,29.7,59.6,open-meteo-20yr-avg
8,Dallas,2026-06-23,12,30.9,55.2,open-meteo-20yr-avg
8,Dallas,2026-06-23,13,31.9,51.5,open-meteo-20yr-avg
8,Dallas,2026-06-23,14,32.3,50.2,open-meteo-20yr-avg
8,Dallas,2026-06-23,15,32.8,47.5,open-meteo-20yr-avg
8,Dallas,2026-06-23,16,33.2,45.7,open-meteo-20yr-avg
8,Dallas,2026-06-23,17,33.1,45.6,open-meteo-20yr-avg
8,Dallas,2026-06-23,18,32.9,46.2,open-meteo-20yr-avg
8,Dallas,2026-06-23,19,32.1,49.5,open-meteo-20yr-avg
8,Dallas,2026-06-23,20,31.1,54.8,open-meteo-20yr-avg
8,Dallas,2026-06-23,21,29.5,59.2,open-meteo-20yr-avg
8,Dallas,2026-06-23,22,28.6,63.4,open-meteo-20yr-avg
8,Dallas,2026-06-24,10,28.6,63.9,open-meteo-20yr-avg
8,Dallas,2026-06-24,11,29.9,58.2,open-meteo-20yr-avg
8,Dallas,2026-06-24,12,31.1,53.1,open-meteo-20yr-avg
8,Dallas,2026-06-24,13,32.1,49.5,open-meteo-20yr-avg
8,Dallas,2026-06-24,14,32.8,48.7,open-meteo-20yr-avg
8,Dallas,2026-06-24,15,33.1,47.9,open-meteo-20yr-avg
8,Dallas,2026-06-24,16,33.2,47.2,open-meteo-20yr-avg
8,Dallas,2026-06-24,17,33.2,46.6,open-meteo-20yr-avg
8,Dallas,2026-06-24,18,32.9,46.5,open-meteo-20yr-avg
8,Dallas,2026-06-24,19,32.3,48.5,open-meteo-20yr-avg
8,Dallas,2026-06-24,20,31.1,53.0,open-meteo-20yr-avg
8,Dallas,2026-06-24,21,29.8,57.7,open-meteo-20yr-avg
8,Dallas,2026-06-24,22,28.9,60.9,open-meteo-20yr-avg
8,Dallas,2026-06-25,10,28.5,65.5,open-meteo-20yr-avg
8,Dallas,2026-06-25,11,29.8,60.2,open-meteo-20yr-avg
8,Dallas,2026-06-25,12,31.0,55.7,open-meteo-20yr-avg
8,Dallas,2026-06-25,13,32.0,52.1,open-meteo-20yr-avg
8,Dallas,2026-06-25,14,32.6,49.4,open-meteo-20yr-avg
8,Dallas,2026-06-25,15,33.2,46.9,open-meteo-20yr-avg
8,Dallas,2026-06-25,16,33.5,45.1,open-meteo-20yr-avg
8,Dallas,2026-06-25,17,33.5,44.6,open-meteo-20yr-avg
8,Dallas,2026-06-25,18,33.0,46.0,open-meteo-20yr-avg
8,Dallas,2026-06-25,19,32.1,50.4,open-meteo-20yr-avg
8,Dallas,2026-06-25,20,31.1,54.5,open-meteo-20yr-avg
8,Dallas,2026-06-25,21,29.5,59.8,open-meteo-20yr-avg
8,Dallas,2026-06-25,22,28.7,61.9,open-meteo-20yr-avg
8,Dallas,2026-06-26,10,29.0,62.5,open-meteo-20yr-avg
8,Dallas,2026-06-26,11,30.4,57.2,open-meteo-20yr-avg
8,Dallas,2026-06-26,12,31.6,52.9,open-meteo-20yr-avg
8,Dallas,2026-06-26,13,32.6,49.3,open-meteo-20yr-avg
8,Dallas,2026-06-26,14,32.9,48.3,open-meteo-20yr-avg
8,Dallas,2026-06-26,15,33.4,46.9,open-meteo-20yr-avg
8,Dallas,2026-06-26,16,33.6,45.4,open-meteo-20yr-avg
8,Dallas,2026-06-26,17,33.6,44.4,open-meteo-20yr-avg
8,Dallas,2026-06-26,18,33.2,45.1,open-meteo-20yr-avg
8,Dallas,2026-06-26,19,32.6,48.0,open-meteo-20yr-avg
8,Dallas,2026-06-26,20,31.4,52.0,open-meteo-20yr-avg
8,Dallas,2026-06-26,21,30.0,56.8,open-meteo-20yr-avg
8,Dallas,2026-06-26,22,29.0,61.1,open-meteo-20yr-avg
8,Dallas,2026-06-27,10,28.6,63.2,open-meteo-20yr-avg
8,Dallas,2026-06-27,11,30.2,56.6,open-meteo-20yr-avg
8,Dallas,2026-06-27,12,31.7,51.8,open-meteo-20yr-avg
8,Dallas,2026-06-27,13,32.7,48.3,open-meteo-20yr-avg
8,Dallas,2026-06-27,14,33.1,47.1,open-meteo-20yr-avg
8,Dallas,2026-06-27,15,33.7,44.8,open-meteo-20yr-avg
8,Dallas,2026-06-27,16,33.9,44.8,open-meteo-20yr-avg
8,Dallas,2026-06-27,17,33.8,44.5,open-meteo-20yr-avg
8,Dallas,2026-06-27,18,33.4,45.0,open-meteo-20yr-avg
8,Dallas,2026-06-27,19,32.6,49.5,open-meteo-20yr-avg
8,Dallas,2026-06-27,20,31.1,54.2,open-meteo-20yr-avg
8,Dallas,2026-06-27,21,29.8,58.0,open-meteo-20yr-avg
8,Dallas,2026-06-27,22,28.9,61.4,open-meteo-20yr-avg
9,Houston,2026-06-11,10,28.5,67.7,open-meteo-20yr-avg
9,Houston,2026-06-11,11,29.8,61.9,open-meteo-20yr-avg
9,Houston,2026-06-11,12,30.9,56.8,open-meteo-20yr-avg
9,Houston,2026-06-11,13,31.7,53.8,open-meteo-20yr-avg
9,Houston,2026-06-11,14,32.2,51.7,open-meteo-20yr-avg
9,Houston,2026-06-11,15,32.4,50.5,open-meteo-20yr-avg
9,Houston,2026-06-11,16,32.4,50.5,open-meteo-20yr-avg
9,Houston,2026-06-11,17,31.9,51.9,open-meteo-20yr-avg
9,Houston,2026-06-11,18,31.5,53.9,open-meteo-20yr-avg
9,Houston,2026-06-11,19,30.6,58.5,open-meteo-20yr-avg
9,Houston,2026-06-11,20,29.0,65.9,open-meteo-20yr-avg
9,Houston,2026-06-11,21,27.5,72.7,open-meteo-20yr-avg
9,Houston,2026-06-11,22,26.5,78.2,open-meteo-20yr-avg
9,Houston,2026-06-12,10,28.8,68.2,open-meteo-20yr-avg
9,Houston,2026-06-12,11,30.1,61.5,open-meteo-20yr-avg
9,Houston,2026-06-12,12,31.1,57.0,open-meteo-20yr-avg
9,Houston,2026-06-12,13,31.9,54.2,open-meteo-20yr-avg
9,Houston,2026-06-12,14,32.3,51.6,open-meteo-20yr-avg
9,Houston,2026-06-12,15,32.5,50.2,open-meteo-20yr-avg
9,Houston,2026-06-12,16,32.5,50.2,open-meteo-20yr-avg
9,Houston,2026-06-12,17,32.3,51.6,open-meteo-20yr-avg
9,Houston,2026-06-12,18,31.6,54.4,open-meteo-20yr-avg
9,Houston,2026-06-12,19,30.4,61.2,open-meteo-20yr-avg
9,Houston,2026-06-12,20,29.0,67.0,open-meteo-20yr-avg
9,Houston,2026-06-12,21,27.6,72.9,open-meteo-20yr-avg
9,Houston,2026-06-12,22,26.7,77.8,open-meteo-20yr-avg
9,Houston,2026-06-13,10,28.9,67.7,open-meteo-20yr-avg
9,Houston,2026-06-13,11,30.3,60.6,open-meteo-20yr-avg
9,Houston,2026-06-13,12,31.4,55.9,open-meteo-20yr-avg
9,Houston,2026-06-13,13,32.2,52.9,open-meteo-20yr-avg
9,Houston,2026-06-13,14,32.6,51.9,open-meteo-20yr-avg
9,Houston,2026-06-13,15,32.9,50.8,open-meteo-20yr-avg
9,Houston,2026-06-13,16,32.8,50.3,open-meteo-20yr-avg
9,Houston,2026-06-13,17,32.3,52.5,open-meteo-20yr-avg
9,Houston,2026-06-13,18,31.4,55.8,open-meteo-20yr-avg
9,Houston,2026-06-13,19,30.3,62.0,open-meteo-20yr-avg
9,Houston,2026-06-13,20,28.9,68.0,open-meteo-20yr-avg
9,Houston,2026-06-13,21,27.7,75.2,open-meteo-20yr-avg
9,Houston,2026-06-13,22,26.9,80.3,open-meteo-20yr-avg
9,Houston,2026-06-14,10,29.1,67.2,open-meteo-20yr-avg
9,Houston,2026-06-14,11,30.4,61.3,open-meteo-20yr-avg
9,Houston,2026-06-14,12,31.5,55.8,open-meteo-20yr-avg
9,Houston,2026-06-14,13,32.2,52.5,open-meteo-20yr-avg
9,Houston,2026-06-14,14,32.7,50.0,open-meteo-20yr-avg
9,Houston,2026-06-14,15,33.0,49.8,open-meteo-20yr-avg
9,Houston,2026-06-14,16,32.8,50.5,open-meteo-20yr-avg
9,Houston,2026-06-14,17,32.4,52.0,open-meteo-20yr-avg
9,Houston,2026-06-14,18,31.6,54.9,open-meteo-20yr-avg
9,Houston,2026-06-14,19,30.5,60.9,open-meteo-20yr-avg
9,Houston,2026-06-14,20,29.3,66.4,open-meteo-20yr-avg
9,Houston,2026-06-14,21,28.0,73.1,open-meteo-20yr-avg
9,Houston,2026-06-14,22,27.1,78.5,open-meteo-20yr-avg
9,Houston,2026-06-15,10,29.4,69.3,open-meteo-20yr-avg
9,Houston,2026-06-15,11,30.7,63.0,open-meteo-20yr-avg
9,Houston,2026-06-15,12,31.7,58.5,open-meteo-20yr-avg
9,Houston,2026-06-15,13,32.4,56.0,open-meteo-20yr-avg
9,Houston,2026-06-15,14,33.1,52.5,open-meteo-20yr-avg
9,Houston,2026-06-15,15,33.3,50.8,open-meteo-20yr-avg
9,Houston,2026-06-15,16,32.9,52.2,open-meteo-20yr-avg
9,Houston,2026-06-15,17,32.3,54.0,open-meteo-20yr-avg
9,Houston,2026-06-15,18,31.5,57.4,open-meteo-20yr-avg
9,Houston,2026-06-15,19,30.3,63.3,open-meteo-20yr-avg
9,Houston,2026-06-15,20,29.2,68.3,open-meteo-20yr-avg
9,Houston,2026-06-15,21,27.9,75.3,open-meteo-20yr-avg
9,Houston,2026-06-15,22,27.1,80.2,open-meteo-20yr-avg
9,Houston,2026-06-16,10,29.0,69.8,open-meteo-20yr-avg
9,Houston,2026-06-16,11,30.1,64.7,open-meteo-20yr-avg
9,Houston,2026-06-16,12,30.9,60.6,open-meteo-20yr-avg
9,Houston,2026-06-16,13,31.9,56.9,open-meteo-20yr-avg
9,Houston,2026-06-16,14,32.3,55.5,open-meteo-20yr-avg
9,Houston,2026-06-16,15,32.5,54.2,open-meteo-20yr-avg
9,Houston,2026-06-16,16,32.5,54.0,open-meteo-20yr-avg
9,Houston,2026-06-16,17,32.0,55.4,open-meteo-20yr-avg
9,Houston,2026-06-16,18,31.3,57.9,open-meteo-20yr-avg
9,Houston,2026-06-16,19,29.9,64.7,open-meteo-20yr-avg
9,Houston,2026-06-16,20,28.9,69.2,open-meteo-20yr-avg
9,Houston,2026-06-16,21,27.6,75.5,open-meteo-20yr-avg
9,Houston,2026-06-16,22,26.9,79.5,open-meteo-20yr-avg
9,Houston,2026-06-17,10,28.8,71.9,open-meteo-20yr-avg
9,Houston,2026-06-17,11,30.0,65.5,open-meteo-20yr-avg
9,Houston,2026-06-17,12,30.9,60.6,open-meteo-20yr-avg
9,Houston,2026-06-17,13,31.7,56.8,open-meteo-20yr-avg
9,Houston,2026-06-17,14,31.9,55.4,open-meteo-20yr-avg
9,Houston,2026-06-17,15,32.5,53.0,open-meteo-20yr-avg
9,Houston,2026-06-17,16,32.5,52.9,open-meteo-20yr-avg
9,Houston,2026-06-17,17,32.2,53.9,open-meteo-20yr-avg
9,Houston,2026-06-17,18,31.6,56.0,open-meteo-20yr-avg
9,Houston,2026-06-17,19,30.6,61.8,open-meteo-20yr-avg
9,Houston,2026-06-17,20,29.3,67.2,open-meteo-20yr-avg
9,Houston,2026-06-17,21,28.1,73.3,open-meteo-20yr-avg
9,Houston,2026-06-17,22,27.3,77.8,open-meteo-20yr-avg
9,Houston,2026-06-18,10,29.0,70.8,open-meteo-20yr-avg
9,Houston,2026-06-18,11,30.3,63.8,open-meteo-20yr-avg
9,Houston,2026-06-18,12,31.4,58.8,open-meteo-20yr-avg
9,Houston,2026-06-18,13,32.1,55.4,open-meteo-20yr-avg
9,Houston,2026-06-18,14,32.1,55.6,open-meteo-20yr-avg
9,Houston,2026-06-18,15,32.3,54.5,open-meteo-20yr-avg
9,Houston,2026-06-18,16,32.3,54.0,open-meteo-20yr-avg
9,Houston,2026-06-18,17,31.8,56.0,open-meteo-20yr-avg
9,Houston,2026-06-18,18,31.2,58.2,open-meteo-20yr-avg
9,Houston,2026-06-18,19,30.0,65.5,open-meteo-20yr-avg
9,Houston,2026-06-18,20,28.9,71.1,open-meteo-20yr-avg
9,Houston,2026-06-18,21,27.8,76.7,open-meteo-20yr-avg
9,Houston,2026-06-18,22,27.0,80.8,open-meteo-20yr-avg
9,Houston,2026-06-19,10,28.6,73.5,open-meteo-20yr-avg
9,Houston,2026-06-19,11,29.8,67.3,open-meteo-20yr-avg
9,Houston,2026-06-19,12,30.7,62.9,open-meteo-20yr-avg
9,Houston,2026-06-19,13,31.4,59.5,open-meteo-20yr-avg
9,Houston,2026-06-19,14,32.0,58.1,open-meteo-20yr-avg
9,Houston,2026-06-19,15,32.3,56.4,open-meteo-20yr-avg
9,Houston,2026-06-19,16,32.1,56.9,open-meteo-20yr-avg
9,Houston,2026-06-19,17,31.6,58.4,open-meteo-20yr-avg
9,Houston,2026-06-19,18,30.8,61.5,open-meteo-20yr-avg
9,Houston,2026-06-19,19,29.6,68.0,open-meteo-20yr-avg
9,Houston,2026-06-19,20,28.5,72.9,open-meteo-20yr-avg
9,Houston,2026-06-19,21,27.5,77.7,open-meteo-20yr-avg
9,Houston,2026-06-19,22,26.9,81.5,open-meteo-20yr-avg
9,Houston,2026-06-20,10,28.8,72.6,open-meteo-20yr-avg
9,Houston,2026-06-20,11,30.0,66.8,open-meteo-20yr-avg
9,Houston,2026-06-20,12,31.0,62.6,open-meteo-20yr-avg
9,Houston,2026-06-20,13,31.5,59.9,open-meteo-20yr-avg
9,Houston,2026-06-20,14,31.9,57.7,open-meteo-20yr-avg
9,Houston,2026-06-20,15,31.7,57.9,open-meteo-20yr-avg
9,Houston,2026-06-20,16,32.0,56.9,open-meteo-20yr-avg
9,Houston,2026-06-20,17,31.6,57.6,open-meteo-20yr-avg
9,Houston,2026-06-20,18,30.9,60.3,open-meteo-20yr-avg
9,Houston,2026-06-20,19,29.9,66.0,open-meteo-20yr-avg
9,Houston,2026-06-20,20,28.7,71.4,open-meteo-20yr-avg
9,Houston,2026-06-20,21,27.7,76.6,open-meteo-20yr-avg
9,Houston,2026-06-20,22,27.0,81.1,open-meteo-20yr-avg
9,Houston,2026-06-21,10,28.6,72.2,open-meteo-20yr-avg
9,Houston,2026-06-21,11,29.8,66.7,open-meteo-20yr-avg
9,Houston,2026-06-21,12,30.6,62.4,open-meteo-20yr-avg
9,Houston,2026-06-21,13,31.4,59.4,open-meteo-20yr-avg
9,Houston,2026-06-21,14,31.9,57.0,open-meteo-20yr-avg
9,Houston,2026-06-21,15,32.0,56.1,open-meteo-20yr-avg
9,Houston,2026-06-21,16,31.7,56.2,open-meteo-20yr-avg
9,Houston,2026-06-21,17,31.3,57.1,open-meteo-20yr-avg
9,Houston,2026-06-21,18,30.6,60.5,open-meteo-20yr-avg
9,Houston,2026-06-21,19,29.7,67.3,open-meteo-20yr-avg
9,Houston,2026-06-21,20,28.6,72.4,open-meteo-20yr-avg
9,Houston,2026-06-21,21,27.5,78.1,open-meteo-20yr-avg
9,Houston,2026-06-21,22,26.8,82.0,open-meteo-20yr-avg
9,Houston,2026-06-22,10,28.5,72.3,open-meteo-20yr-avg
9,Houston,2026-06-22,11,29.6,66.8,open-meteo-20yr-avg
9,Houston,2026-06-22,12,30.6,62.5,open-meteo-20yr-avg
9,Houston,2026-06-22,13,31.3,59.9,open-meteo-20yr-avg
9,Houston,2026-06-22,14,31.9,57.9,open-meteo-20yr-avg
9,Houston,2026-06-22,15,32.2,56.2,open-meteo-20yr-avg
9,Houston,2026-06-22,16,31.8,57.4,open-meteo-20yr-avg
9,Houston,2026-06-22,17,31.4,58.9,open-meteo-20yr-avg
9,Houston,2026-06-22,18,30.8,61.3,open-meteo-20yr-avg
9,Houston,2026-06-22,19,29.6,68.2,open-meteo-20yr-avg
9,Houston,2026-06-22,20,28.5,72.2,open-meteo-20yr-avg
9,Houston,2026-06-22,21,27.5,78.2,open-meteo-20yr-avg
9,Houston,2026-06-22,22,26.8,81.7,open-meteo-20yr-avg
9,Houston,2026-06-23,10,28.7,72.2,open-meteo-20yr-avg
9,Houston,2026-06-23,11,29.8,66.3,open-meteo-20yr-avg
9,Houston,2026-06-23,12,30.8,61.8,open-meteo-20yr-avg
9,Houston,2026-06-23,13,31.6,58.8,open-meteo-20yr-avg
9,Houston,2026-06-23,14,31.7,57.2,open-meteo-20yr-avg
9,Houston,2026-06-23,15,31.9,57.1,open-meteo-20yr-avg
9,Houston,2026-06-23,16,31.8,57.8,open-meteo-20yr-avg
9,Houston,2026-06-23,17,31.5,58.4,open-meteo-20yr-avg
9,Houston,2026-06-23,18,31.0,59.9,open-meteo-20yr-avg
9,Houston,2026-06-23,19,30.1,64.8,open-meteo-20yr-avg
9,Houston,2026-06-23,20,29.1,69.3,open-meteo-20yr-avg
9,Houston,2026-06-23,21,28.1,74.0,open-meteo-20yr-avg
9,Houston,2026-06-23,22,27.3,78.4,open-meteo-20yr-avg
9,Houston,2026-06-24,10,28.0,74.2,open-meteo-20yr-avg
9,Houston,2026-06-24,11,29.3,68.2,open-meteo-20yr-avg
9,Houston,2026-06-24,12,30.4,62.5,open-meteo-20yr-avg
9,Houston,2026-06-24,13,31.1,59.5,open-meteo-20yr-avg
9,Houston,2026-06-24,14,31.6,58.0,open-meteo-20yr-avg
9,Houston,2026-06-24,15,31.9,57.2,open-meteo-20yr-avg
9,Houston,2026-06-24,16,32.0,56.6,open-meteo-20yr-avg
9,Houston,2026-06-24,17,31.9,56.1,open-meteo-20yr-avg
9,Houston,2026-06-24,18,31.3,58.4,open-meteo-20yr-avg
9,Houston,2026-06-24,19,30.5,63.4,open-meteo-20yr-avg
9,Houston,2026-06-24,20,29.4,68.4,open-meteo-20yr-avg
9,Houston,2026-06-24,21,28.2,74.2,open-meteo-20yr-avg
9,Houston,2026-06-24,22,27.4,79.2,open-meteo-20yr-avg
9,Houston,2026-06-25,10,29.0,72.5,open-meteo-20yr-avg
9,Houston,2026-06-25,11,30.1,67.2,open-meteo-20yr-avg
9,Houston,2026-06-25,12,31.0,63.9,open-meteo-20yr-avg
9,Houston,2026-06-25,13,31.5,61.3,open-meteo-20yr-avg
9,Houston,2026-06-25,14,32.0,59.1,open-meteo-20yr-avg
9,Houston,2026-06-25,15,32.0,58.5,open-meteo-20yr-avg
9,Houston,2026-06-25,16,31.9,58.9,open-meteo-20yr-avg
9,Houston,2026-06-25,17,31.7,59.5,open-meteo-20yr-avg
9,Houston,2026-06-25,18,31.3,60.0,open-meteo-20yr-avg
9,Houston,2026-06-25,19,30.3,65.5,open-meteo-20yr-avg
9,Houston,2026-06-25,20,29.2,69.8,open-meteo-20yr-avg
9,Houston,2026-06-25,21,28.1,75.0,open-meteo-20yr-avg
9,Houston,2026-06-25,22,27.3,79.2,open-meteo-20yr-avg
9,Houston,2026-06-26,10,29.2,71.3,open-meteo-20yr-avg
9,Houston,2026-06-26,11,30.2,66.0,open-meteo-20yr-avg
9,Houston,2026-06-26,12,31.0,62.9,open-meteo-20yr-avg
9,Houston,2026-06-26,13,31.6,59.8,open-meteo-20yr-avg
9,Houston,2026-06-26,14,31.8,58.8,open-meteo-20yr-avg
9,Houston,2026-06-26,15,32.1,57.5,open-meteo-20yr-avg
9,Houston,2026-06-26,16,32.1,57.5,open-meteo-20yr-avg
9,Houston,2026-06-26,17,31.6,58.6,open-meteo-20yr-avg
9,Houston,2026-06-26,18,30.9,61.8,open-meteo-20yr-avg
9,Houston,2026-06-26,19,30.1,66.9,open-meteo-20yr-avg
9,Houston,2026-06-26,20,29.1,70.9,open-meteo-20yr-avg
9,Houston,2026-06-26,21,28.0,75.3,open-meteo-20yr-avg
9,Houston,2026-06-26,22,27.2,79.3,open-meteo-20yr-avg
9,Houston,2026-06-27,10,28.5,72.8,open-meteo-20yr-avg
9,Houston,2026-06-27,11,29.6,66.5,open-meteo-20yr-avg
9,Houston,2026-06-27,12,30.9,61.9,open-meteo-20yr-avg
9,Houston,2026-06-27,13,31.8,58.1,open-meteo-20yr-avg
9,Houston,2026-06-27,14,32.2,56.8,open-meteo-20yr-avg
9,Houston,2026-06-27,15,32.4,55.9,open-meteo-20yr-avg
9,Houston,2026-06-27,16,32.4,55.4,open-meteo-20yr-avg
9,Houston,2026-06-27,17,32.2,55.1,open-meteo-20yr-avg
9,Houston,2026-06-27,18,31.5,58.2,open-meteo-20yr-avg
9,Houston,2026-06-27,19,30.1,66.2,open-meteo-20yr-avg
9,Houston,2026-06-27,20,28.8,72.3,open-meteo-20yr-avg
9,Houston,2026-06-27,21,27.5,78.7,open-meteo-20yr-avg
9,Houston,2026-06-27,22,26.8,82.4,open-meteo-20yr-avg
10,Kansas City,2026-06-11,10,24.3,70.3,open-meteo-20yr-avg
10,Kansas City,2026-06-11,11,25.6,64.5,open-meteo-20yr-avg
10,Kansas City,2026-06-11,12,26.6,60.8,open-meteo-20yr-avg
10,Kansas City,2026-06-11,13,27.5,57.1,open-meteo-20yr-avg
10,Kansas City,2026-06-11,14,27.9,54.5,open-meteo-20yr-avg
10,Kansas City,2026-06-11,15,28.7,51.5,open-meteo-20yr-avg
10,Kansas City,2026-06-11,16,29.1,50.0,open-meteo-20yr-avg
10,Kansas City,2026-06-11,17,29.0,49.8,open-meteo-20yr-avg
10,Kansas City,2026-06-11,18,28.7,50.5,open-meteo-20yr-avg
10,Kansas City,2026-06-11,19,27.2,58.0,open-meteo-20yr-avg
10,Kansas City,2026-06-11,20,25.9,64.1,open-meteo-20yr-avg
10,Kansas City,2026-06-11,21,24.5,68.5,open-meteo-20yr-avg
10,Kansas City,2026-06-11,22,23.7,70.8,open-meteo-20yr-avg
10,Kansas City,2026-06-12,10,23.6,70.8,open-meteo-20yr-avg
10,Kansas City,2026-06-12,11,24.8,66.1,open-meteo-20yr-avg
10,Kansas City,2026-06-12,12,26.0,61.8,open-meteo-20yr-avg
10,Kansas City,2026-06-12,13,27.0,58.8,open-meteo-20yr-avg
10,Kansas City,2026-06-12,14,27.3,57.5,open-meteo-20yr-avg
10,Kansas City,2026-06-12,15,27.7,55.5,open-meteo-20yr-avg
10,Kansas City,2026-06-12,16,28.1,54.5,open-meteo-20yr-avg
10,Kansas City,2026-06-12,17,28.2,53.8,open-meteo-20yr-avg
10,Kansas City,2026-06-12,18,27.8,54.5,open-meteo-20yr-avg
10,Kansas City,2026-06-12,19,26.8,59.0,open-meteo-20yr-avg
10,Kansas City,2026-06-12,20,25.4,66.0,open-meteo-20yr-avg
10,Kansas City,2026-06-12,21,24.0,70.5,open-meteo-20yr-avg
10,Kansas City,2026-06-12,22,23.1,73.2,open-meteo-20yr-avg
10,Kansas City,2026-06-13,10,24.1,65.2,open-meteo-20yr-avg
10,Kansas City,2026-06-13,11,25.5,59.9,open-meteo-20yr-avg
10,Kansas City,2026-06-13,12,26.6,56.5,open-meteo-20yr-avg
10,Kansas City,2026-06-13,13,27.6,53.5,open-meteo-20yr-avg
10,Kansas City,2026-06-13,14,28.1,50.1,open-meteo-20yr-avg
10,Kansas City,2026-06-13,15,28.7,48.5,open-meteo-20yr-avg
10,Kansas City,2026-06-13,16,29.1,46.9,open-meteo-20yr-avg
10,Kansas City,2026-06-13,17,29.1,47.0,open-meteo-20yr-avg
10,Kansas City,2026-06-13,18,28.9,47.5,open-meteo-20yr-avg
10,Kansas City,2026-06-13,19,27.8,52.4,open-meteo-20yr-avg
10,Kansas City,2026-06-13,20,26.2,61.4,open-meteo-20yr-avg
10,Kansas City,2026-06-13,21,25.1,62.5,open-meteo-20yr-avg
10,Kansas City,2026-06-13,22,23.7,65.7,open-meteo-20yr-avg
10,Kansas City,2026-06-14,10,25.0,65.8,open-meteo-20yr-avg
10,Kansas City,2026-06-14,11,26.5,59.9,open-meteo-20yr-avg
10,Kansas City,2026-06-14,12,27.8,55.1,open-meteo-20yr-avg
10,Kansas City,2026-06-14,13,28.9,51.4,open-meteo-20yr-avg
10,Kansas City,2026-06-14,14,29.4,49.5,open-meteo-20yr-avg
10,Kansas City,2026-06-14,15,30.1,47.0,open-meteo-20yr-avg
10,Kansas City,2026-06-14,16,30.1,46.6,open-meteo-20yr-avg
10,Kansas City,2026-06-14,17,30.0,47.2,open-meteo-20yr-avg
10,Kansas City,2026-06-14,18,29.6,48.6,open-meteo-20yr-avg
10,Kansas City,2026-06-14,19,28.9,53.4,open-meteo-20yr-avg
10,Kansas City,2026-06-14,20,27.5,59.6,open-meteo-20yr-avg
10,Kansas City,2026-06-14,21,26.0,64.2,open-meteo-20yr-avg
10,Kansas City,2026-06-14,22,24.9,68.0,open-meteo-20yr-avg
10,Kansas City,2026-06-15,10,25.3,70.3,open-meteo-20yr-avg
10,Kansas City,2026-06-15,11,26.7,64.5,open-meteo-20yr-avg
10,Kansas City,2026-06-15,12,27.9,59.0,open-meteo-20yr-avg
10,Kansas City,2026-06-15,13,29.0,54.9,open-meteo-20yr-avg
10,Kansas City,2026-06-15,14,29.4,53.0,open-meteo-20yr-avg
10,Kansas City,2026-06-15,15,29.8,51.6,open-meteo-20yr-avg
10,Kansas City,2026-06-15,16,29.9,50.5,open-meteo-20yr-avg
10,Kansas City,2026-06-15,17,29.7,51.5,open-meteo-20yr-avg
10,Kansas City,2026-06-15,18,29.0,54.1,open-meteo-20yr-avg
10,Kansas City,2026-06-15,19,28.3,59.8,open-meteo-20yr-avg
10,Kansas City,2026-06-15,20,26.9,66.3,open-meteo-20yr-avg
10,Kansas City,2026-06-15,21,25.5,69.8,open-meteo-20yr-avg
10,Kansas City,2026-06-15,22,24.3,73.3,open-meteo-20yr-avg
10,Kansas City,2026-06-16,10,26.4,66.7,open-meteo-20yr-avg
10,Kansas City,2026-06-16,11,27.7,61.6,open-meteo-20yr-avg
10,Kansas City,2026-06-16,12,28.9,57.4,open-meteo-20yr-avg
10,Kansas City,2026-06-16,13,29.8,54.0,open-meteo-20yr-avg
10,Kansas City,2026-06-16,14,29.6,53.8,open-meteo-20yr-avg
10,Kansas City,2026-06-16,15,29.8,53.1,open-meteo-20yr-avg
10,Kansas City,2026-06-16,16,30.1,51.8,open-meteo-20yr-avg
10,Kansas City,2026-06-16,17,30.1,51.5,open-meteo-20yr-avg
10,Kansas City,2026-06-16,18,29.7,53.2,open-meteo-20yr-avg
10,Kansas City,2026-06-16,19,28.6,59.7,open-meteo-20yr-avg
10,Kansas City,2026-06-16,20,27.5,65.2,open-meteo-20yr-avg
10,Kansas City,2026-06-16,21,25.9,69.2,open-meteo-20yr-avg
10,Kansas City,2026-06-16,22,25.1,71.8,open-meteo-20yr-avg
10,Kansas City,2026-06-17,10,26.3,69.5,open-meteo-20yr-avg
10,Kansas City,2026-06-17,11,27.6,64.7,open-meteo-20yr-avg
10,Kansas City,2026-06-17,12,28.8,60.0,open-meteo-20yr-avg
10,Kansas City,2026-06-17,13,29.8,56.4,open-meteo-20yr-avg
10,Kansas City,2026-06-17,14,30.3,54.2,open-meteo-20yr-avg
10,Kansas City,2026-06-17,15,30.7,52.0,open-meteo-20yr-avg
10,Kansas City,2026-06-17,16,31.0,50.4,open-meteo-20yr-avg
10,Kansas City,2026-06-17,17,30.8,50.4,open-meteo-20yr-avg
10,Kansas City,2026-06-17,18,30.2,52.1,open-meteo-20yr-avg
10,Kansas City,2026-06-17,19,29.3,56.9,open-meteo-20yr-avg
10,Kansas City,2026-06-17,20,27.6,63.8,open-meteo-20yr-avg
10,Kansas City,2026-06-17,21,26.2,68.2,open-meteo-20yr-avg
10,Kansas City,2026-06-17,22,25.5,69.8,open-meteo-20yr-avg
10,Kansas City,2026-06-18,10,25.9,68.3,open-meteo-20yr-avg
10,Kansas City,2026-06-18,11,27.1,63.2,open-meteo-20yr-avg
10,Kansas City,2026-06-18,12,28.2,59.0,open-meteo-20yr-avg
10,Kansas City,2026-06-18,13,29.1,55.4,open-meteo-20yr-avg
10,Kansas City,2026-06-18,14,29.6,52.8,open-meteo-20yr-avg
10,Kansas City,2026-06-18,15,30.0,51.0,open-meteo-20yr-avg
10,Kansas City,2026-06-18,16,30.3,49.7,open-meteo-20yr-avg
10,Kansas City,2026-06-18,17,30.3,50.0,open-meteo-20yr-avg
10,Kansas City,2026-06-18,18,30.0,50.6,open-meteo-20yr-avg
10,Kansas City,2026-06-18,19,29.0,56.0,open-meteo-20yr-avg
10,Kansas City,2026-06-18,20,27.5,63.1,open-meteo-20yr-avg
10,Kansas City,2026-06-18,21,26.2,67.5,open-meteo-20yr-avg
10,Kansas City,2026-06-18,22,25.3,68.8,open-meteo-20yr-avg
10,Kansas City,2026-06-19,10,25.8,67.7,open-meteo-20yr-avg
10,Kansas City,2026-06-19,11,27.2,62.1,open-meteo-20yr-avg
10,Kansas City,2026-06-19,12,28.0,59.4,open-meteo-20yr-avg
10,Kansas City,2026-06-19,13,28.7,57.1,open-meteo-20yr-avg
10,Kansas City,2026-06-19,14,29.2,56.8,open-meteo-20yr-avg
10,Kansas City,2026-06-19,15,29.6,54.9,open-meteo-20yr-avg
10,Kansas City,2026-06-19,16,29.9,53.0,open-meteo-20yr-avg
10,Kansas City,2026-06-19,17,29.4,54.9,open-meteo-20yr-avg
10,Kansas City,2026-06-19,18,28.6,58.7,open-meteo-20yr-avg
10,Kansas City,2026-06-19,19,27.9,63.2,open-meteo-20yr-avg
10,Kansas City,2026-06-19,20,26.9,67.8,open-meteo-20yr-avg
10,Kansas City,2026-06-19,21,25.5,72.2,open-meteo-20yr-avg
10,Kansas City,2026-06-19,22,24.9,73.3,open-meteo-20yr-avg
10,Kansas City,2026-06-20,10,26.2,67.3,open-meteo-20yr-avg
10,Kansas City,2026-06-20,11,27.5,63.0,open-meteo-20yr-avg
10,Kansas City,2026-06-20,12,28.8,58.1,open-meteo-20yr-avg
10,Kansas City,2026-06-20,13,29.8,54.6,open-meteo-20yr-avg
10,Kansas City,2026-06-20,14,30.2,53.5,open-meteo-20yr-avg
10,Kansas City,2026-06-20,15,30.5,52.6,open-meteo-20yr-avg
10,Kansas City,2026-06-20,16,30.9,51.2,open-meteo-20yr-avg
10,Kansas City,2026-06-20,17,30.9,50.5,open-meteo-20yr-avg
10,Kansas City,2026-06-20,18,30.7,51.2,open-meteo-20yr-avg
10,Kansas City,2026-06-20,19,29.9,56.4,open-meteo-20yr-avg
10,Kansas City,2026-06-20,20,28.4,62.4,open-meteo-20yr-avg
10,Kansas City,2026-06-20,21,26.9,67.8,open-meteo-20yr-avg
10,Kansas City,2026-06-20,22,26.1,70.0,open-meteo-20yr-avg
10,Kansas City,2026-06-21,10,26.0,66.5,open-meteo-20yr-avg
10,Kansas City,2026-06-21,11,27.2,61.5,open-meteo-20yr-avg
10,Kansas City,2026-06-21,12,28.2,57.5,open-meteo-20yr-avg
10,Kansas City,2026-06-21,13,29.1,54.0,open-meteo-20yr-avg
10,Kansas City,2026-06-21,14,29.2,54.7,open-meteo-20yr-avg
10,Kansas City,2026-06-21,15,29.9,52.4,open-meteo-20yr-avg
10,Kansas City,2026-06-21,16,30.2,50.0,open-meteo-20yr-avg
10,Kansas City,2026-06-21,17,30.4,48.9,open-meteo-20yr-avg
10,Kansas City,2026-06-21,18,30.2,48.7,open-meteo-20yr-avg
10,Kansas City,2026-06-21,19,28.8,56.0,open-meteo-20yr-avg
10,Kansas City,2026-06-21,20,27.6,61.1,open-meteo-20yr-avg
10,Kansas City,2026-06-21,21,26.2,66.0,open-meteo-20yr-avg
10,Kansas City,2026-06-21,22,25.5,67.8,open-meteo-20yr-avg
10,Kansas City,2026-06-22,10,26.0,66.6,open-meteo-20yr-avg
10,Kansas City,2026-06-22,11,27.3,61.6,open-meteo-20yr-avg
10,Kansas City,2026-06-22,12,28.3,57.8,open-meteo-20yr-avg
10,Kansas City,2026-06-22,13,29.3,53.8,open-meteo-20yr-avg
10,Kansas City,2026-06-22,14,29.6,53.9,open-meteo-20yr-avg
10,Kansas City,2026-06-22,15,30.2,51.5,open-meteo-20yr-avg
10,Kansas City,2026-06-22,16,30.4,50.1,open-meteo-20yr-avg
10,Kansas City,2026-06-22,17,30.3,49.4,open-meteo-20yr-avg
10,Kansas City,2026-06-22,18,29.9,50.4,open-meteo-20yr-avg
10,Kansas City,2026-06-22,19,28.8,56.2,open-meteo-20yr-avg
10,Kansas City,2026-06-22,20,27.5,62.3,open-meteo-20yr-avg
10,Kansas City,2026-06-22,21,26.2,66.0,open-meteo-20yr-avg
10,Kansas City,2026-06-22,22,25.2,69.7,open-meteo-20yr-avg
10,Kansas City,2026-06-23,10,25.1,65.9,open-meteo-20yr-avg
10,Kansas City,2026-06-23,11,26.4,60.5,open-meteo-20yr-avg
10,Kansas City,2026-06-23,12,27.3,56.6,open-meteo-20yr-avg
10,Kansas City,2026-06-23,13,28.2,53.0,open-meteo-20yr-avg
10,Kansas City,2026-06-23,14,28.5,51.5,open-meteo-20yr-avg
10,Kansas City,2026-06-23,15,29.1,49.4,open-meteo-20yr-avg
10,Kansas City,2026-06-23,16,29.5,47.9,open-meteo-20yr-avg
10,Kansas City,2026-06-23,17,29.5,47.8,open-meteo-20yr-avg
10,Kansas City,2026-06-23,18,29.0,49.0,open-meteo-20yr-avg
10,Kansas City,2026-06-23,19,28.2,54.2,open-meteo-20yr-avg
10,Kansas City,2026-06-23,20,27.1,60.1,open-meteo-20yr-avg
10,Kansas City,2026-06-23,21,25.6,64.5,open-meteo-20yr-avg
10,Kansas City,2026-06-23,22,24.5,67.6,open-meteo-20yr-avg
10,Kansas City,2026-06-24,10,25.5,66.2,open-meteo-20yr-avg
10,Kansas City,2026-06-24,11,26.9,60.4,open-meteo-20yr-avg
10,Kansas City,2026-06-24,12,28.0,57.0,open-meteo-20yr-avg
10,Kansas City,2026-06-24,13,29.1,53.6,open-meteo-20yr-avg
10,Kansas City,2026-06-24,14,29.7,51.9,open-meteo-20yr-avg
10,Kansas City,2026-06-24,15,30.4,49.1,open-meteo-20yr-avg
10,Kansas City,2026-06-24,16,30.7,48.5,open-meteo-20yr-avg
10,Kansas City,2026-06-24,17,30.7,48.6,open-meteo-20yr-avg
10,Kansas City,2026-06-24,18,30.2,50.6,open-meteo-20yr-avg
10,Kansas City,2026-06-24,19,29.0,55.4,open-meteo-20yr-avg
10,Kansas City,2026-06-24,20,27.7,60.8,open-meteo-20yr-avg
10,Kansas City,2026-06-24,21,26.3,65.0,open-meteo-20yr-avg
10,Kansas City,2026-06-24,22,25.4,68.0,open-meteo-20yr-avg
10,Kansas City,2026-06-25,10,26.8,64.6,open-meteo-20yr-avg
10,Kansas City,2026-06-25,11,28.3,58.9,open-meteo-20yr-avg
10,Kansas City,2026-06-25,12,29.5,55.3,open-meteo-20yr-avg
10,Kansas City,2026-06-25,13,30.2,52.0,open-meteo-20yr-avg
10,Kansas City,2026-06-25,14,30.4,52.6,open-meteo-20yr-avg
10,Kansas City,2026-06-25,15,30.9,50.6,open-meteo-20yr-avg
10,Kansas City,2026-06-25,16,31.1,50.1,open-meteo-20yr-avg
10,Kansas City,2026-06-25,17,30.8,50.7,open-meteo-20yr-avg
10,Kansas City,2026-06-25,18,30.2,53.1,open-meteo-20yr-avg
10,Kansas City,2026-06-25,19,28.9,59.6,open-meteo-20yr-avg
10,Kansas City,2026-06-25,20,27.5,65.3,open-meteo-20yr-avg
10,Kansas City,2026-06-25,21,26.3,68.0,open-meteo-20yr-avg
10,Kansas City,2026-06-25,22,25.4,71.2,open-meteo-20yr-avg
10,Kansas City,2026-06-26,10,25.2,69.2,open-meteo-20yr-avg
10,Kansas City,2026-06-26,11,26.3,65.0,open-meteo-20yr-avg
10,Kansas City,2026-06-26,12,27.4,61.0,open-meteo-20yr-avg
10,Kansas City,2026-06-26,13,28.4,56.9,open-meteo-20yr-avg
10,Kansas City,2026-06-26,14,29.1,55.3,open-meteo-20yr-avg
10,Kansas City,2026-06-26,15,29.6,52.9,open-meteo-20yr-avg
10,Kansas City,2026-06-26,16,30.0,50.9,open-meteo-20yr-avg
10,Kansas City,2026-06-26,17,30.0,50.8,open-meteo-20yr-avg
10,Kansas City,2026-06-26,18,29.5,52.4,open-meteo-20yr-avg
10,Kansas City,2026-06-26,19,28.3,58.3,open-meteo-20yr-avg
10,Kansas City,2026-06-26,20,27.2,64.0,open-meteo-20yr-avg
10,Kansas City,2026-06-26,21,25.8,68.7,open-meteo-20yr-avg
10,Kansas City,2026-06-26,22,24.8,72.3,open-meteo-20yr-avg
10,Kansas City,2026-06-27,10,25.9,66.5,open-meteo-20yr-avg
10,Kansas City,2026-06-27,11,27.3,61.5,open-meteo-20yr-avg
10,Kansas City,2026-06-27,12,28.4,57.9,open-meteo-20yr-avg
10,Kansas City,2026-06-27,13,29.4,54.0,open-meteo-20yr-avg
10,Kansas City,2026-06-27,14,29.9,52.0,open-meteo-20yr-avg
10,Kansas City,2026-06-27,15,30.1,51.4,open-meteo-20yr-avg
10,Kansas City,2026-06-27,16,30.3,51.1,open-meteo-20yr-avg
10,Kansas City,2026-06-27,17,30.0,52.7,open-meteo-20yr-avg
10,Kansas City,2026-06-27,18,29.7,53.8,open-meteo-20yr-avg
10,Kansas City,2026-06-27,19,28.5,59.3,open-meteo-20yr-avg
10,Kansas City,2026-06-27,20,27.2,65.0,open-meteo-20yr-avg
10,Kansas City,2026-06-27,21,25.8,68.3,open-meteo-20yr-avg
10,Kansas City,2026-06-27,22,25.0,70.9,open-meteo-20yr-avg
11,Los Angeles,2026-06-11,10,21.0,57.5,open-meteo-20yr-avg
11,Los Angeles,2026-06-11,11,22.9,51.0,open-meteo-20yr-avg
11,Los Angeles,2026-06-11,12,23.7,49.2,open-meteo-20yr-avg
11,Los Angeles,2026-06-11,13,24.3,47.1,open-meteo-20yr-avg
11,Los Angeles,2026-06-11,14,24.5,46.0,open-meteo-20yr-avg
11,Los Angeles,2026-06-11,15,24.3,46.5,open-meteo-20yr-avg
11,Los Angeles,2026-06-11,16,23.9,47.4,open-meteo-20yr-avg
11,Los Angeles,2026-06-11,17,22.9,50.5,open-meteo-20yr-avg
11,Los Angeles,2026-06-11,18,21.9,53.9,open-meteo-20yr-avg
11,Los Angeles,2026-06-11,19,20.4,59.9,open-meteo-20yr-avg
11,Los Angeles,2026-06-11,20,18.8,67.5,open-meteo-20yr-avg
11,Los Angeles,2026-06-11,21,17.9,73.0,open-meteo-20yr-avg
11,Los Angeles,2026-06-11,22,17.3,76.5,open-meteo-20yr-avg
11,Los Angeles,2026-06-12,10,20.7,58.3,open-meteo-20yr-avg
11,Los Angeles,2026-06-12,11,22.4,52.5,open-meteo-20yr-avg
11,Los Angeles,2026-06-12,12,23.2,50.8,open-meteo-20yr-avg
11,Los Angeles,2026-06-12,13,24.0,48.3,open-meteo-20yr-avg
11,Los Angeles,2026-06-12,14,24.2,47.1,open-meteo-20yr-avg
11,Los Angeles,2026-06-12,15,24.1,46.8,open-meteo-20yr-avg
11,Los Angeles,2026-06-12,16,23.7,47.8,open-meteo-20yr-avg
11,Los Angeles,2026-06-12,17,22.9,51.0,open-meteo-20yr-avg
11,Los Angeles,2026-06-12,18,21.9,55.1,open-meteo-20yr-avg
11,Los Angeles,2026-06-12,19,20.5,60.9,open-meteo-20yr-avg
11,Los Angeles,2026-06-12,20,18.9,68.2,open-meteo-20yr-avg
11,Los Angeles,2026-06-12,21,18.0,73.9,open-meteo-20yr-avg
11,Los Angeles,2026-06-12,22,17.4,77.4,open-meteo-20yr-avg
11,Los Angeles,2026-06-13,10,21.1,57.9,open-meteo-20yr-avg
11,Los Angeles,2026-06-13,11,23.2,50.6,open-meteo-20yr-avg
11,Los Angeles,2026-06-13,12,24.0,49.0,open-meteo-20yr-avg
11,Los Angeles,2026-06-13,13,24.7,47.5,open-meteo-20yr-avg
11,Los Angeles,2026-06-13,14,24.9,46.1,open-meteo-20yr-avg
11,Los Angeles,2026-06-13,15,24.8,45.3,open-meteo-20yr-avg
11,Los Angeles,2026-06-13,16,24.5,45.9,open-meteo-20yr-avg
11,Los Angeles,2026-06-13,17,23.7,48.5,open-meteo-20yr-avg
11,Los Angeles,2026-06-13,18,22.7,52.0,open-meteo-20yr-avg
11,Los Angeles,2026-06-13,19,21.2,58.8,open-meteo-20yr-avg
11,Los Angeles,2026-06-13,20,19.5,66.8,open-meteo-20yr-avg
11,Los Angeles,2026-06-13,21,18.4,73.0,open-meteo-20yr-avg
11,Los Angeles,2026-06-13,22,17.7,76.7,open-meteo-20yr-avg
11,Los Angeles,2026-06-14,10,22.2,53.8,open-meteo-20yr-avg
11,Los Angeles,2026-06-14,11,24.1,47.7,open-meteo-20yr-avg
11,Los Angeles,2026-06-14,12,24.9,45.9,open-meteo-20yr-avg
11,Los Angeles,2026-06-14,13,25.6,44.5,open-meteo-20yr-avg
11,Los Angeles,2026-06-14,14,25.9,43.3,open-meteo-20yr-avg
11,Los Angeles,2026-06-14,15,25.8,42.9,open-meteo-20yr-avg
11,Los Angeles,2026-06-14,16,25.5,44.0,open-meteo-20yr-avg
11,Los Angeles,2026-06-14,17,24.6,46.5,open-meteo-20yr-avg
11,Los Angeles,2026-06-14,18,23.5,50.8,open-meteo-20yr-avg
11,Los Angeles,2026-06-14,19,21.9,57.5,open-meteo-20yr-avg
11,Los Angeles,2026-06-14,20,20.2,65.2,open-meteo-20yr-avg
11,Los Angeles,2026-06-14,21,19.1,70.7,open-meteo-20yr-avg
11,Los Angeles,2026-06-14,22,18.4,74.2,open-meteo-20yr-avg
11,Los Angeles,2026-06-15,10,21.9,56.3,open-meteo-20yr-avg
11,Los Angeles,2026-06-15,11,23.8,49.5,open-meteo-20yr-avg
11,Los Angeles,2026-06-15,12,24.7,47.4,open-meteo-20yr-avg
11,Los Angeles,2026-06-15,13,25.4,45.3,open-meteo-20yr-avg
11,Los Angeles,2026-06-15,14,25.6,44.1,open-meteo-20yr-avg
11,Los Angeles,2026-06-15,15,25.5,44.4,open-meteo-20yr-avg
11,Los Angeles,2026-06-15,16,24.8,46.0,open-meteo-20yr-avg
11,Los Angeles,2026-06-15,17,23.9,49.5,open-meteo-20yr-avg
11,Los Angeles,2026-06-15,18,22.9,53.0,open-meteo-20yr-avg
11,Los Angeles,2026-06-15,19,21.5,57.7,open-meteo-20yr-avg
11,Los Angeles,2026-06-15,20,20.0,64.4,open-meteo-20yr-avg
11,Los Angeles,2026-06-15,21,18.9,69.8,open-meteo-20yr-avg
11,Los Angeles,2026-06-15,22,18.1,73.4,open-meteo-20yr-avg
11,Los Angeles,2026-06-16,10,22.1,54.9,open-meteo-20yr-avg
11,Los Angeles,2026-06-16,11,24.0,48.2,open-meteo-20yr-avg
11,Los Angeles,2026-06-16,12,25.0,45.9,open-meteo-20yr-avg
11,Los Angeles,2026-06-16,13,25.8,44.0,open-meteo-20yr-avg
11,Los Angeles,2026-06-16,14,26.1,42.8,open-meteo-20yr-avg
11,Los Angeles,2026-06-16,15,25.8,43.2,open-meteo-20yr-avg
11,Los Angeles,2026-06-16,16,25.3,45.0,open-meteo-20yr-avg
11,Los Angeles,2026-06-16,17,24.4,48.5,open-meteo-20yr-avg
11,Los Angeles,2026-06-16,18,23.4,51.5,open-meteo-20yr-avg
11,Los Angeles,2026-06-16,19,22.0,57.0,open-meteo-20yr-avg
11,Los Angeles,2026-06-16,20,20.5,63.0,open-meteo-20yr-avg
11,Los Angeles,2026-06-16,21,19.4,68.3,open-meteo-20yr-avg
11,Los Angeles,2026-06-16,22,18.7,72.2,open-meteo-20yr-avg
11,Los Angeles,2026-06-17,10,22.5,52.6,open-meteo-20yr-avg
11,Los Angeles,2026-06-17,11,24.3,47.2,open-meteo-20yr-avg
11,Los Angeles,2026-06-17,12,25.0,46.0,open-meteo-20yr-avg
11,Los Angeles,2026-06-17,13,25.7,44.5,open-meteo-20yr-avg
11,Los Angeles,2026-06-17,14,25.9,43.8,open-meteo-20yr-avg
11,Los Angeles,2026-06-17,15,25.9,43.5,open-meteo-20yr-avg
11,Los Angeles,2026-06-17,16,25.5,44.3,open-meteo-20yr-avg
11,Los Angeles,2026-06-17,17,24.5,48.1,open-meteo-20yr-avg
11,Los Angeles,2026-06-17,18,23.5,51.2,open-meteo-20yr-avg
11,Los Angeles,2026-06-17,19,22.1,56.0,open-meteo-20yr-avg
11,Los Angeles,2026-06-17,20,20.5,62.7,open-meteo-20yr-avg
11,Los Angeles,2026-06-17,21,19.4,68.1,open-meteo-20yr-avg
11,Los Angeles,2026-06-17,22,18.6,72.2,open-meteo-20yr-avg
11,Los Angeles,2026-06-18,10,22.2,53.8,open-meteo-20yr-avg
11,Los Angeles,2026-06-18,11,24.3,46.5,open-meteo-20yr-avg
11,Los Angeles,2026-06-18,12,25.4,43.9,open-meteo-20yr-avg
11,Los Angeles,2026-06-18,13,26.1,42.3,open-meteo-20yr-avg
11,Los Angeles,2026-06-18,14,26.4,41.2,open-meteo-20yr-avg
11,Los Angeles,2026-06-18,15,26.0,42.3,open-meteo-20yr-avg
11,Los Angeles,2026-06-18,16,25.5,43.6,open-meteo-20yr-avg
11,Los Angeles,2026-06-18,17,24.6,46.9,open-meteo-20yr-avg
11,Los Angeles,2026-06-18,18,23.7,50.2,open-meteo-20yr-avg
11,Los Angeles,2026-06-18,19,22.4,55.0,open-meteo-20yr-avg
11,Los Angeles,2026-06-18,20,20.7,62.2,open-meteo-20yr-avg
11,Los Angeles,2026-06-18,21,19.6,67.9,open-meteo-20yr-avg
11,Los Angeles,2026-06-18,22,18.9,71.3,open-meteo-20yr-avg
11,Los Angeles,2026-06-19,10,23.1,50.2,open-meteo-20yr-avg
11,Los Angeles,2026-06-19,11,24.9,45.0,open-meteo-20yr-avg
11,Los Angeles,2026-06-19,12,25.7,43.4,open-meteo-20yr-avg
11,Los Angeles,2026-06-19,13,26.6,41.1,open-meteo-20yr-avg
11,Los Angeles,2026-06-19,14,26.8,40.6,open-meteo-20yr-avg
11,Los Angeles,2026-06-19,15,26.7,41.1,open-meteo-20yr-avg
11,Los Angeles,2026-06-19,16,26.3,42.2,open-meteo-20yr-avg
11,Los Angeles,2026-06-19,17,25.4,45.7,open-meteo-20yr-avg
11,Los Angeles,2026-06-19,18,24.3,49.4,open-meteo-20yr-avg
11,Los Angeles,2026-06-19,19,22.9,54.4,open-meteo-20yr-avg
11,Los Angeles,2026-06-19,20,21.4,60.6,open-meteo-20yr-avg
11,Los Angeles,2026-06-19,21,20.2,65.8,open-meteo-20yr-avg
11,Los Angeles,2026-06-19,22,19.5,69.4,open-meteo-20yr-avg
11,Los Angeles,2026-06-20,10,23.9,49.2,open-meteo-20yr-avg
11,Los Angeles,2026-06-20,11,26.0,42.8,open-meteo-20yr-avg
11,Los Angeles,2026-06-20,12,26.7,42.0,open-meteo-20yr-avg
11,Los Angeles,2026-06-20,13,27.5,40.0,open-meteo-20yr-avg
11,Los Angeles,2026-06-20,14,27.7,39.8,open-meteo-20yr-avg
11,Los Angeles,2026-06-20,15,27.6,40.3,open-meteo-20yr-avg
11,Los Angeles,2026-06-20,16,27.2,41.0,open-meteo-20yr-avg
11,Los Angeles,2026-06-20,17,26.4,43.3,open-meteo-20yr-avg
11,Los Angeles,2026-06-20,18,25.4,46.6,open-meteo-20yr-avg
11,Los Angeles,2026-06-20,19,23.9,51.8,open-meteo-20yr-avg
11,Los Angeles,2026-06-20,20,22.2,58.5,open-meteo-20yr-avg
11,Los Angeles,2026-06-20,21,20.9,64.0,open-meteo-20yr-avg
11,Los Angeles,2026-06-20,22,20.2,67.3,open-meteo-20yr-avg
11,Los Angeles,2026-06-21,10,23.4,52.1,open-meteo-20yr-avg
11,Los Angeles,2026-06-21,11,25.5,45.3,open-meteo-20yr-avg
11,Los Angeles,2026-06-21,12,26.1,44.6,open-meteo-20yr-avg
11,Los Angeles,2026-06-21,13,26.9,42.5,open-meteo-20yr-avg
11,Los Angeles,2026-06-21,14,27.2,41.0,open-meteo-20yr-avg
11,Los Angeles,2026-06-21,15,27.0,41.7,open-meteo-20yr-avg
11,Los Angeles,2026-06-21,16,26.6,42.8,open-meteo-20yr-avg
11,Los Angeles,2026-06-21,17,25.6,45.8,open-meteo-20yr-avg
11,Los Angeles,2026-06-21,18,24.6,48.2,open-meteo-20yr-avg
11,Los Angeles,2026-06-21,19,23.1,53.3,open-meteo-20yr-avg
11,Los Angeles,2026-06-21,20,21.4,61.0,open-meteo-20yr-avg
11,Los Angeles,2026-06-21,21,20.2,67.5,open-meteo-20yr-avg
11,Los Angeles,2026-06-21,22,19.5,71.3,open-meteo-20yr-avg
11,Los Angeles,2026-06-22,10,23.2,54.0,open-meteo-20yr-avg
11,Los Angeles,2026-06-22,11,25.2,47.2,open-meteo-20yr-avg
11,Los Angeles,2026-06-22,12,26.1,45.0,open-meteo-20yr-avg
11,Los Angeles,2026-06-22,13,26.9,43.0,open-meteo-20yr-avg
11,Los Angeles,2026-06-22,14,27.1,42.3,open-meteo-20yr-avg
11,Los Angeles,2026-06-22,15,26.8,42.8,open-meteo-20yr-avg
11,Los Angeles,2026-06-22,16,26.4,43.7,open-meteo-20yr-avg
11,Los Angeles,2026-06-22,17,25.8,45.1,open-meteo-20yr-avg
11,Los Angeles,2026-06-22,18,24.6,49.0,open-meteo-20yr-avg
11,Los Angeles,2026-06-22,19,22.8,55.8,open-meteo-20yr-avg
11,Los Angeles,2026-06-22,20,21.0,63.4,open-meteo-20yr-avg
11,Los Angeles,2026-06-22,21,19.9,68.8,open-meteo-20yr-avg
11,Los Angeles,2026-06-22,22,19.2,72.2,open-meteo-20yr-avg
11,Los Angeles,2026-06-23,10,22.9,54.4,open-meteo-20yr-avg
11,Los Angeles,2026-06-23,11,24.5,49.0,open-meteo-20yr-avg
11,Los Angeles,2026-06-23,12,25.1,47.4,open-meteo-20yr-avg
11,Los Angeles,2026-06-23,13,25.8,45.5,open-meteo-20yr-avg
11,Los Angeles,2026-06-23,14,26.2,43.8,open-meteo-20yr-avg
11,Los Angeles,2026-06-23,15,26.1,44.0,open-meteo-20yr-avg
11,Los Angeles,2026-06-23,16,25.6,44.9,open-meteo-20yr-avg
11,Los Angeles,2026-06-23,17,24.7,48.7,open-meteo-20yr-avg
11,Los Angeles,2026-06-23,18,23.8,51.2,open-meteo-20yr-avg
11,Los Angeles,2026-06-23,19,22.3,57.0,open-meteo-20yr-avg
11,Los Angeles,2026-06-23,20,20.7,64.0,open-meteo-20yr-avg
11,Los Angeles,2026-06-23,21,19.5,70.0,open-meteo-20yr-avg
11,Los Angeles,2026-06-23,22,18.9,73.6,open-meteo-20yr-avg
11,Los Angeles,2026-06-24,10,22.6,54.8,open-meteo-20yr-avg
11,Los Angeles,2026-06-24,11,24.6,48.0,open-meteo-20yr-avg
11,Los Angeles,2026-06-24,12,25.4,46.6,open-meteo-20yr-avg
11,Los Angeles,2026-06-24,13,26.0,44.4,open-meteo-20yr-avg
11,Los Angeles,2026-06-24,14,26.2,43.5,open-meteo-20yr-avg
11,Los Angeles,2026-06-24,15,26.1,43.4,open-meteo-20yr-avg
11,Los Angeles,2026-06-24,16,25.6,44.5,open-meteo-20yr-avg
11,Los Angeles,2026-06-24,17,24.5,48.6,open-meteo-20yr-avg
11,Los Angeles,2026-06-24,18,23.5,52.3,open-meteo-20yr-avg
11,Los Angeles,2026-06-24,19,22.2,57.8,open-meteo-20yr-avg
11,Los Angeles,2026-06-24,20,20.7,64.8,open-meteo-20yr-avg
11,Los Angeles,2026-06-24,21,19.7,70.2,open-meteo-20yr-avg
11,Los Angeles,2026-06-24,22,19.0,73.9,open-meteo-20yr-avg
11,Los Angeles,2026-06-25,10,22.6,54.4,open-meteo-20yr-avg
11,Los Angeles,2026-06-25,11,24.6,48.1,open-meteo-20yr-avg
11,Los Angeles,2026-06-25,12,25.2,47.5,open-meteo-20yr-avg
11,Los Angeles,2026-06-25,13,25.7,45.5,open-meteo-20yr-avg
11,Los Angeles,2026-06-25,14,26.0,44.9,open-meteo-20yr-avg
11,Los Angeles,2026-06-25,15,26.0,44.4,open-meteo-20yr-avg
11,Los Angeles,2026-06-25,16,25.8,44.9,open-meteo-20yr-avg
11,Los Angeles,2026-06-25,17,25.0,47.9,open-meteo-20yr-avg
11,Los Angeles,2026-06-25,18,24.0,50.9,open-meteo-20yr-avg
11,Los Angeles,2026-06-25,19,22.6,56.9,open-meteo-20yr-avg
11,Los Angeles,2026-06-25,20,21.0,64.3,open-meteo-20yr-avg
11,Los Angeles,2026-06-25,21,20.0,69.5,open-meteo-20yr-avg
11,Los Angeles,2026-06-25,22,19.4,73.0,open-meteo-20yr-avg
11,Los Angeles,2026-06-26,10,23.2,53.5,open-meteo-20yr-avg
11,Los Angeles,2026-06-26,11,25.3,46.5,open-meteo-20yr-avg
11,Los Angeles,2026-06-26,12,26.3,44.3,open-meteo-20yr-avg
11,Los Angeles,2026-06-26,13,27.0,42.2,open-meteo-20yr-avg
11,Los Angeles,2026-06-26,14,27.0,41.0,open-meteo-20yr-avg
11,Los Angeles,2026-06-26,15,26.8,41.5,open-meteo-20yr-avg
11,Los Angeles,2026-06-26,16,26.5,42.2,open-meteo-20yr-avg
11,Los Angeles,2026-06-26,17,25.5,45.9,open-meteo-20yr-avg
11,Los Angeles,2026-06-26,18,24.4,49.8,open-meteo-20yr-avg
11,Los Angeles,2026-06-26,19,23.1,55.2,open-meteo-20yr-avg
11,Los Angeles,2026-06-26,20,21.5,62.5,open-meteo-20yr-avg
11,Los Angeles,2026-06-26,21,20.4,68.0,open-meteo-20yr-avg
11,Los Angeles,2026-06-26,22,19.7,71.7,open-meteo-20yr-avg
11,Los Angeles,2026-06-27,10,23.9,51.5,open-meteo-20yr-avg
11,Los Angeles,2026-06-27,11,25.9,45.3,open-meteo-20yr-avg
11,Los Angeles,2026-06-27,12,27.0,43.0,open-meteo-20yr-avg
11,Los Angeles,2026-06-27,13,27.5,41.9,open-meteo-20yr-avg
11,Los Angeles,2026-06-27,14,27.7,41.0,open-meteo-20yr-avg
11,Los Angeles,2026-06-27,15,27.3,42.0,open-meteo-20yr-avg
11,Los Angeles,2026-06-27,16,26.7,44.0,open-meteo-20yr-avg
11,Los Angeles,2026-06-27,17,26.0,45.6,open-meteo-20yr-avg
11,Los Angeles,2026-06-27,18,24.7,50.0,open-meteo-20yr-avg
11,Los Angeles,2026-06-27,19,23.2,55.7,open-meteo-20yr-avg
11,Los Angeles,2026-06-27,20,21.7,63.0,open-meteo-20yr-avg
11,Los Angeles,2026-06-27,21,20.5,68.7,open-meteo-20yr-avg
11,Los Angeles,2026-06-27,22,19.8,72.0,open-meteo-20yr-avg
12,Miami,2026-06-11,10,27.4,78.8,open-meteo-20yr-avg
12,Miami,2026-06-11,11,28.1,74.9,open-meteo-20yr-avg
12,Miami,2026-06-11,12,28.8,71.9,open-meteo-20yr-avg
12,Miami,2026-06-11,13,29.1,70.8,open-meteo-20yr-avg
12,Miami,2026-06-11,14,28.9,71.5,open-meteo-20yr-avg
12,Miami,2026-06-11,15,28.9,72.5,open-meteo-20yr-avg
12,Miami,2026-06-11,16,28.7,73.0,open-meteo-20yr-avg
12,Miami,2026-06-11,17,28.2,74.3,open-meteo-20yr-avg
12,Miami,2026-06-11,18,27.7,75.8,open-meteo-20yr-avg
12,Miami,2026-06-11,19,27.2,77.8,open-meteo-20yr-avg
12,Miami,2026-06-11,20,26.6,82.3,open-meteo-20yr-avg
12,Miami,2026-06-11,21,26.1,84.8,open-meteo-20yr-avg
12,Miami,2026-06-11,22,25.7,86.3,open-meteo-20yr-avg
12,Miami,2026-06-12,10,27.7,75.7,open-meteo-20yr-avg
12,Miami,2026-06-12,11,28.4,72.6,open-meteo-20yr-avg
12,Miami,2026-06-12,12,28.9,70.3,open-meteo-20yr-avg
12,Miami,2026-06-12,13,29.1,69.4,open-meteo-20yr-avg
12,Miami,2026-06-12,14,29.1,69.4,open-meteo-20yr-avg
12,Miami,2026-06-12,15,29.4,68.4,open-meteo-20yr-avg
12,Miami,2026-06-12,16,28.5,72.2,open-meteo-20yr-avg
12,Miami,2026-06-12,17,28.0,74.5,open-meteo-20yr-avg
12,Miami,2026-06-12,18,27.4,77.7,open-meteo-20yr-avg
12,Miami,2026-06-12,19,26.7,80.1,open-meteo-20yr-avg
12,Miami,2026-06-12,20,26.1,84.0,open-meteo-20yr-avg
12,Miami,2026-06-12,21,25.7,85.2,open-meteo-20yr-avg
12,Miami,2026-06-12,22,25.6,85.7,open-meteo-20yr-avg
12,Miami,2026-06-13,10,27.9,74.3,open-meteo-20yr-avg
12,Miami,2026-06-13,11,28.7,71.2,open-meteo-20yr-avg
12,Miami,2026-06-13,12,29.1,69.3,open-meteo-20yr-avg
12,Miami,2026-06-13,13,29.4,69.0,open-meteo-20yr-avg
12,Miami,2026-06-13,14,29.5,68.7,open-meteo-20yr-avg
12,Miami,2026-06-13,15,29.3,68.2,open-meteo-20yr-avg
12,Miami,2026-06-13,16,29.1,69.8,open-meteo-20yr-avg
12,Miami,2026-06-13,17,28.8,71.2,open-meteo-20yr-avg
12,Miami,2026-06-13,18,28.1,74.0,open-meteo-20yr-avg
12,Miami,2026-06-13,19,27.7,76.0,open-meteo-20yr-avg
12,Miami,2026-06-13,20,27.1,81.1,open-meteo-20yr-avg
12,Miami,2026-06-13,21,26.5,83.3,open-meteo-20yr-avg
12,Miami,2026-06-13,22,26.1,86.0,open-meteo-20yr-avg
12,Miami,2026-06-14,10,27.4,78.4,open-meteo-20yr-avg
12,Miami,2026-06-14,11,28.1,75.0,open-meteo-20yr-avg
12,Miami,2026-06-14,12,28.8,72.5,open-meteo-20yr-avg
12,Miami,2026-06-14,13,29.1,71.5,open-meteo-20yr-avg
12,Miami,2026-06-14,14,28.9,72.7,open-meteo-20yr-avg
12,Miami,2026-06-14,15,29.2,71.2,open-meteo-20yr-avg
12,Miami,2026-06-14,16,28.8,73.0,open-meteo-20yr-avg
12,Miami,2026-06-14,17,28.5,74.6,open-meteo-20yr-avg
12,Miami,2026-06-14,18,28.1,75.8,open-meteo-20yr-avg
12,Miami,2026-06-14,19,27.7,77.7,open-meteo-20yr-avg
12,Miami,2026-06-14,20,27.0,80.8,open-meteo-20yr-avg
12,Miami,2026-06-14,21,26.2,84.3,open-meteo-20yr-avg
12,Miami,2026-06-14,22,25.9,85.9,open-meteo-20yr-avg
12,Miami,2026-06-15,10,28.1,76.3,open-meteo-20yr-avg
12,Miami,2026-06-15,11,28.9,72.2,open-meteo-20yr-avg
12,Miami,2026-06-15,12,29.4,69.5,open-meteo-20yr-avg
12,Miami,2026-06-15,13,29.4,69.9,open-meteo-20yr-avg
12,Miami,2026-06-15,14,29.4,69.7,open-meteo-20yr-avg
12,Miami,2026-06-15,15,29.6,69.8,open-meteo-20yr-avg
12,Miami,2026-06-15,16,29.1,71.5,open-meteo-20yr-avg
12,Miami,2026-06-15,17,28.7,72.9,open-meteo-20yr-avg
12,Miami,2026-06-15,18,28.2,75.0,open-meteo-20yr-avg
12,Miami,2026-06-15,19,27.9,76.6,open-meteo-20yr-avg
12,Miami,2026-06-15,20,27.1,80.5,open-meteo-20yr-avg
12,Miami,2026-06-15,21,26.6,82.8,open-meteo-20yr-avg
12,Miami,2026-06-15,22,26.2,84.6,open-meteo-20yr-avg
12,Miami,2026-06-16,10,28.1,75.9,open-meteo-20yr-avg
12,Miami,2026-06-16,11,28.9,71.7,open-meteo-20yr-avg
12,Miami,2026-06-16,12,29.2,70.2,open-meteo-20yr-avg
12,Miami,2026-06-16,13,29.5,68.9,open-meteo-20yr-avg
12,Miami,2026-06-16,14,29.4,69.2,open-meteo-20yr-avg
12,Miami,2026-06-16,15,29.6,67.4,open-meteo-20yr-avg
12,Miami,2026-06-16,16,29.1,70.0,open-meteo-20yr-avg
12,Miami,2026-06-16,17,28.7,71.5,open-meteo-20yr-avg
12,Miami,2026-06-16,18,28.3,73.6,open-meteo-20yr-avg
12,Miami,2026-06-16,19,27.3,78.6,open-meteo-20yr-avg
12,Miami,2026-06-16,20,26.8,80.7,open-meteo-20yr-avg
12,Miami,2026-06-16,21,26.0,84.0,open-meteo-20yr-avg
12,Miami,2026-06-16,22,25.6,86.7,open-meteo-20yr-avg
12,Miami,2026-06-17,10,27.6,76.8,open-meteo-20yr-avg
12,Miami,2026-06-17,11,28.4,73.5,open-meteo-20yr-avg
12,Miami,2026-06-17,12,28.8,72.4,open-meteo-20yr-avg
12,Miami,2026-06-17,13,28.6,72.2,open-meteo-20yr-avg
12,Miami,2026-06-17,14,28.7,71.8,open-meteo-20yr-avg
12,Miami,2026-06-17,15,28.9,71.8,open-meteo-20yr-avg
12,Miami,2026-06-17,16,28.8,71.7,open-meteo-20yr-avg
12,Miami,2026-06-17,17,28.4,73.2,open-meteo-20yr-avg
12,Miami,2026-06-17,18,27.9,74.5,open-meteo-20yr-avg
12,Miami,2026-06-17,19,27.4,77.5,open-meteo-20yr-avg
12,Miami,2026-06-17,20,26.6,82.0,open-meteo-20yr-avg
12,Miami,2026-06-17,21,26.1,83.8,open-meteo-20yr-avg
12,Miami,2026-06-17,22,25.8,85.4,open-meteo-20yr-avg
12,Miami,2026-06-18,10,28.0,75.2,open-meteo-20yr-avg
12,Miami,2026-06-18,11,28.9,70.7,open-meteo-20yr-avg
12,Miami,2026-06-18,12,29.3,68.5,open-meteo-20yr-avg
12,Miami,2026-06-18,13,29.4,68.5,open-meteo-20yr-avg
12,Miami,2026-06-18,14,29.5,69.1,open-meteo-20yr-avg
12,Miami,2026-06-18,15,29.3,69.8,open-meteo-20yr-avg
12,Miami,2026-06-18,16,28.7,72.5,open-meteo-20yr-avg
12,Miami,2026-06-18,17,28.1,74.4,open-meteo-20yr-avg
12,Miami,2026-06-18,18,27.5,76.7,open-meteo-20yr-avg
12,Miami,2026-06-18,19,27.3,77.5,open-meteo-20yr-avg
12,Miami,2026-06-18,20,26.5,82.0,open-meteo-20yr-avg
12,Miami,2026-06-18,21,26.2,83.7,open-meteo-20yr-avg
12,Miami,2026-06-18,22,25.8,85.4,open-meteo-20yr-avg
12,Miami,2026-06-19,10,27.8,76.3,open-meteo-20yr-avg
12,Miami,2026-06-19,11,28.4,74.1,open-meteo-20yr-avg
12,Miami,2026-06-19,12,29.0,71.8,open-meteo-20yr-avg
12,Miami,2026-06-19,13,29.3,70.6,open-meteo-20yr-avg
12,Miami,2026-06-19,14,29.0,71.5,open-meteo-20yr-avg
12,Miami,2026-06-19,15,29.0,71.1,open-meteo-20yr-avg
12,Miami,2026-06-19,16,28.5,73.1,open-meteo-20yr-avg
12,Miami,2026-06-19,17,28.4,73.4,open-meteo-20yr-avg
12,Miami,2026-06-19,18,28.2,74.3,open-meteo-20yr-avg
12,Miami,2026-06-19,19,27.7,76.8,open-meteo-20yr-avg
12,Miami,2026-06-19,20,26.7,82.0,open-meteo-20yr-avg
12,Miami,2026-06-19,21,26.3,84.3,open-meteo-20yr-avg
12,Miami,2026-06-19,22,26.0,85.5,open-meteo-20yr-avg
12,Miami,2026-06-20,10,27.9,76.5,open-meteo-20yr-avg
12,Miami,2026-06-20,11,28.5,73.5,open-meteo-20yr-avg
12,Miami,2026-06-20,12,29.0,71.5,open-meteo-20yr-avg
12,Miami,2026-06-20,13,29.4,69.7,open-meteo-20yr-avg
12,Miami,2026-06-20,14,29.7,68.8,open-meteo-20yr-avg
12,Miami,2026-06-20,15,29.6,68.1,open-meteo-20yr-avg
12,Miami,2026-06-20,16,29.3,69.2,open-meteo-20yr-avg
12,Miami,2026-06-20,17,28.6,72.3,open-meteo-20yr-avg
12,Miami,2026-06-20,18,28.3,73.3,open-meteo-20yr-avg
12,Miami,2026-06-20,19,27.9,75.2,open-meteo-20yr-avg
12,Miami,2026-06-20,20,26.9,80.2,open-meteo-20yr-avg
12,Miami,2026-06-20,21,26.4,82.3,open-meteo-20yr-avg
12,Miami,2026-06-20,22,26.2,83.2,open-meteo-20yr-avg
12,Miami,2026-06-21,10,28.2,75.7,open-meteo-20yr-avg
12,Miami,2026-06-21,11,28.8,72.0,open-meteo-20yr-avg
12,Miami,2026-06-21,12,29.4,69.6,open-meteo-20yr-avg
12,Miami,2026-06-21,13,29.7,68.5,open-meteo-20yr-avg
12,Miami,2026-06-21,14,29.8,68.2,open-meteo-20yr-avg
12,Miami,2026-06-21,15,29.8,68.0,open-meteo-20yr-avg
12,Miami,2026-06-21,16,29.3,69.8,open-meteo-20yr-avg
12,Miami,2026-06-21,17,29.0,70.6,open-meteo-20yr-avg
12,Miami,2026-06-21,18,28.7,71.9,open-meteo-20yr-avg
12,Miami,2026-06-21,19,28.3,73.5,open-meteo-20yr-avg
12,Miami,2026-06-21,20,27.7,78.3,open-meteo-20yr-avg
12,Miami,2026-06-21,21,26.9,81.5,open-meteo-20yr-avg
12,Miami,2026-06-21,22,26.5,84.2,open-meteo-20yr-avg
12,Miami,2026-06-22,10,28.2,76.3,open-meteo-20yr-avg
12,Miami,2026-06-22,11,28.8,72.5,open-meteo-20yr-avg
12,Miami,2026-06-22,12,29.3,70.3,open-meteo-20yr-avg
12,Miami,2026-06-22,13,29.6,68.7,open-meteo-20yr-avg
12,Miami,2026-06-22,14,29.8,67.5,open-meteo-20yr-avg
12,Miami,2026-06-22,15,29.8,67.0,open-meteo-20yr-avg
12,Miami,2026-06-22,16,29.6,68.1,open-meteo-20yr-avg
12,Miami,2026-06-22,17,29.0,70.6,open-meteo-20yr-avg
12,Miami,2026-06-22,18,28.5,73.0,open-meteo-20yr-avg
12,Miami,2026-06-22,19,27.9,75.5,open-meteo-20yr-avg
12,Miami,2026-06-22,20,27.4,79.7,open-meteo-20yr-avg
12,Miami,2026-06-22,21,26.8,82.5,open-meteo-20yr-avg
12,Miami,2026-06-22,22,26.4,84.0,open-meteo-20yr-avg
12,Miami,2026-06-23,10,28.1,75.3,open-meteo-20yr-avg
12,Miami,2026-06-23,11,28.8,72.0,open-meteo-20yr-avg
12,Miami,2026-06-23,12,29.4,69.0,open-meteo-20yr-avg
12,Miami,2026-06-23,13,29.8,67.4,open-meteo-20yr-avg
12,Miami,2026-06-23,14,29.9,66.8,open-meteo-20yr-avg
12,Miami,2026-06-23,15,30.1,65.3,open-meteo-20yr-avg
12,Miami,2026-06-23,16,29.8,67.3,open-meteo-20yr-avg
12,Miami,2026-06-23,17,29.4,69.2,open-meteo-20yr-avg
12,Miami,2026-06-23,18,28.6,72.2,open-meteo-20yr-avg
12,Miami,2026-06-23,19,28.1,74.7,open-meteo-20yr-avg
12,Miami,2026-06-23,20,27.2,79.3,open-meteo-20yr-avg
12,Miami,2026-06-23,21,26.7,81.5,open-meteo-20yr-avg
12,Miami,2026-06-23,22,26.4,83.6,open-meteo-20yr-avg
12,Miami,2026-06-24,10,28.3,74.7,open-meteo-20yr-avg
12,Miami,2026-06-24,11,28.9,72.7,open-meteo-20yr-avg
12,Miami,2026-06-24,12,29.4,70.5,open-meteo-20yr-avg
12,Miami,2026-06-24,13,29.6,69.6,open-meteo-20yr-avg
12,Miami,2026-06-24,14,29.8,69.2,open-meteo-20yr-avg
12,Miami,2026-06-24,15,30.0,67.7,open-meteo-20yr-avg
12,Miami,2026-06-24,16,29.7,69.0,open-meteo-20yr-avg
12,Miami,2026-06-24,17,29.0,71.9,open-meteo-20yr-avg
12,Miami,2026-06-24,18,28.4,74.3,open-meteo-20yr-avg
12,Miami,2026-06-24,19,27.8,77.1,open-meteo-20yr-avg
12,Miami,2026-06-24,20,27.4,80.0,open-meteo-20yr-avg
12,Miami,2026-06-24,21,26.7,83.3,open-meteo-20yr-avg
12,Miami,2026-06-24,22,26.4,85.2,open-meteo-20yr-avg
12,Miami,2026-06-25,10,28.6,74.4,open-meteo-20yr-avg
12,Miami,2026-06-25,11,29.2,71.7,open-meteo-20yr-avg
12,Miami,2026-06-25,12,29.7,69.8,open-meteo-20yr-avg
12,Miami,2026-06-25,13,30.0,68.8,open-meteo-20yr-avg
12,Miami,2026-06-25,14,29.6,70.0,open-meteo-20yr-avg
12,Miami,2026-06-25,15,29.3,71.0,open-meteo-20yr-avg
12,Miami,2026-06-25,16,28.9,72.8,open-meteo-20yr-avg
12,Miami,2026-06-25,17,28.7,73.5,open-meteo-20yr-avg
12,Miami,2026-06-25,18,28.2,75.0,open-meteo-20yr-avg
12,Miami,2026-06-25,19,27.8,76.8,open-meteo-20yr-avg
12,Miami,2026-06-25,20,27.3,80.0,open-meteo-20yr-avg
12,Miami,2026-06-25,21,26.7,82.8,open-meteo-20yr-avg
12,Miami,2026-06-25,22,26.3,85.2,open-meteo-20yr-avg
12,Miami,2026-06-26,10,28.5,75.0,open-meteo-20yr-avg
12,Miami,2026-06-26,11,29.1,72.2,open-meteo-20yr-avg
12,Miami,2026-06-26,12,29.7,70.0,open-meteo-20yr-avg
12,Miami,2026-06-26,13,29.9,69.5,open-meteo-20yr-avg
12,Miami,2026-06-26,14,29.6,70.7,open-meteo-20yr-avg
12,Miami,2026-06-26,15,29.6,71.2,open-meteo-20yr-avg
12,Miami,2026-06-26,16,29.2,72.1,open-meteo-20yr-avg
12,Miami,2026-06-26,17,28.8,74.0,open-meteo-20yr-avg
12,Miami,2026-06-26,18,27.9,76.2,open-meteo-20yr-avg
12,Miami,2026-06-26,19,27.6,77.2,open-meteo-20yr-avg
12,Miami,2026-06-26,20,27.2,81.6,open-meteo-20yr-avg
12,Miami,2026-06-26,21,26.7,83.8,open-meteo-20yr-avg
12,Miami,2026-06-26,22,26.3,86.4,open-meteo-20yr-avg
12,Miami,2026-06-27,10,28.6,73.7,open-meteo-20yr-avg
12,Miami,2026-06-27,11,29.3,70.5,open-meteo-20yr-avg
12,Miami,2026-06-27,12,29.8,69.0,open-meteo-20yr-avg
12,Miami,2026-06-27,13,29.8,69.1,open-meteo-20yr-avg
12,Miami,2026-06-27,14,30.0,68.3,open-meteo-20yr-avg
12,Miami,2026-06-27,15,29.9,69.5,open-meteo-20yr-avg
12,Miami,2026-06-27,16,29.3,72.4,open-meteo-20yr-avg
12,Miami,2026-06-27,17,28.9,73.5,open-meteo-20yr-avg
12,Miami,2026-06-27,18,28.6,74.2,open-meteo-20yr-avg
12,Miami,2026-06-27,19,28.0,76.7,open-meteo-20yr-avg
12,Miami,2026-06-27,20,27.1,81.3,open-meteo-20yr-avg
12,Miami,2026-06-27,21,26.5,84.7,open-meteo-20yr-avg
12,Miami,2026-06-27,22,26.1,86.3,open-meteo-20yr-avg
13,New York New Jersey,2026-06-11,10,21.7,67.0,open-meteo-20yr-avg
13,New York New Jersey,2026-06-11,11,22.8,62.8,open-meteo-20yr-avg
13,New York New Jersey,2026-06-11,12,23.8,59.0,open-meteo-20yr-avg
13,New York New Jersey,2026-06-11,13,24.3,56.8,open-meteo-20yr-avg
13,New York New Jersey,2026-06-11,14,24.5,57.0,open-meteo-20yr-avg
13,New York New Jersey,2026-06-11,15,24.4,58.4,open-meteo-20yr-avg
13,New York New Jersey,2026-06-11,16,24.2,60.0,open-meteo-20yr-avg
13,New York New Jersey,2026-06-11,17,23.9,61.1,open-meteo-20yr-avg
13,New York New Jersey,2026-06-11,18,23.4,62.5,open-meteo-20yr-avg
13,New York New Jersey,2026-06-11,19,22.6,66.5,open-meteo-20yr-avg
13,New York New Jersey,2026-06-11,20,21.5,73.4,open-meteo-20yr-avg
13,New York New Jersey,2026-06-11,21,20.6,76.8,open-meteo-20yr-avg
13,New York New Jersey,2026-06-11,22,19.9,79.0,open-meteo-20yr-avg
13,New York New Jersey,2026-06-12,10,22.3,66.8,open-meteo-20yr-avg
13,New York New Jersey,2026-06-12,11,23.3,62.2,open-meteo-20yr-avg
13,New York New Jersey,2026-06-12,12,24.1,59.7,open-meteo-20yr-avg
13,New York New Jersey,2026-06-12,13,24.7,57.9,open-meteo-20yr-avg
13,New York New Jersey,2026-06-12,14,25.1,56.0,open-meteo-20yr-avg
13,New York New Jersey,2026-06-12,15,25.2,55.6,open-meteo-20yr-avg
13,New York New Jersey,2026-06-12,16,25.2,56.0,open-meteo-20yr-avg
13,New York New Jersey,2026-06-12,17,24.6,59.6,open-meteo-20yr-avg
13,New York New Jersey,2026-06-12,18,23.9,63.5,open-meteo-20yr-avg
13,New York New Jersey,2026-06-12,19,23.0,67.7,open-meteo-20yr-avg
13,New York New Jersey,2026-06-12,20,21.9,71.7,open-meteo-20yr-avg
13,New York New Jersey,2026-06-12,21,21.0,75.7,open-meteo-20yr-avg
13,New York New Jersey,2026-06-12,22,20.3,79.0,open-meteo-20yr-avg
13,New York New Jersey,2026-06-13,10,21.7,70.5,open-meteo-20yr-avg
13,New York New Jersey,2026-06-13,11,22.6,66.8,open-meteo-20yr-avg
13,New York New Jersey,2026-06-13,12,23.4,63.4,open-meteo-20yr-avg
13,New York New Jersey,2026-06-13,13,24.0,61.0,open-meteo-20yr-avg
13,New York New Jersey,2026-06-13,14,24.4,60.0,open-meteo-20yr-avg
13,New York New Jersey,2026-06-13,15,24.2,60.6,open-meteo-20yr-avg
13,New York New Jersey,2026-06-13,16,24.3,59.6,open-meteo-20yr-avg
13,New York New Jersey,2026-06-13,17,24.1,60.6,open-meteo-20yr-avg
13,New York New Jersey,2026-06-13,18,23.6,62.8,open-meteo-20yr-avg
13,New York New Jersey,2026-06-13,19,22.8,66.7,open-meteo-20yr-avg
13,New York New Jersey,2026-06-13,20,21.8,70.0,open-meteo-20yr-avg
13,New York New Jersey,2026-06-13,21,20.8,73.6,open-meteo-20yr-avg
13,New York New Jersey,2026-06-13,22,20.0,76.0,open-meteo-20yr-avg
13,New York New Jersey,2026-06-14,10,21.3,66.3,open-meteo-20yr-avg
13,New York New Jersey,2026-06-14,11,22.3,62.1,open-meteo-20yr-avg
13,New York New Jersey,2026-06-14,12,23.0,59.8,open-meteo-20yr-avg
13,New York New Jersey,2026-06-14,13,23.7,58.0,open-meteo-20yr-avg
13,New York New Jersey,2026-06-14,14,23.9,57.0,open-meteo-20yr-avg
13,New York New Jersey,2026-06-14,15,24.0,56.2,open-meteo-20yr-avg
13,New York New Jersey,2026-06-14,16,24.2,55.6,open-meteo-20yr-avg
13,New York New Jersey,2026-06-14,17,24.1,55.6,open-meteo-20yr-avg
13,New York New Jersey,2026-06-14,18,23.3,59.8,open-meteo-20yr-avg
13,New York New Jersey,2026-06-14,19,22.3,64.7,open-meteo-20yr-avg
13,New York New Jersey,2026-06-14,20,21.3,69.2,open-meteo-20yr-avg
13,New York New Jersey,2026-06-14,21,20.2,71.8,open-meteo-20yr-avg
13,New York New Jersey,2026-06-14,22,19.4,75.0,open-meteo-20yr-avg
13,New York New Jersey,2026-06-15,10,21.8,61.2,open-meteo-20yr-avg
13,New York New Jersey,2026-06-15,11,23.0,55.6,open-meteo-20yr-avg
13,New York New Jersey,2026-06-15,12,24.0,51.5,open-meteo-20yr-avg
13,New York New Jersey,2026-06-15,13,24.8,47.9,open-meteo-20yr-avg
13,New York New Jersey,2026-06-15,14,25.3,46.1,open-meteo-20yr-avg
13,New York New Jersey,2026-06-15,15,25.0,47.1,open-meteo-20yr-avg
13,New York New Jersey,2026-06-15,16,24.7,48.7,open-meteo-20yr-avg
13,New York New Jersey,2026-06-15,17,24.4,50.5,open-meteo-20yr-avg
13,New York New Jersey,2026-06-15,18,23.6,54.6,open-meteo-20yr-avg
13,New York New Jersey,2026-06-15,19,22.6,59.2,open-meteo-20yr-avg
13,New York New Jersey,2026-06-15,20,21.2,66.7,open-meteo-20yr-avg
13,New York New Jersey,2026-06-15,21,19.9,71.8,open-meteo-20yr-avg
13,New York New Jersey,2026-06-15,22,19.0,76.3,open-meteo-20yr-avg
13,New York New Jersey,2026-06-16,10,21.8,64.0,open-meteo-20yr-avg
13,New York New Jersey,2026-06-16,11,23.0,58.6,open-meteo-20yr-avg
13,New York New Jersey,2026-06-16,12,23.9,55.0,open-meteo-20yr-avg
13,New York New Jersey,2026-06-16,13,24.6,53.1,open-meteo-20yr-avg
13,New York New Jersey,2026-06-16,14,24.7,54.0,open-meteo-20yr-avg
13,New York New Jersey,2026-06-16,15,24.5,57.1,open-meteo-20yr-avg
13,New York New Jersey,2026-06-16,16,24.5,56.8,open-meteo-20yr-avg
13,New York New Jersey,2026-06-16,17,24.2,58.9,open-meteo-20yr-avg
13,New York New Jersey,2026-06-16,18,23.6,62.2,open-meteo-20yr-avg
13,New York New Jersey,2026-06-16,19,22.6,68.2,open-meteo-20yr-avg
13,New York New Jersey,2026-06-16,20,21.4,72.5,open-meteo-20yr-avg
13,New York New Jersey,2026-06-16,21,20.2,76.6,open-meteo-20yr-avg
13,New York New Jersey,2026-06-16,22,19.5,78.8,open-meteo-20yr-avg
13,New York New Jersey,2026-06-17,10,22.4,64.2,open-meteo-20yr-avg
13,New York New Jersey,2026-06-17,11,23.6,59.2,open-meteo-20yr-avg
13,New York New Jersey,2026-06-17,12,24.6,54.9,open-meteo-20yr-avg
13,New York New Jersey,2026-06-17,13,25.3,52.5,open-meteo-20yr-avg
13,New York New Jersey,2026-06-17,14,25.7,50.9,open-meteo-20yr-avg
13,New York New Jersey,2026-06-17,15,25.3,50.9,open-meteo-20yr-avg
13,New York New Jersey,2026-06-17,16,25.0,52.4,open-meteo-20yr-avg
13,New York New Jersey,2026-06-17,17,24.6,53.4,open-meteo-20yr-avg
13,New York New Jersey,2026-06-17,18,24.2,55.6,open-meteo-20yr-avg
13,New York New Jersey,2026-06-17,19,23.2,60.3,open-meteo-20yr-avg
13,New York New Jersey,2026-06-17,20,22.1,65.4,open-meteo-20yr-avg
13,New York New Jersey,2026-06-17,21,21.0,68.2,open-meteo-20yr-avg
13,New York New Jersey,2026-06-17,22,20.2,72.2,open-meteo-20yr-avg
13,New York New Jersey,2026-06-18,10,22.8,65.6,open-meteo-20yr-avg
13,New York New Jersey,2026-06-18,11,24.0,61.5,open-meteo-20yr-avg
13,New York New Jersey,2026-06-18,12,24.8,58.4,open-meteo-20yr-avg
13,New York New Jersey,2026-06-18,13,25.4,56.1,open-meteo-20yr-avg
13,New York New Jersey,2026-06-18,14,25.9,54.8,open-meteo-20yr-avg
13,New York New Jersey,2026-06-18,15,25.9,55.4,open-meteo-20yr-avg
13,New York New Jersey,2026-06-18,16,25.9,56.1,open-meteo-20yr-avg
13,New York New Jersey,2026-06-18,17,25.6,57.9,open-meteo-20yr-avg
13,New York New Jersey,2026-06-18,18,24.8,60.6,open-meteo-20yr-avg
13,New York New Jersey,2026-06-18,19,23.7,65.2,open-meteo-20yr-avg
13,New York New Jersey,2026-06-18,20,22.5,70.9,open-meteo-20yr-avg
13,New York New Jersey,2026-06-18,21,21.6,72.9,open-meteo-20yr-avg
13,New York New Jersey,2026-06-18,22,20.8,75.8,open-meteo-20yr-avg
13,New York New Jersey,2026-06-19,10,23.0,67.0,open-meteo-20yr-avg
13,New York New Jersey,2026-06-19,11,24.2,62.4,open-meteo-20yr-avg
13,New York New Jersey,2026-06-19,12,25.1,58.1,open-meteo-20yr-avg
13,New York New Jersey,2026-06-19,13,25.8,55.6,open-meteo-20yr-avg
13,New York New Jersey,2026-06-19,14,26.2,53.9,open-meteo-20yr-avg
13,New York New Jersey,2026-06-19,15,26.1,55.6,open-meteo-20yr-avg
13,New York New Jersey,2026-06-19,16,26.1,55.4,open-meteo-20yr-avg
13,New York New Jersey,2026-06-19,17,25.6,56.2,open-meteo-20yr-avg
13,New York New Jersey,2026-06-19,18,24.8,59.6,open-meteo-20yr-avg
13,New York New Jersey,2026-06-19,19,23.7,65.8,open-meteo-20yr-avg
13,New York New Jersey,2026-06-19,20,22.4,71.5,open-meteo-20yr-avg
13,New York New Jersey,2026-06-19,21,21.2,76.0,open-meteo-20yr-avg
13,New York New Jersey,2026-06-19,22,20.4,80.1,open-meteo-20yr-avg
13,New York New Jersey,2026-06-20,10,23.3,66.5,open-meteo-20yr-avg
13,New York New Jersey,2026-06-20,11,24.5,61.5,open-meteo-20yr-avg
13,New York New Jersey,2026-06-20,12,25.6,57.0,open-meteo-20yr-avg
13,New York New Jersey,2026-06-20,13,26.4,53.7,open-meteo-20yr-avg
13,New York New Jersey,2026-06-20,14,26.6,53.5,open-meteo-20yr-avg
13,New York New Jersey,2026-06-20,15,26.5,53.6,open-meteo-20yr-avg
13,New York New Jersey,2026-06-20,16,26.5,53.5,open-meteo-20yr-avg
13,New York New Jersey,2026-06-20,17,26.3,54.6,open-meteo-20yr-avg
13,New York New Jersey,2026-06-20,18,25.7,57.0,open-meteo-20yr-avg
13,New York New Jersey,2026-06-20,19,24.8,61.5,open-meteo-20yr-avg
13,New York New Jersey,2026-06-20,20,23.4,67.5,open-meteo-20yr-avg
13,New York New Jersey,2026-06-20,21,22.3,70.1,open-meteo-20yr-avg
13,New York New Jersey,2026-06-20,22,21.5,73.3,open-meteo-20yr-avg
13,New York New Jersey,2026-06-21,10,23.7,63.6,open-meteo-20yr-avg
13,New York New Jersey,2026-06-21,11,24.8,59.4,open-meteo-20yr-avg
13,New York New Jersey,2026-06-21,12,25.8,55.3,open-meteo-20yr-avg
13,New York New Jersey,2026-06-21,13,26.6,52.3,open-meteo-20yr-avg
13,New York New Jersey,2026-06-21,14,27.3,49.5,open-meteo-20yr-avg
13,New York New Jersey,2026-06-21,15,27.8,46.9,open-meteo-20yr-avg
13,New York New Jersey,2026-06-21,16,27.8,46.5,open-meteo-20yr-avg
13,New York New Jersey,2026-06-21,17,27.2,49.4,open-meteo-20yr-avg
13,New York New Jersey,2026-06-21,18,26.5,53.0,open-meteo-20yr-avg
13,New York New Jersey,2026-06-21,19,25.3,59.6,open-meteo-20yr-avg
13,New York New Jersey,2026-06-21,20,24.2,64.5,open-meteo-20yr-avg
13,New York New Jersey,2026-06-21,21,23.0,68.7,open-meteo-20yr-avg
13,New York New Jersey,2026-06-21,22,22.2,72.2,open-meteo-20yr-avg
13,New York New Jersey,2026-06-22,10,23.9,63.9,open-meteo-20yr-avg
13,New York New Jersey,2026-06-22,11,24.9,59.0,open-meteo-20yr-avg
13,New York New Jersey,2026-06-22,12,25.8,55.3,open-meteo-20yr-avg
13,New York New Jersey,2026-06-22,13,26.2,53.5,open-meteo-20yr-avg
13,New York New Jersey,2026-06-22,14,26.1,54.7,open-meteo-20yr-avg
13,New York New Jersey,2026-06-22,15,25.8,56.6,open-meteo-20yr-avg
13,New York New Jersey,2026-06-22,16,25.5,58.6,open-meteo-20yr-avg
13,New York New Jersey,2026-06-22,17,25.2,59.4,open-meteo-20yr-avg
13,New York New Jersey,2026-06-22,18,24.5,62.7,open-meteo-20yr-avg
13,New York New Jersey,2026-06-22,19,23.8,66.8,open-meteo-20yr-avg
13,New York New Jersey,2026-06-22,20,23.0,71.2,open-meteo-20yr-avg
13,New York New Jersey,2026-06-22,21,21.9,74.0,open-meteo-20yr-avg
13,New York New Jersey,2026-06-22,22,21.3,76.7,open-meteo-20yr-avg
13,New York New Jersey,2026-06-23,10,23.7,65.8,open-meteo-20yr-avg
13,New York New Jersey,2026-06-23,11,24.8,61.8,open-meteo-20yr-avg
13,New York New Jersey,2026-06-23,12,25.5,59.3,open-meteo-20yr-avg
13,New York New Jersey,2026-06-23,13,25.9,57.8,open-meteo-20yr-avg
13,New York New Jersey,2026-06-23,14,26.2,57.2,open-meteo-20yr-avg
13,New York New Jersey,2026-06-23,15,26.5,55.2,open-meteo-20yr-avg
13,New York New Jersey,2026-06-23,16,26.7,54.5,open-meteo-20yr-avg
13,New York New Jersey,2026-06-23,17,26.4,56.2,open-meteo-20yr-avg
13,New York New Jersey,2026-06-23,18,25.9,58.4,open-meteo-20yr-avg
13,New York New Jersey,2026-06-23,19,25.0,62.6,open-meteo-20yr-avg
13,New York New Jersey,2026-06-23,20,23.8,68.2,open-meteo-20yr-avg
13,New York New Jersey,2026-06-23,21,22.5,73.1,open-meteo-20yr-avg
13,New York New Jersey,2026-06-23,22,21.8,77.0,open-meteo-20yr-avg
13,New York New Jersey,2026-06-24,10,24.0,64.3,open-meteo-20yr-avg
13,New York New Jersey,2026-06-24,11,25.3,58.3,open-meteo-20yr-avg
13,New York New Jersey,2026-06-24,12,26.2,53.6,open-meteo-20yr-avg
13,New York New Jersey,2026-06-24,13,26.9,51.8,open-meteo-20yr-avg
13,New York New Jersey,2026-06-24,14,26.9,52.4,open-meteo-20yr-avg
13,New York New Jersey,2026-06-24,15,27.0,52.2,open-meteo-20yr-avg
13,New York New Jersey,2026-06-24,16,26.8,53.3,open-meteo-20yr-avg
13,New York New Jersey,2026-06-24,17,26.3,54.5,open-meteo-20yr-avg
13,New York New Jersey,2026-06-24,18,25.6,57.8,open-meteo-20yr-avg
13,New York New Jersey,2026-06-24,19,24.8,61.6,open-meteo-20yr-avg
13,New York New Jersey,2026-06-24,20,23.7,67.5,open-meteo-20yr-avg
13,New York New Jersey,2026-06-24,21,22.5,71.1,open-meteo-20yr-avg
13,New York New Jersey,2026-06-24,22,22.0,73.5,open-meteo-20yr-avg
13,New York New Jersey,2026-06-25,10,24.4,64.2,open-meteo-20yr-avg
13,New York New Jersey,2026-06-25,11,25.6,58.9,open-meteo-20yr-avg
13,New York New Jersey,2026-06-25,12,26.6,55.1,open-meteo-20yr-avg
13,New York New Jersey,2026-06-25,13,27.2,52.7,open-meteo-20yr-avg
13,New York New Jersey,2026-06-25,14,27.6,51.0,open-meteo-20yr-avg
13,New York New Jersey,2026-06-25,15,27.7,50.6,open-meteo-20yr-avg
13,New York New Jersey,2026-06-25,16,27.6,51.4,open-meteo-20yr-avg
13,New York New Jersey,2026-06-25,17,27.0,54.0,open-meteo-20yr-avg
13,New York New Jersey,2026-06-25,18,26.5,56.8,open-meteo-20yr-avg
13,New York New Jersey,2026-06-25,19,25.7,62.4,open-meteo-20yr-avg
13,New York New Jersey,2026-06-25,20,24.4,69.0,open-meteo-20yr-avg
13,New York New Jersey,2026-06-25,21,23.4,70.2,open-meteo-20yr-avg
13,New York New Jersey,2026-06-25,22,22.5,73.5,open-meteo-20yr-avg
13,New York New Jersey,2026-06-26,10,24.9,62.9,open-meteo-20yr-avg
13,New York New Jersey,2026-06-26,11,26.0,58.3,open-meteo-20yr-avg
13,New York New Jersey,2026-06-26,12,26.9,55.2,open-meteo-20yr-avg
13,New York New Jersey,2026-06-26,13,27.5,53.8,open-meteo-20yr-avg
13,New York New Jersey,2026-06-26,14,27.8,52.2,open-meteo-20yr-avg
13,New York New Jersey,2026-06-26,15,27.9,52.5,open-meteo-20yr-avg
13,New York New Jersey,2026-06-26,16,28.1,51.3,open-meteo-20yr-avg
13,New York New Jersey,2026-06-26,17,27.4,54.3,open-meteo-20yr-avg
13,New York New Jersey,2026-06-26,18,26.4,59.6,open-meteo-20yr-avg
13,New York New Jersey,2026-06-26,19,25.5,63.7,open-meteo-20yr-avg
13,New York New Jersey,2026-06-26,20,24.6,67.3,open-meteo-20yr-avg
13,New York New Jersey,2026-06-26,21,23.3,71.2,open-meteo-20yr-avg
13,New York New Jersey,2026-06-26,22,22.7,74.8,open-meteo-20yr-avg
13,New York New Jersey,2026-06-27,10,24.6,68.5,open-meteo-20yr-avg
13,New York New Jersey,2026-06-27,11,25.4,64.3,open-meteo-20yr-avg
13,New York New Jersey,2026-06-27,12,26.2,60.8,open-meteo-20yr-avg
13,New York New Jersey,2026-06-27,13,26.7,59.4,open-meteo-20yr-avg
13,New York New Jersey,2026-06-27,14,27.0,59.1,open-meteo-20yr-avg
13,New York New Jersey,2026-06-27,15,26.5,60.2,open-meteo-20yr-avg
13,New York New Jersey,2026-06-27,16,26.7,59.9,open-meteo-20yr-avg
13,New York New Jersey,2026-06-27,17,26.4,61.2,open-meteo-20yr-avg
13,New York New Jersey,2026-06-27,18,25.5,66.8,open-meteo-20yr-avg
13,New York New Jersey,2026-06-27,19,24.8,70.4,open-meteo-20yr-avg
13,New York New Jersey,2026-06-27,20,23.9,73.5,open-meteo-20yr-avg
13,New York New Jersey,2026-06-27,21,22.9,76.2,open-meteo-20yr-avg
13,New York New Jersey,2026-06-27,22,22.2,78.8,open-meteo-20yr-avg
14,Philadelphia,2026-06-11,10,22.7,68.1,open-meteo-20yr-avg
14,Philadelphia,2026-06-11,11,23.9,62.7,open-meteo-20yr-avg
14,Philadelphia,2026-06-11,12,25.0,58.8,open-meteo-20yr-avg
14,Philadelphia,2026-06-11,13,25.5,56.6,open-meteo-20yr-avg
14,Philadelphia,2026-06-11,14,26.1,54.9,open-meteo-20yr-avg
14,Philadelphia,2026-06-11,15,26.1,54.6,open-meteo-20yr-avg
14,Philadelphia,2026-06-11,16,26.3,53.7,open-meteo-20yr-avg
14,Philadelphia,2026-06-11,17,26.4,53.1,open-meteo-20yr-avg
14,Philadelphia,2026-06-11,18,25.9,55.0,open-meteo-20yr-avg
14,Philadelphia,2026-06-11,19,24.9,59.5,open-meteo-20yr-avg
14,Philadelphia,2026-06-11,20,23.6,66.2,open-meteo-20yr-avg
14,Philadelphia,2026-06-11,21,22.1,72.3,open-meteo-20yr-avg
14,Philadelphia,2026-06-11,22,21.2,76.5,open-meteo-20yr-avg
14,Philadelphia,2026-06-12,10,23.6,65.8,open-meteo-20yr-avg
14,Philadelphia,2026-06-12,11,24.8,60.2,open-meteo-20yr-avg
14,Philadelphia,2026-06-12,12,26.0,55.0,open-meteo-20yr-avg
14,Philadelphia,2026-06-12,13,26.9,51.2,open-meteo-20yr-avg
14,Philadelphia,2026-06-12,14,27.4,49.2,open-meteo-20yr-avg
14,Philadelphia,2026-06-12,15,27.5,49.0,open-meteo-20yr-avg
14,Philadelphia,2026-06-12,16,27.4,49.2,open-meteo-20yr-avg
14,Philadelphia,2026-06-12,17,26.7,52.5,open-meteo-20yr-avg
14,Philadelphia,2026-06-12,18,25.9,55.1,open-meteo-20yr-avg
14,Philadelphia,2026-06-12,19,25.1,60.5,open-meteo-20yr-avg
14,Philadelphia,2026-06-12,20,23.9,66.7,open-meteo-20yr-avg
14,Philadelphia,2026-06-12,21,22.6,71.0,open-meteo-20yr-avg
14,Philadelphia,2026-06-12,22,21.7,74.1,open-meteo-20yr-avg
14,Philadelphia,2026-06-13,10,23.3,65.8,open-meteo-20yr-avg
14,Philadelphia,2026-06-13,11,24.6,60.5,open-meteo-20yr-avg
14,Philadelphia,2026-06-13,12,25.7,57.1,open-meteo-20yr-avg
14,Philadelphia,2026-06-13,13,26.5,54.2,open-meteo-20yr-avg
14,Philadelphia,2026-06-13,14,27.0,52.6,open-meteo-20yr-avg
14,Philadelphia,2026-06-13,15,26.7,54.6,open-meteo-20yr-avg
14,Philadelphia,2026-06-13,16,26.9,54.0,open-meteo-20yr-avg
14,Philadelphia,2026-06-13,17,26.6,54.9,open-meteo-20yr-avg
14,Philadelphia,2026-06-13,18,26.1,56.8,open-meteo-20yr-avg
14,Philadelphia,2026-06-13,19,25.3,59.8,open-meteo-20yr-avg
14,Philadelphia,2026-06-13,20,23.9,65.6,open-meteo-20yr-avg
14,Philadelphia,2026-06-13,21,22.6,71.0,open-meteo-20yr-avg
14,Philadelphia,2026-06-13,22,21.8,74.3,open-meteo-20yr-avg
14,Philadelphia,2026-06-14,10,22.2,62.6,open-meteo-20yr-avg
14,Philadelphia,2026-06-14,11,23.1,58.8,open-meteo-20yr-avg
14,Philadelphia,2026-06-14,12,24.2,54.2,open-meteo-20yr-avg
14,Philadelphia,2026-06-14,13,25.1,51.0,open-meteo-20yr-avg
14,Philadelphia,2026-06-14,14,25.6,49.2,open-meteo-20yr-avg
14,Philadelphia,2026-06-14,15,25.8,48.2,open-meteo-20yr-avg
14,Philadelphia,2026-06-14,16,26.1,47.5,open-meteo-20yr-avg
14,Philadelphia,2026-06-14,17,26.1,47.0,open-meteo-20yr-avg
14,Philadelphia,2026-06-14,18,25.4,50.0,open-meteo-20yr-avg
14,Philadelphia,2026-06-14,19,24.2,56.0,open-meteo-20yr-avg
14,Philadelphia,2026-06-14,20,22.9,62.3,open-meteo-20yr-avg
14,Philadelphia,2026-06-14,21,21.5,66.3,open-meteo-20yr-avg
14,Philadelphia,2026-06-14,22,20.6,70.7,open-meteo-20yr-avg
14,Philadelphia,2026-06-15,10,22.9,59.0,open-meteo-20yr-avg
14,Philadelphia,2026-06-15,11,24.2,53.3,open-meteo-20yr-avg
14,Philadelphia,2026-06-15,12,25.3,48.8,open-meteo-20yr-avg
14,Philadelphia,2026-06-15,13,26.2,45.4,open-meteo-20yr-avg
14,Philadelphia,2026-06-15,14,26.7,43.0,open-meteo-20yr-avg
14,Philadelphia,2026-06-15,15,26.8,42.3,open-meteo-20yr-avg
14,Philadelphia,2026-06-15,16,26.8,41.8,open-meteo-20yr-avg
14,Philadelphia,2026-06-15,17,26.7,42.0,open-meteo-20yr-avg
14,Philadelphia,2026-06-15,18,26.1,44.1,open-meteo-20yr-avg
14,Philadelphia,2026-06-15,19,25.0,49.1,open-meteo-20yr-avg
14,Philadelphia,2026-06-15,20,23.4,56.2,open-meteo-20yr-avg
14,Philadelphia,2026-06-15,21,21.8,61.7,open-meteo-20yr-avg
14,Philadelphia,2026-06-15,22,20.6,67.9,open-meteo-20yr-avg
14,Philadelphia,2026-06-16,10,23.2,60.5,open-meteo-20yr-avg
14,Philadelphia,2026-06-16,11,24.5,55.0,open-meteo-20yr-avg
14,Philadelphia,2026-06-16,12,25.4,52.2,open-meteo-20yr-avg
14,Philadelphia,2026-06-16,13,26.1,50.4,open-meteo-20yr-avg
14,Philadelphia,2026-06-16,14,26.5,49.5,open-meteo-20yr-avg
14,Philadelphia,2026-06-16,15,26.2,51.5,open-meteo-20yr-avg
14,Philadelphia,2026-06-16,16,26.5,50.6,open-meteo-20yr-avg
14,Philadelphia,2026-06-16,17,26.4,50.4,open-meteo-20yr-avg
14,Philadelphia,2026-06-16,18,25.5,54.2,open-meteo-20yr-avg
14,Philadelphia,2026-06-16,19,24.6,59.5,open-meteo-20yr-avg
14,Philadelphia,2026-06-16,20,23.4,62.6,open-meteo-20yr-avg
14,Philadelphia,2026-06-16,21,22.1,66.7,open-meteo-20yr-avg
14,Philadelphia,2026-06-16,22,21.1,71.3,open-meteo-20yr-avg
14,Philadelphia,2026-06-17,10,23.5,62.9,open-meteo-20yr-avg
14,Philadelphia,2026-06-17,11,24.9,57.0,open-meteo-20yr-avg
14,Philadelphia,2026-06-17,12,25.9,52.0,open-meteo-20yr-avg
14,Philadelphia,2026-06-17,13,26.7,49.3,open-meteo-20yr-avg
14,Philadelphia,2026-06-17,14,27.1,47.8,open-meteo-20yr-avg
14,Philadelphia,2026-06-17,15,27.2,46.7,open-meteo-20yr-avg
14,Philadelphia,2026-06-17,16,27.3,46.3,open-meteo-20yr-avg
14,Philadelphia,2026-06-17,17,27.0,47.6,open-meteo-20yr-avg
14,Philadelphia,2026-06-17,18,26.3,50.5,open-meteo-20yr-avg
14,Philadelphia,2026-06-17,19,25.2,54.7,open-meteo-20yr-avg
14,Philadelphia,2026-06-17,20,23.8,60.0,open-meteo-20yr-avg
14,Philadelphia,2026-06-17,21,22.5,63.5,open-meteo-20yr-avg
14,Philadelphia,2026-06-17,22,21.6,67.4,open-meteo-20yr-avg
14,Philadelphia,2026-06-18,10,23.7,65.0,open-meteo-20yr-avg
14,Philadelphia,2026-06-18,11,24.8,61.6,open-meteo-20yr-avg
14,Philadelphia,2026-06-18,12,25.8,58.0,open-meteo-20yr-avg
14,Philadelphia,2026-06-18,13,26.7,55.1,open-meteo-20yr-avg
14,Philadelphia,2026-06-18,14,27.1,53.6,open-meteo-20yr-avg
14,Philadelphia,2026-06-18,15,27.2,53.1,open-meteo-20yr-avg
14,Philadelphia,2026-06-18,16,27.3,52.4,open-meteo-20yr-avg
14,Philadelphia,2026-06-18,17,27.3,52.5,open-meteo-20yr-avg
14,Philadelphia,2026-06-18,18,26.8,54.8,open-meteo-20yr-avg
14,Philadelphia,2026-06-18,19,25.8,59.2,open-meteo-20yr-avg
14,Philadelphia,2026-06-18,20,24.5,65.0,open-meteo-20yr-avg
14,Philadelphia,2026-06-18,21,23.2,69.2,open-meteo-20yr-avg
14,Philadelphia,2026-06-18,22,22.2,72.8,open-meteo-20yr-avg
14,Philadelphia,2026-06-19,10,24.1,65.5,open-meteo-20yr-avg
14,Philadelphia,2026-06-19,11,25.5,59.9,open-meteo-20yr-avg
14,Philadelphia,2026-06-19,12,26.5,56.2,open-meteo-20yr-avg
14,Philadelphia,2026-06-19,13,27.2,53.5,open-meteo-20yr-avg
14,Philadelphia,2026-06-19,14,27.8,50.3,open-meteo-20yr-avg
14,Philadelphia,2026-06-19,15,27.8,51.0,open-meteo-20yr-avg
14,Philadelphia,2026-06-19,16,27.6,52.0,open-meteo-20yr-avg
14,Philadelphia,2026-06-19,17,27.2,53.1,open-meteo-20yr-avg
14,Philadelphia,2026-06-19,18,26.7,53.4,open-meteo-20yr-avg
14,Philadelphia,2026-06-19,19,25.7,58.0,open-meteo-20yr-avg
14,Philadelphia,2026-06-19,20,24.3,65.5,open-meteo-20yr-avg
14,Philadelphia,2026-06-19,21,22.8,71.0,open-meteo-20yr-avg
14,Philadelphia,2026-06-19,22,21.9,74.8,open-meteo-20yr-avg
14,Philadelphia,2026-06-20,10,24.2,64.7,open-meteo-20yr-avg
14,Philadelphia,2026-06-20,11,25.3,60.1,open-meteo-20yr-avg
14,Philadelphia,2026-06-20,12,26.2,56.4,open-meteo-20yr-avg
14,Philadelphia,2026-06-20,13,27.1,52.4,open-meteo-20yr-avg
14,Philadelphia,2026-06-20,14,27.8,49.6,open-meteo-20yr-avg
14,Philadelphia,2026-06-20,15,28.3,46.6,open-meteo-20yr-avg
14,Philadelphia,2026-06-20,16,28.3,46.9,open-meteo-20yr-avg
14,Philadelphia,2026-06-20,17,28.3,46.5,open-meteo-20yr-avg
14,Philadelphia,2026-06-20,18,28.0,47.5,open-meteo-20yr-avg
14,Philadelphia,2026-06-20,19,27.2,52.4,open-meteo-20yr-avg
14,Philadelphia,2026-06-20,20,25.5,60.1,open-meteo-20yr-avg
14,Philadelphia,2026-06-20,21,23.9,63.9,open-meteo-20yr-avg
14,Philadelphia,2026-06-20,22,22.9,68.0,open-meteo-20yr-avg
14,Philadelphia,2026-06-21,10,24.0,66.2,open-meteo-20yr-avg
14,Philadelphia,2026-06-21,11,25.3,60.1,open-meteo-20yr-avg
14,Philadelphia,2026-06-21,12,26.3,55.7,open-meteo-20yr-avg
14,Philadelphia,2026-06-21,13,27.2,52.0,open-meteo-20yr-avg
14,Philadelphia,2026-06-21,14,28.0,48.9,open-meteo-20yr-avg
14,Philadelphia,2026-06-21,15,28.1,49.0,open-meteo-20yr-avg
14,Philadelphia,2026-06-21,16,28.1,49.1,open-meteo-20yr-avg
14,Philadelphia,2026-06-21,17,28.1,49.0,open-meteo-20yr-avg
14,Philadelphia,2026-06-21,18,27.5,51.5,open-meteo-20yr-avg
14,Philadelphia,2026-06-21,19,26.7,56.0,open-meteo-20yr-avg
14,Philadelphia,2026-06-21,20,25.3,62.4,open-meteo-20yr-avg
14,Philadelphia,2026-06-21,21,24.0,66.4,open-meteo-20yr-avg
14,Philadelphia,2026-06-21,22,23.1,70.5,open-meteo-20yr-avg
14,Philadelphia,2026-06-22,10,24.8,64.7,open-meteo-20yr-avg
14,Philadelphia,2026-06-22,11,26.1,58.7,open-meteo-20yr-avg
14,Philadelphia,2026-06-22,12,27.0,54.3,open-meteo-20yr-avg
14,Philadelphia,2026-06-22,13,27.7,51.6,open-meteo-20yr-avg
14,Philadelphia,2026-06-22,14,28.2,50.3,open-meteo-20yr-avg
14,Philadelphia,2026-06-22,15,28.1,50.1,open-meteo-20yr-avg
14,Philadelphia,2026-06-22,16,28.0,50.0,open-meteo-20yr-avg
14,Philadelphia,2026-06-22,17,27.7,51.8,open-meteo-20yr-avg
14,Philadelphia,2026-06-22,18,26.6,57.2,open-meteo-20yr-avg
14,Philadelphia,2026-06-22,19,25.7,61.3,open-meteo-20yr-avg
14,Philadelphia,2026-06-22,20,24.6,66.5,open-meteo-20yr-avg
14,Philadelphia,2026-06-22,21,23.3,70.8,open-meteo-20yr-avg
14,Philadelphia,2026-06-22,22,22.5,73.7,open-meteo-20yr-avg
14,Philadelphia,2026-06-23,10,24.1,67.7,open-meteo-20yr-avg
14,Philadelphia,2026-06-23,11,25.3,63.1,open-meteo-20yr-avg
14,Philadelphia,2026-06-23,12,26.2,59.5,open-meteo-20yr-avg
14,Philadelphia,2026-06-23,13,27.1,57.0,open-meteo-20yr-avg
14,Philadelphia,2026-06-23,14,27.7,55.0,open-meteo-20yr-avg
14,Philadelphia,2026-06-23,15,28.2,50.8,open-meteo-20yr-avg
14,Philadelphia,2026-06-23,16,28.2,51.1,open-meteo-20yr-avg
14,Philadelphia,2026-06-23,17,28.0,52.0,open-meteo-20yr-avg
14,Philadelphia,2026-06-23,18,27.4,54.7,open-meteo-20yr-avg
14,Philadelphia,2026-06-23,19,26.8,58.3,open-meteo-20yr-avg
14,Philadelphia,2026-06-23,20,25.3,64.7,open-meteo-20yr-avg
14,Philadelphia,2026-06-23,21,23.5,72.2,open-meteo-20yr-avg
14,Philadelphia,2026-06-23,22,22.8,75.3,open-meteo-20yr-avg
14,Philadelphia,2026-06-24,10,24.8,63.2,open-meteo-20yr-avg
14,Philadelphia,2026-06-24,11,26.0,57.3,open-meteo-20yr-avg
14,Philadelphia,2026-06-24,12,27.1,52.4,open-meteo-20yr-avg
14,Philadelphia,2026-06-24,13,28.0,49.1,open-meteo-20yr-avg
14,Philadelphia,2026-06-24,14,28.6,47.0,open-meteo-20yr-avg
14,Philadelphia,2026-06-24,15,28.5,47.2,open-meteo-20yr-avg
14,Philadelphia,2026-06-24,16,28.2,48.5,open-meteo-20yr-avg
14,Philadelphia,2026-06-24,17,27.7,50.3,open-meteo-20yr-avg
14,Philadelphia,2026-06-24,18,27.4,51.5,open-meteo-20yr-avg
14,Philadelphia,2026-06-24,19,26.6,55.1,open-meteo-20yr-avg
14,Philadelphia,2026-06-24,20,25.4,61.0,open-meteo-20yr-avg
14,Philadelphia,2026-06-24,21,24.0,65.6,open-meteo-20yr-avg
14,Philadelphia,2026-06-24,22,22.9,70.8,open-meteo-20yr-avg
14,Philadelphia,2026-06-25,10,25.1,63.9,open-meteo-20yr-avg
14,Philadelphia,2026-06-25,11,26.1,58.9,open-meteo-20yr-avg
14,Philadelphia,2026-06-25,12,27.1,54.8,open-meteo-20yr-avg
14,Philadelphia,2026-06-25,13,28.0,50.4,open-meteo-20yr-avg
14,Philadelphia,2026-06-25,14,28.7,47.5,open-meteo-20yr-avg
14,Philadelphia,2026-06-25,15,28.6,48.4,open-meteo-20yr-avg
14,Philadelphia,2026-06-25,16,28.5,48.8,open-meteo-20yr-avg
14,Philadelphia,2026-06-25,17,28.0,50.5,open-meteo-20yr-avg
14,Philadelphia,2026-06-25,18,27.7,51.9,open-meteo-20yr-avg
14,Philadelphia,2026-06-25,19,27.0,55.8,open-meteo-20yr-avg
14,Philadelphia,2026-06-25,20,25.6,62.2,open-meteo-20yr-avg
14,Philadelphia,2026-06-25,21,24.3,66.5,open-meteo-20yr-avg
14,Philadelphia,2026-06-25,22,23.4,70.9,open-meteo-20yr-avg
14,Philadelphia,2026-06-26,10,25.4,63.0,open-meteo-20yr-avg
14,Philadelphia,2026-06-26,11,26.7,57.4,open-meteo-20yr-avg
14,Philadelphia,2026-06-26,12,28.0,52.2,open-meteo-20yr-avg
14,Philadelphia,2026-06-26,13,28.9,48.1,open-meteo-20yr-avg
14,Philadelphia,2026-06-26,14,29.3,46.8,open-meteo-20yr-avg
14,Philadelphia,2026-06-26,15,29.2,47.3,open-meteo-20yr-avg
14,Philadelphia,2026-06-26,16,29.0,47.6,open-meteo-20yr-avg
14,Philadelphia,2026-06-26,17,28.7,49.0,open-meteo-20yr-avg
14,Philadelphia,2026-06-26,18,28.2,51.4,open-meteo-20yr-avg
14,Philadelphia,2026-06-26,19,27.5,55.0,open-meteo-20yr-avg
14,Philadelphia,2026-06-26,20,26.0,62.4,open-meteo-20yr-avg
14,Philadelphia,2026-06-26,21,24.6,67.7,open-meteo-20yr-avg
14,Philadelphia,2026-06-26,22,23.5,72.7,open-meteo-20yr-avg
14,Philadelphia,2026-06-27,10,24.9,70.4,open-meteo-20yr-avg
14,Philadelphia,2026-06-27,11,26.0,65.7,open-meteo-20yr-avg
14,Philadelphia,2026-06-27,12,27.1,60.6,open-meteo-20yr-avg
14,Philadelphia,2026-06-27,13,27.8,57.4,open-meteo-20yr-avg
14,Philadelphia,2026-06-27,14,28.6,54.8,open-meteo-20yr-avg
14,Philadelphia,2026-06-27,15,28.0,57.1,open-meteo-20yr-avg
14,Philadelphia,2026-06-27,16,27.5,59.5,open-meteo-20yr-avg
14,Philadelphia,2026-06-27,17,27.2,60.6,open-meteo-20yr-avg
14,Philadelphia,2026-06-27,18,26.7,62.5,open-meteo-20yr-avg
14,Philadelphia,2026-06-27,19,25.9,66.3,open-meteo-20yr-avg
14,Philadelphia,2026-06-27,20,25.1,70.4,open-meteo-20yr-avg
14,Philadelphia,2026-06-27,21,24.0,74.5,open-meteo-20yr-avg
14,Philadelphia,2026-06-27,22,23.3,77.7,open-meteo-20yr-avg
15,San Francisco Bay Area,2026-06-11,10,20.0,53.3,open-meteo-20yr-avg
15,San Francisco Bay Area,2026-06-11,11,22.0,46.4,open-meteo-20yr-avg
15,San Francisco Bay Area,2026-06-11,12,23.4,42.5,open-meteo-20yr-avg
15,San Francisco Bay Area,2026-06-11,13,24.8,38.8,open-meteo-20yr-avg
15,San Francisco Bay Area,2026-06-11,14,25.6,37.0,open-meteo-20yr-avg
15,San Francisco Bay Area,2026-06-11,15,25.8,36.6,open-meteo-20yr-avg
15,San Francisco Bay Area,2026-06-11,16,25.2,37.9,open-meteo-20yr-avg
15,San Francisco Bay Area,2026-06-11,17,24.4,41.1,open-meteo-20yr-avg
15,San Francisco Bay Area,2026-06-11,18,23.1,45.5,open-meteo-20yr-avg
15,San Francisco Bay Area,2026-06-11,19,21.5,50.9,open-meteo-20yr-avg
15,San Francisco Bay Area,2026-06-11,20,19.7,57.5,open-meteo-20yr-avg
15,San Francisco Bay Area,2026-06-11,21,18.1,64.2,open-meteo-20yr-avg
15,San Francisco Bay Area,2026-06-11,22,17.2,69.1,open-meteo-20yr-avg
15,San Francisco Bay Area,2026-06-12,10,20.4,52.9,open-meteo-20yr-avg
15,San Francisco Bay Area,2026-06-12,11,22.2,47.0,open-meteo-20yr-avg
15,San Francisco Bay Area,2026-06-12,12,23.6,43.5,open-meteo-20yr-avg
15,San Francisco Bay Area,2026-06-12,13,24.9,40.0,open-meteo-20yr-avg
15,San Francisco Bay Area,2026-06-12,14,25.8,37.8,open-meteo-20yr-avg
15,San Francisco Bay Area,2026-06-12,15,26.1,37.2,open-meteo-20yr-avg
15,San Francisco Bay Area,2026-06-12,16,25.5,38.9,open-meteo-20yr-avg
15,San Francisco Bay Area,2026-06-12,17,24.5,41.9,open-meteo-20yr-avg
15,San Francisco Bay Area,2026-06-12,18,23.0,46.4,open-meteo-20yr-avg
15,San Francisco Bay Area,2026-06-12,19,21.2,51.8,open-meteo-20yr-avg
15,San Francisco Bay Area,2026-06-12,20,19.4,58.1,open-meteo-20yr-avg
15,San Francisco Bay Area,2026-06-12,21,17.8,65.4,open-meteo-20yr-avg
15,San Francisco Bay Area,2026-06-12,22,16.7,70.6,open-meteo-20yr-avg
15,San Francisco Bay Area,2026-06-13,10,19.7,56.2,open-meteo-20yr-avg
15,San Francisco Bay Area,2026-06-13,11,21.6,49.5,open-meteo-20yr-avg
15,San Francisco Bay Area,2026-06-13,12,23.2,44.9,open-meteo-20yr-avg
15,San Francisco Bay Area,2026-06-13,13,24.7,40.6,open-meteo-20yr-avg
15,San Francisco Bay Area,2026-06-13,14,25.5,38.4,open-meteo-20yr-avg
15,San Francisco Bay Area,2026-06-13,15,25.6,38.3,open-meteo-20yr-avg
15,San Francisco Bay Area,2026-06-13,16,25.0,39.9,open-meteo-20yr-avg
15,San Francisco Bay Area,2026-06-13,17,24.0,42.5,open-meteo-20yr-avg
15,San Francisco Bay Area,2026-06-13,18,22.6,46.5,open-meteo-20yr-avg
15,San Francisco Bay Area,2026-06-13,19,21.0,51.6,open-meteo-20yr-avg
15,San Francisco Bay Area,2026-06-13,20,19.2,58.0,open-meteo-20yr-avg
15,San Francisco Bay Area,2026-06-13,21,17.6,65.5,open-meteo-20yr-avg
15,San Francisco Bay Area,2026-06-13,22,16.6,71.2,open-meteo-20yr-avg
15,San Francisco Bay Area,2026-06-14,10,20.0,54.3,open-meteo-20yr-avg
15,San Francisco Bay Area,2026-06-14,11,22.1,47.1,open-meteo-20yr-avg
15,San Francisco Bay Area,2026-06-14,12,23.5,42.8,open-meteo-20yr-avg
15,San Francisco Bay Area,2026-06-14,13,25.0,38.6,open-meteo-20yr-avg
15,San Francisco Bay Area,2026-06-14,14,25.9,36.2,open-meteo-20yr-avg
15,San Francisco Bay Area,2026-06-14,15,26.1,36.1,open-meteo-20yr-avg
15,San Francisco Bay Area,2026-06-14,16,25.3,37.7,open-meteo-20yr-avg
15,San Francisco Bay Area,2026-06-14,17,24.2,41.2,open-meteo-20yr-avg
15,San Francisco Bay Area,2026-06-14,18,22.6,44.9,open-meteo-20yr-avg
15,San Francisco Bay Area,2026-06-14,19,20.8,50.3,open-meteo-20yr-avg
15,San Francisco Bay Area,2026-06-14,20,18.9,57.6,open-meteo-20yr-avg
15,San Francisco Bay Area,2026-06-14,21,17.3,64.2,open-meteo-20yr-avg
15,San Francisco Bay Area,2026-06-14,22,16.3,69.0,open-meteo-20yr-avg
15,San Francisco Bay Area,2026-06-15,10,18.9,55.6,open-meteo-20yr-avg
15,San Francisco Bay Area,2026-06-15,11,21.0,48.2,open-meteo-20yr-avg
15,San Francisco Bay Area,2026-06-15,12,22.2,44.6,open-meteo-20yr-avg
15,San Francisco Bay Area,2026-06-15,13,23.3,41.4,open-meteo-20yr-avg
15,San Francisco Bay Area,2026-06-15,14,24.2,39.0,open-meteo-20yr-avg
15,San Francisco Bay Area,2026-06-15,15,24.4,38.5,open-meteo-20yr-avg
15,San Francisco Bay Area,2026-06-15,16,23.8,39.5,open-meteo-20yr-avg
15,San Francisco Bay Area,2026-06-15,17,22.5,43.6,open-meteo-20yr-avg
15,San Francisco Bay Area,2026-06-15,18,21.4,47.3,open-meteo-20yr-avg
15,San Francisco Bay Area,2026-06-15,19,19.6,53.7,open-meteo-20yr-avg
15,San Francisco Bay Area,2026-06-15,20,17.8,61.5,open-meteo-20yr-avg
15,San Francisco Bay Area,2026-06-15,21,16.2,68.8,open-meteo-20yr-avg
15,San Francisco Bay Area,2026-06-15,22,15.3,73.5,open-meteo-20yr-avg
15,San Francisco Bay Area,2026-06-16,10,19.1,55.6,open-meteo-20yr-avg
15,San Francisco Bay Area,2026-06-16,11,21.1,48.3,open-meteo-20yr-avg
15,San Francisco Bay Area,2026-06-16,12,22.6,44.3,open-meteo-20yr-avg
15,San Francisco Bay Area,2026-06-16,13,23.8,40.5,open-meteo-20yr-avg
15,San Francisco Bay Area,2026-06-16,14,24.6,38.0,open-meteo-20yr-avg
15,San Francisco Bay Area,2026-06-16,15,24.8,37.2,open-meteo-20yr-avg
15,San Francisco Bay Area,2026-06-16,16,24.4,38.6,open-meteo-20yr-avg
15,San Francisco Bay Area,2026-06-16,17,23.4,42.9,open-meteo-20yr-avg
15,San Francisco Bay Area,2026-06-16,18,22.0,47.8,open-meteo-20yr-avg
15,San Francisco Bay Area,2026-06-16,19,20.4,53.5,open-meteo-20yr-avg
15,San Francisco Bay Area,2026-06-16,20,18.7,60.1,open-meteo-20yr-avg
15,San Francisco Bay Area,2026-06-16,21,17.2,66.7,open-meteo-20yr-avg
15,San Francisco Bay Area,2026-06-16,22,16.3,71.1,open-meteo-20yr-avg
15,San Francisco Bay Area,2026-06-17,10,19.8,54.4,open-meteo-20yr-avg
15,San Francisco Bay Area,2026-06-17,11,22.2,46.5,open-meteo-20yr-avg
15,San Francisco Bay Area,2026-06-17,12,23.6,42.0,open-meteo-20yr-avg
15,San Francisco Bay Area,2026-06-17,13,24.8,38.6,open-meteo-20yr-avg
15,San Francisco Bay Area,2026-06-17,14,25.6,36.2,open-meteo-20yr-avg
15,San Francisco Bay Area,2026-06-17,15,26.0,35.1,open-meteo-20yr-avg
15,San Francisco Bay Area,2026-06-17,16,25.8,35.9,open-meteo-20yr-avg
15,San Francisco Bay Area,2026-06-17,17,24.7,39.4,open-meteo-20yr-avg
15,San Francisco Bay Area,2026-06-17,18,23.7,42.9,open-meteo-20yr-avg
15,San Francisco Bay Area,2026-06-17,19,22.1,47.7,open-meteo-20yr-avg
15,San Francisco Bay Area,2026-06-17,20,20.3,54.1,open-meteo-20yr-avg
15,San Francisco Bay Area,2026-06-17,21,18.7,60.5,open-meteo-20yr-avg
15,San Francisco Bay Area,2026-06-17,22,17.6,66.0,open-meteo-20yr-avg
15,San Francisco Bay Area,2026-06-18,10,20.7,50.1,open-meteo-20yr-avg
15,San Francisco Bay Area,2026-06-18,11,22.9,42.6,open-meteo-20yr-avg
15,San Francisco Bay Area,2026-06-18,12,24.7,37.8,open-meteo-20yr-avg
15,San Francisco Bay Area,2026-06-18,13,25.8,35.0,open-meteo-20yr-avg
15,San Francisco Bay Area,2026-06-18,14,26.5,33.7,open-meteo-20yr-avg
15,San Francisco Bay Area,2026-06-18,15,26.5,33.8,open-meteo-20yr-avg
15,San Francisco Bay Area,2026-06-18,16,25.9,34.6,open-meteo-20yr-avg
15,San Francisco Bay Area,2026-06-18,17,25.0,37.9,open-meteo-20yr-avg
15,San Francisco Bay Area,2026-06-18,18,23.6,41.2,open-meteo-20yr-avg
15,San Francisco Bay Area,2026-06-18,19,21.9,46.0,open-meteo-20yr-avg
15,San Francisco Bay Area,2026-06-18,20,20.0,52.5,open-meteo-20yr-avg
15,San Francisco Bay Area,2026-06-18,21,18.3,59.3,open-meteo-20yr-avg
15,San Francisco Bay Area,2026-06-18,22,17.2,64.5,open-meteo-20yr-avg
15,San Francisco Bay Area,2026-06-19,10,19.8,52.4,open-meteo-20yr-avg
15,San Francisco Bay Area,2026-06-19,11,22.1,44.9,open-meteo-20yr-avg
15,San Francisco Bay Area,2026-06-19,12,23.8,40.0,open-meteo-20yr-avg
15,San Francisco Bay Area,2026-06-19,13,25.2,36.6,open-meteo-20yr-avg
15,San Francisco Bay Area,2026-06-19,14,26.0,34.8,open-meteo-20yr-avg
15,San Francisco Bay Area,2026-06-19,15,26.2,34.4,open-meteo-20yr-avg
15,San Francisco Bay Area,2026-06-19,16,25.7,35.6,open-meteo-20yr-avg
15,San Francisco Bay Area,2026-06-19,17,24.6,39.7,open-meteo-20yr-avg
15,San Francisco Bay Area,2026-06-19,18,23.2,44.0,open-meteo-20yr-avg
15,San Francisco Bay Area,2026-06-19,19,21.3,49.9,open-meteo-20yr-avg
15,San Francisco Bay Area,2026-06-19,20,19.4,57.1,open-meteo-20yr-avg
15,San Francisco Bay Area,2026-06-19,21,17.8,64.2,open-meteo-20yr-avg
15,San Francisco Bay Area,2026-06-19,22,16.8,69.5,open-meteo-20yr-avg
15,San Francisco Bay Area,2026-06-20,10,20.5,52.5,open-meteo-20yr-avg
15,San Francisco Bay Area,2026-06-20,11,23.0,44.1,open-meteo-20yr-avg
15,San Francisco Bay Area,2026-06-20,12,24.7,39.1,open-meteo-20yr-avg
15,San Francisco Bay Area,2026-06-20,13,26.2,35.5,open-meteo-20yr-avg
15,San Francisco Bay Area,2026-06-20,14,27.0,33.8,open-meteo-20yr-avg
15,San Francisco Bay Area,2026-06-20,15,27.1,33.5,open-meteo-20yr-avg
15,San Francisco Bay Area,2026-06-20,16,26.5,34.5,open-meteo-20yr-avg
15,San Francisco Bay Area,2026-06-20,17,25.2,38.6,open-meteo-20yr-avg
15,San Francisco Bay Area,2026-06-20,18,23.6,42.8,open-meteo-20yr-avg
15,San Francisco Bay Area,2026-06-20,19,21.9,48.2,open-meteo-20yr-avg
15,San Francisco Bay Area,2026-06-20,20,19.9,55.7,open-meteo-20yr-avg
15,San Francisco Bay Area,2026-06-20,21,18.2,63.5,open-meteo-20yr-avg
15,San Francisco Bay Area,2026-06-20,22,17.1,68.7,open-meteo-20yr-avg
15,San Francisco Bay Area,2026-06-21,10,21.1,51.0,open-meteo-20yr-avg
15,San Francisco Bay Area,2026-06-21,11,23.4,43.8,open-meteo-20yr-avg
15,San Francisco Bay Area,2026-06-21,12,24.9,39.6,open-meteo-20yr-avg
15,San Francisco Bay Area,2026-06-21,13,26.3,35.6,open-meteo-20yr-avg
15,San Francisco Bay Area,2026-06-21,14,27.1,33.4,open-meteo-20yr-avg
15,San Francisco Bay Area,2026-06-21,15,27.3,33.1,open-meteo-20yr-avg
15,San Francisco Bay Area,2026-06-21,16,26.8,34.3,open-meteo-20yr-avg
15,San Francisco Bay Area,2026-06-21,17,25.6,38.0,open-meteo-20yr-avg
15,San Francisco Bay Area,2026-06-21,18,24.4,41.4,open-meteo-20yr-avg
15,San Francisco Bay Area,2026-06-21,19,22.6,46.8,open-meteo-20yr-avg
15,San Francisco Bay Area,2026-06-21,20,20.7,53.6,open-meteo-20yr-avg
15,San Francisco Bay Area,2026-06-21,21,19.0,60.3,open-meteo-20yr-avg
15,San Francisco Bay Area,2026-06-21,22,18.0,65.4,open-meteo-20yr-avg
15,San Francisco Bay Area,2026-06-22,10,21.0,52.8,open-meteo-20yr-avg
15,San Francisco Bay Area,2026-06-22,11,23.3,44.2,open-meteo-20yr-avg
15,San Francisco Bay Area,2026-06-22,12,25.1,38.6,open-meteo-20yr-avg
15,San Francisco Bay Area,2026-06-22,13,26.7,34.4,open-meteo-20yr-avg
15,San Francisco Bay Area,2026-06-22,14,27.7,32.1,open-meteo-20yr-avg
15,San Francisco Bay Area,2026-06-22,15,27.9,31.9,open-meteo-20yr-avg
15,San Francisco Bay Area,2026-06-22,16,27.4,33.5,open-meteo-20yr-avg
15,San Francisco Bay Area,2026-06-22,17,25.7,38.3,open-meteo-20yr-avg
15,San Francisco Bay Area,2026-06-22,18,24.3,42.4,open-meteo-20yr-avg
15,San Francisco Bay Area,2026-06-22,19,22.7,46.6,open-meteo-20yr-avg
15,San Francisco Bay Area,2026-06-22,20,20.9,53.3,open-meteo-20yr-avg
15,San Francisco Bay Area,2026-06-22,21,19.1,60.8,open-meteo-20yr-avg
15,San Francisco Bay Area,2026-06-22,22,18.1,66.0,open-meteo-20yr-avg
15,San Francisco Bay Area,2026-06-23,10,20.0,54.5,open-meteo-20yr-avg
15,San Francisco Bay Area,2026-06-23,11,22.2,46.7,open-meteo-20yr-avg
15,San Francisco Bay Area,2026-06-23,12,23.9,42.6,open-meteo-20yr-avg
15,San Francisco Bay Area,2026-06-23,13,25.2,39.2,open-meteo-20yr-avg
15,San Francisco Bay Area,2026-06-23,14,25.9,37.7,open-meteo-20yr-avg
15,San Francisco Bay Area,2026-06-23,15,26.0,37.6,open-meteo-20yr-avg
15,San Francisco Bay Area,2026-06-23,16,25.3,39.6,open-meteo-20yr-avg
15,San Francisco Bay Area,2026-06-23,17,24.4,42.4,open-meteo-20yr-avg
15,San Francisco Bay Area,2026-06-23,18,23.2,46.1,open-meteo-20yr-avg
15,San Francisco Bay Area,2026-06-23,19,21.5,51.5,open-meteo-20yr-avg
15,San Francisco Bay Area,2026-06-23,20,19.6,58.6,open-meteo-20yr-avg
15,San Francisco Bay Area,2026-06-23,21,17.9,66.1,open-meteo-20yr-avg
15,San Francisco Bay Area,2026-06-23,22,16.9,71.2,open-meteo-20yr-avg
15,San Francisco Bay Area,2026-06-24,10,19.1,59.5,open-meteo-20yr-avg
15,San Francisco Bay Area,2026-06-24,11,21.1,51.9,open-meteo-20yr-avg
15,San Francisco Bay Area,2026-06-24,12,22.8,46.2,open-meteo-20yr-avg
15,San Francisco Bay Area,2026-06-24,13,24.2,42.5,open-meteo-20yr-avg
15,San Francisco Bay Area,2026-06-24,14,25.1,40.5,open-meteo-20yr-avg
15,San Francisco Bay Area,2026-06-24,15,25.4,39.6,open-meteo-20yr-avg
15,San Francisco Bay Area,2026-06-24,16,25.1,40.1,open-meteo-20yr-avg
15,San Francisco Bay Area,2026-06-24,17,23.7,44.9,open-meteo-20yr-avg
15,San Francisco Bay Area,2026-06-24,18,22.5,48.4,open-meteo-20yr-avg
15,San Francisco Bay Area,2026-06-24,19,20.8,54.0,open-meteo-20yr-avg
15,San Francisco Bay Area,2026-06-24,20,18.9,60.9,open-meteo-20yr-avg
15,San Francisco Bay Area,2026-06-24,21,17.4,68.0,open-meteo-20yr-avg
15,San Francisco Bay Area,2026-06-24,22,16.4,72.7,open-meteo-20yr-avg
15,San Francisco Bay Area,2026-06-25,10,19.0,61.0,open-meteo-20yr-avg
15,San Francisco Bay Area,2026-06-25,11,21.2,52.8,open-meteo-20yr-avg
15,San Francisco Bay Area,2026-06-25,12,22.7,48.0,open-meteo-20yr-avg
15,San Francisco Bay Area,2026-06-25,13,24.1,44.4,open-meteo-20yr-avg
15,San Francisco Bay Area,2026-06-25,14,25.1,42.0,open-meteo-20yr-avg
15,San Francisco Bay Area,2026-06-25,15,25.4,41.0,open-meteo-20yr-avg
15,San Francisco Bay Area,2026-06-25,16,25.1,41.9,open-meteo-20yr-avg
15,San Francisco Bay Area,2026-06-25,17,24.0,44.9,open-meteo-20yr-avg
15,San Francisco Bay Area,2026-06-25,18,22.9,47.9,open-meteo-20yr-avg
15,San Francisco Bay Area,2026-06-25,19,21.1,53.6,open-meteo-20yr-avg
15,San Francisco Bay Area,2026-06-25,20,19.3,60.6,open-meteo-20yr-avg
15,San Francisco Bay Area,2026-06-25,21,17.7,67.7,open-meteo-20yr-avg
15,San Francisco Bay Area,2026-06-25,22,16.8,72.2,open-meteo-20yr-avg
15,San Francisco Bay Area,2026-06-26,10,19.4,59.4,open-meteo-20yr-avg
15,San Francisco Bay Area,2026-06-26,11,21.6,51.2,open-meteo-20yr-avg
15,San Francisco Bay Area,2026-06-26,12,23.2,46.3,open-meteo-20yr-avg
15,San Francisco Bay Area,2026-06-26,13,24.6,42.5,open-meteo-20yr-avg
15,San Francisco Bay Area,2026-06-26,14,25.5,40.5,open-meteo-20yr-avg
15,San Francisco Bay Area,2026-06-26,15,25.8,39.8,open-meteo-20yr-avg
15,San Francisco Bay Area,2026-06-26,16,25.4,40.6,open-meteo-20yr-avg
15,San Francisco Bay Area,2026-06-26,17,24.6,43.4,open-meteo-20yr-avg
15,San Francisco Bay Area,2026-06-26,18,23.4,47.2,open-meteo-20yr-avg
15,San Francisco Bay Area,2026-06-26,19,21.7,52.8,open-meteo-20yr-avg
15,San Francisco Bay Area,2026-06-26,20,19.9,60.1,open-meteo-20yr-avg
15,San Francisco Bay Area,2026-06-26,21,18.2,67.7,open-meteo-20yr-avg
15,San Francisco Bay Area,2026-06-26,22,17.1,73.3,open-meteo-20yr-avg
15,San Francisco Bay Area,2026-06-27,10,20.4,56.1,open-meteo-20yr-avg
15,San Francisco Bay Area,2026-06-27,11,22.6,48.5,open-meteo-20yr-avg
15,San Francisco Bay Area,2026-06-27,12,24.2,44.0,open-meteo-20yr-avg
15,San Francisco Bay Area,2026-06-27,13,25.6,40.5,open-meteo-20yr-avg
15,San Francisco Bay Area,2026-06-27,14,26.5,38.1,open-meteo-20yr-avg
15,San Francisco Bay Area,2026-06-27,15,26.6,38.1,open-meteo-20yr-avg
15,San Francisco Bay Area,2026-06-27,16,26.1,39.4,open-meteo-20yr-avg
15,San Francisco Bay Area,2026-06-27,17,24.9,43.2,open-meteo-20yr-avg
15,San Francisco Bay Area,2026-06-27,18,23.4,48.1,open-meteo-20yr-avg
15,San Francisco Bay Area,2026-06-27,19,21.7,53.9,open-meteo-20yr-avg
15,San Francisco Bay Area,2026-06-27,20,19.9,61.1,open-meteo-20yr-avg
15,San Francisco Bay Area,2026-06-27,21,18.2,68.5,open-meteo-20yr-avg
15,San Francisco Bay Area,2026-06-27,22,17.1,73.0,open-meteo-20yr-avg
16,Seattle,2026-06-11,10,15.0,71.3,open-meteo-20yr-avg
16,Seattle,2026-06-11,11,15.9,67.7,open-meteo-20yr-avg
16,Seattle,2026-06-11,12,16.5,64.0,open-meteo-20yr-avg
16,Seattle,2026-06-11,13,17.3,61.0,open-meteo-20yr-avg
16,Seattle,2026-06-11,14,17.9,58.4,open-meteo-20yr-avg
16,Seattle,2026-06-11,15,18.4,56.5,open-meteo-20yr-avg
16,Seattle,2026-06-11,16,18.7,55.8,open-meteo-20yr-avg
16,Seattle,2026-06-11,17,18.6,56.3,open-meteo-20yr-avg
16,Seattle,2026-06-11,18,18.2,58.5,open-meteo-20yr-avg
16,Seattle,2026-06-11,19,17.7,61.0,open-meteo-20yr-avg
16,Seattle,2026-06-11,20,16.7,66.8,open-meteo-20yr-avg
16,Seattle,2026-06-11,21,15.5,70.9,open-meteo-20yr-avg
16,Seattle,2026-06-11,22,14.5,75.0,open-meteo-20yr-avg
16,Seattle,2026-06-12,10,15.4,70.6,open-meteo-20yr-avg
16,Seattle,2026-06-12,11,16.3,66.9,open-meteo-20yr-avg
16,Seattle,2026-06-12,12,17.0,64.2,open-meteo-20yr-avg
16,Seattle,2026-06-12,13,17.6,61.5,open-meteo-20yr-avg
16,Seattle,2026-06-12,14,18.2,59.5,open-meteo-20yr-avg
16,Seattle,2026-06-12,15,18.7,57.1,open-meteo-20yr-avg
16,Seattle,2026-06-12,16,19.1,55.7,open-meteo-20yr-avg
16,Seattle,2026-06-12,17,19.1,55.2,open-meteo-20yr-avg
16,Seattle,2026-06-12,18,18.8,57.3,open-meteo-20yr-avg
16,Seattle,2026-06-12,19,18.1,61.0,open-meteo-20yr-avg
16,Seattle,2026-06-12,20,17.3,65.8,open-meteo-20yr-avg
16,Seattle,2026-06-12,21,16.1,69.1,open-meteo-20yr-avg
16,Seattle,2026-06-12,22,15.1,73.2,open-meteo-20yr-avg
16,Seattle,2026-06-13,10,15.0,73.7,open-meteo-20yr-avg
16,Seattle,2026-06-13,11,15.8,68.9,open-meteo-20yr-avg
16,Seattle,2026-06-13,12,16.5,66.3,open-meteo-20yr-avg
16,Seattle,2026-06-13,13,17.2,63.1,open-meteo-20yr-avg
16,Seattle,2026-06-13,14,17.8,59.6,open-meteo-20yr-avg
16,Seattle,2026-06-13,15,18.2,57.8,open-meteo-20yr-avg
16,Seattle,2026-06-13,16,18.1,59.1,open-meteo-20yr-avg
16,Seattle,2026-06-13,17,17.7,59.5,open-meteo-20yr-avg
16,Seattle,2026-06-13,18,17.3,60.5,open-meteo-20yr-avg
16,Seattle,2026-06-13,19,16.6,64.2,open-meteo-20yr-avg
16,Seattle,2026-06-13,20,15.8,67.5,open-meteo-20yr-avg
16,Seattle,2026-06-13,21,14.7,72.5,open-meteo-20yr-avg
16,Seattle,2026-06-13,22,13.8,76.1,open-meteo-20yr-avg
16,Seattle,2026-06-14,10,13.9,69.7,open-meteo-20yr-avg
16,Seattle,2026-06-14,11,14.8,65.6,open-meteo-20yr-avg
16,Seattle,2026-06-14,12,15.3,62.7,open-meteo-20yr-avg
16,Seattle,2026-06-14,13,16.1,59.5,open-meteo-20yr-avg
16,Seattle,2026-06-14,14,16.8,57.1,open-meteo-20yr-avg
16,Seattle,2026-06-14,15,17.2,56.0,open-meteo-20yr-avg
16,Seattle,2026-06-14,16,17.4,55.7,open-meteo-20yr-avg
16,Seattle,2026-06-14,17,17.1,57.5,open-meteo-20yr-avg
16,Seattle,2026-06-14,18,16.8,58.9,open-meteo-20yr-avg
16,Seattle,2026-06-14,19,16.4,60.4,open-meteo-20yr-avg
16,Seattle,2026-06-14,20,15.7,64.7,open-meteo-20yr-avg
16,Seattle,2026-06-14,21,14.7,69.7,open-meteo-20yr-avg
16,Seattle,2026-06-14,22,13.9,73.8,open-meteo-20yr-avg
16,Seattle,2026-06-15,10,14.4,73.8,open-meteo-20yr-avg
16,Seattle,2026-06-15,11,15.2,69.3,open-meteo-20yr-avg
16,Seattle,2026-06-15,12,16.1,66.3,open-meteo-20yr-avg
16,Seattle,2026-06-15,13,16.9,63.2,open-meteo-20yr-avg
16,Seattle,2026-06-15,14,17.6,60.2,open-meteo-20yr-avg
16,Seattle,2026-06-15,15,18.1,58.3,open-meteo-20yr-avg
16,Seattle,2026-06-15,16,18.2,57.7,open-meteo-20yr-avg
16,Seattle,2026-06-15,17,18.3,57.0,open-meteo-20yr-avg
16,Seattle,2026-06-15,18,18.0,58.0,open-meteo-20yr-avg
16,Seattle,2026-06-15,19,17.5,59.8,open-meteo-20yr-avg
16,Seattle,2026-06-15,20,16.6,65.0,open-meteo-20yr-avg
16,Seattle,2026-06-15,21,15.4,70.0,open-meteo-20yr-avg
16,Seattle,2026-06-15,22,14.3,75.2,open-meteo-20yr-avg
16,Seattle,2026-06-16,10,15.3,72.7,open-meteo-20yr-avg
16,Seattle,2026-06-16,11,16.2,68.4,open-meteo-20yr-avg
16,Seattle,2026-06-16,12,17.1,63.5,open-meteo-20yr-avg
16,Seattle,2026-06-16,13,18.0,60.1,open-meteo-20yr-avg
16,Seattle,2026-06-16,14,18.6,57.1,open-meteo-20yr-avg
16,Seattle,2026-06-16,15,19.1,54.5,open-meteo-20yr-avg
16,Seattle,2026-06-16,16,19.5,52.6,open-meteo-20yr-avg
16,Seattle,2026-06-16,17,19.3,53.2,open-meteo-20yr-avg
16,Seattle,2026-06-16,18,18.9,55.5,open-meteo-20yr-avg
16,Seattle,2026-06-16,19,18.2,59.5,open-meteo-20yr-avg
16,Seattle,2026-06-16,20,17.2,65.4,open-meteo-20yr-avg
16,Seattle,2026-06-16,21,15.8,71.2,open-meteo-20yr-avg
16,Seattle,2026-06-16,22,14.8,74.6,open-meteo-20yr-avg
16,Seattle,2026-06-17,10,15.0,71.3,open-meteo-20yr-avg
16,Seattle,2026-06-17,11,15.9,66.9,open-meteo-20yr-avg
16,Seattle,2026-06-17,12,16.7,64.2,open-meteo-20yr-avg
16,Seattle,2026-06-17,13,17.6,60.9,open-meteo-20yr-avg
16,Seattle,2026-06-17,14,18.2,58.8,open-meteo-20yr-avg
16,Seattle,2026-06-17,15,18.6,57.2,open-meteo-20yr-avg
16,Seattle,2026-06-17,16,18.9,56.2,open-meteo-20yr-avg
16,Seattle,2026-06-17,17,18.7,57.1,open-meteo-20yr-avg
16,Seattle,2026-06-17,18,18.5,57.6,open-meteo-20yr-avg
16,Seattle,2026-06-17,19,17.9,60.1,open-meteo-20yr-avg
16,Seattle,2026-06-17,20,17.0,65.0,open-meteo-20yr-avg
16,Seattle,2026-06-17,21,15.8,69.3,open-meteo-20yr-avg
16,Seattle,2026-06-17,22,14.8,72.8,open-meteo-20yr-avg
16,Seattle,2026-06-18,10,15.0,72.6,open-meteo-20yr-avg
16,Seattle,2026-06-18,11,15.8,67.8,open-meteo-20yr-avg
16,Seattle,2026-06-18,12,16.6,65.2,open-meteo-20yr-avg
16,Seattle,2026-06-18,13,17.2,63.0,open-meteo-20yr-avg
16,Seattle,2026-06-18,14,17.9,60.5,open-meteo-20yr-avg
16,Seattle,2026-06-18,15,18.4,58.8,open-meteo-20yr-avg
16,Seattle,2026-06-18,16,18.7,57.4,open-meteo-20yr-avg
16,Seattle,2026-06-18,17,18.5,59.2,open-meteo-20yr-avg
16,Seattle,2026-06-18,18,18.2,59.7,open-meteo-20yr-avg
16,Seattle,2026-06-18,19,17.7,62.1,open-meteo-20yr-avg
16,Seattle,2026-06-18,20,16.8,66.5,open-meteo-20yr-avg
16,Seattle,2026-06-18,21,15.5,71.8,open-meteo-20yr-avg
16,Seattle,2026-06-18,22,14.5,75.5,open-meteo-20yr-avg
16,Seattle,2026-06-19,10,15.5,71.2,open-meteo-20yr-avg
16,Seattle,2026-06-19,11,16.5,66.8,open-meteo-20yr-avg
16,Seattle,2026-06-19,12,17.4,64.7,open-meteo-20yr-avg
16,Seattle,2026-06-19,13,18.3,60.8,open-meteo-20yr-avg
16,Seattle,2026-06-19,14,19.1,57.9,open-meteo-20yr-avg
16,Seattle,2026-06-19,15,19.7,55.3,open-meteo-20yr-avg
16,Seattle,2026-06-19,16,20.0,54.2,open-meteo-20yr-avg
16,Seattle,2026-06-19,17,19.9,54.6,open-meteo-20yr-avg
16,Seattle,2026-06-19,18,19.6,55.2,open-meteo-20yr-avg
16,Seattle,2026-06-19,19,18.9,58.4,open-meteo-20yr-avg
16,Seattle,2026-06-19,20,17.8,64.5,open-meteo-20yr-avg
16,Seattle,2026-06-19,21,16.4,69.1,open-meteo-20yr-avg
16,Seattle,2026-06-19,22,15.1,74.7,open-meteo-20yr-avg
16,Seattle,2026-06-20,10,16.1,70.8,open-meteo-20yr-avg
16,Seattle,2026-06-20,11,17.2,66.5,open-meteo-20yr-avg
16,Seattle,2026-06-20,12,18.0,63.5,open-meteo-20yr-avg
16,Seattle,2026-06-20,13,18.8,60.4,open-meteo-20yr-avg
16,Seattle,2026-06-20,14,19.3,59.4,open-meteo-20yr-avg
16,Seattle,2026-06-20,15,19.7,58.5,open-meteo-20yr-avg
16,Seattle,2026-06-20,16,20.0,57.5,open-meteo-20yr-avg
16,Seattle,2026-06-20,17,20.0,57.1,open-meteo-20yr-avg
16,Seattle,2026-06-20,18,19.8,57.8,open-meteo-20yr-avg
16,Seattle,2026-06-20,19,19.2,60.1,open-meteo-20yr-avg
16,Seattle,2026-06-20,20,18.2,64.3,open-meteo-20yr-avg
16,Seattle,2026-06-20,21,16.9,68.7,open-meteo-20yr-avg
16,Seattle,2026-06-20,22,15.8,72.3,open-meteo-20yr-avg
16,Seattle,2026-06-21,10,16.6,68.8,open-meteo-20yr-avg
16,Seattle,2026-06-21,11,17.6,65.7,open-meteo-20yr-avg
16,Seattle,2026-06-21,12,18.5,62.0,open-meteo-20yr-avg
16,Seattle,2026-06-21,13,19.3,58.9,open-meteo-20yr-avg
16,Seattle,2026-06-21,14,20.2,55.9,open-meteo-20yr-avg
16,Seattle,2026-06-21,15,20.7,54.0,open-meteo-20yr-avg
16,Seattle,2026-06-21,16,21.0,53.0,open-meteo-20yr-avg
16,Seattle,2026-06-21,17,20.9,53.3,open-meteo-20yr-avg
16,Seattle,2026-06-21,18,20.6,54.1,open-meteo-20yr-avg
16,Seattle,2026-06-21,19,20.0,56.8,open-meteo-20yr-avg
16,Seattle,2026-06-21,20,18.8,61.8,open-meteo-20yr-avg
16,Seattle,2026-06-21,21,17.2,67.2,open-meteo-20yr-avg
16,Seattle,2026-06-21,22,15.9,73.1,open-meteo-20yr-avg
16,Seattle,2026-06-22,10,16.2,68.7,open-meteo-20yr-avg
16,Seattle,2026-06-22,11,17.1,65.0,open-meteo-20yr-avg
16,Seattle,2026-06-22,12,17.8,63.6,open-meteo-20yr-avg
16,Seattle,2026-06-22,13,18.6,60.2,open-meteo-20yr-avg
16,Seattle,2026-06-22,14,19.3,57.8,open-meteo-20yr-avg
16,Seattle,2026-06-22,15,19.9,55.0,open-meteo-20yr-avg
16,Seattle,2026-06-22,16,20.4,53.2,open-meteo-20yr-avg
16,Seattle,2026-06-22,17,20.1,55.1,open-meteo-20yr-avg
16,Seattle,2026-06-22,18,20.1,55.7,open-meteo-20yr-avg
16,Seattle,2026-06-22,19,19.3,58.8,open-meteo-20yr-avg
16,Seattle,2026-06-22,20,18.1,64.0,open-meteo-20yr-avg
16,Seattle,2026-06-22,21,16.7,67.7,open-meteo-20yr-avg
16,Seattle,2026-06-22,22,15.6,72.7,open-meteo-20yr-avg
16,Seattle,2026-06-23,10,16.7,67.4,open-meteo-20yr-avg
16,Seattle,2026-06-23,11,17.8,63.3,open-meteo-20yr-avg
16,Seattle,2026-06-23,12,18.3,62.0,open-meteo-20yr-avg
16,Seattle,2026-06-23,13,19.1,58.6,open-meteo-20yr-avg
16,Seattle,2026-06-23,14,19.9,55.9,open-meteo-20yr-avg
16,Seattle,2026-06-23,15,20.5,53.7,open-meteo-20yr-avg
16,Seattle,2026-06-23,16,20.7,52.6,open-meteo-20yr-avg
16,Seattle,2026-06-23,17,20.4,53.0,open-meteo-20yr-avg
16,Seattle,2026-06-23,18,20.0,54.5,open-meteo-20yr-avg
16,Seattle,2026-06-23,19,19.2,57.4,open-meteo-20yr-avg
16,Seattle,2026-06-23,20,18.2,61.8,open-meteo-20yr-avg
16,Seattle,2026-06-23,21,16.9,67.2,open-meteo-20yr-avg
16,Seattle,2026-06-23,22,15.6,74.0,open-meteo-20yr-avg
16,Seattle,2026-06-24,10,16.8,70.5,open-meteo-20yr-avg
16,Seattle,2026-06-24,11,17.8,66.3,open-meteo-20yr-avg
16,Seattle,2026-06-24,12,18.8,62.3,open-meteo-20yr-avg
16,Seattle,2026-06-24,13,19.6,59.3,open-meteo-20yr-avg
16,Seattle,2026-06-24,14,20.3,56.6,open-meteo-20yr-avg
16,Seattle,2026-06-24,15,20.8,55.1,open-meteo-20yr-avg
16,Seattle,2026-06-24,16,21.0,54.0,open-meteo-20yr-avg
16,Seattle,2026-06-24,17,20.9,54.5,open-meteo-20yr-avg
16,Seattle,2026-06-24,18,20.3,56.5,open-meteo-20yr-avg
16,Seattle,2026-06-24,19,19.4,60.0,open-meteo-20yr-avg
16,Seattle,2026-06-24,20,18.4,63.6,open-meteo-20yr-avg
16,Seattle,2026-06-24,21,17.0,68.7,open-meteo-20yr-avg
16,Seattle,2026-06-24,22,15.9,73.0,open-meteo-20yr-avg
16,Seattle,2026-06-25,10,17.7,69.2,open-meteo-20yr-avg
16,Seattle,2026-06-25,11,18.7,65.1,open-meteo-20yr-avg
16,Seattle,2026-06-25,12,19.6,60.9,open-meteo-20yr-avg
16,Seattle,2026-06-25,13,20.6,57.0,open-meteo-20yr-avg
16,Seattle,2026-06-25,14,21.4,53.6,open-meteo-20yr-avg
16,Seattle,2026-06-25,15,22.1,51.1,open-meteo-20yr-avg
16,Seattle,2026-06-25,16,22.5,49.1,open-meteo-20yr-avg
16,Seattle,2026-06-25,17,22.5,49.9,open-meteo-20yr-avg
16,Seattle,2026-06-25,18,22.0,51.4,open-meteo-20yr-avg
16,Seattle,2026-06-25,19,21.2,54.5,open-meteo-20yr-avg
16,Seattle,2026-06-25,20,20.0,59.4,open-meteo-20yr-avg
16,Seattle,2026-06-25,21,18.4,64.8,open-meteo-20yr-avg
16,Seattle,2026-06-25,22,17.1,69.2,open-meteo-20yr-avg
16,Seattle,2026-06-26,10,17.9,67.8,open-meteo-20yr-avg
16,Seattle,2026-06-26,11,19.3,62.7,open-meteo-20yr-avg
16,Seattle,2026-06-26,12,20.2,59.6,open-meteo-20yr-avg
16,Seattle,2026-06-26,13,21.2,55.8,open-meteo-20yr-avg
16,Seattle,2026-06-26,14,22.0,53.2,open-meteo-20yr-avg
16,Seattle,2026-06-26,15,22.5,52.2,open-meteo-20yr-avg
16,Seattle,2026-06-26,16,22.7,51.5,open-meteo-20yr-avg
16,Seattle,2026-06-26,17,22.1,54.5,open-meteo-20yr-avg
16,Seattle,2026-06-26,18,21.6,55.9,open-meteo-20yr-avg
16,Seattle,2026-06-26,19,20.9,59.0,open-meteo-20yr-avg
16,Seattle,2026-06-26,20,19.9,63.1,open-meteo-20yr-avg
16,Seattle,2026-06-26,21,18.5,67.8,open-meteo-20yr-avg
16,Seattle,2026-06-26,22,17.4,70.8,open-meteo-20yr-avg
16,Seattle,2026-06-27,10,17.9,70.3,open-meteo-20yr-avg
16,Seattle,2026-06-27,11,18.9,66.1,open-meteo-20yr-avg
16,Seattle,2026-06-27,12,19.8,62.9,open-meteo-20yr-avg
16,Seattle,2026-06-27,13,20.7,60.3,open-meteo-20yr-avg
16,Seattle,2026-06-27,14,21.5,58.5,open-meteo-20yr-avg
16,Seattle,2026-06-27,15,22.2,55.7,open-meteo-20yr-avg
16,Seattle,2026-06-27,16,22.7,53.5,open-meteo-20yr-avg
16,Seattle,2026-06-27,17,22.5,53.9,open-meteo-20yr-avg
16,Seattle,2026-06-27,18,22.1,55.6,open-meteo-20yr-avg
16,Seattle,2026-06-27,19,21.5,57.8,open-meteo-20yr-avg
16,Seattle,2026-06-27,20,20.4,61.0,open-meteo-20yr-avg
16,Seattle,2026-06-27,21,19.0,67.6,open-meteo-20yr-avg
16,Seattle,2026-06-27,22,17.8,71.7,open-meteo-20yr-avg
